date,hiro_precip_total,hiro_precip_max_1h,hiro_precip_max_10m,hiro_temp_mean,hiro_temp_max,hiro_temp_min,hiro_humidity_mean,hiro_humidity_min,hiro_wind_mean,hiro_wind_max,hiro_gust_max,hiro_sunshine,hiro_snowfall,hiro_snow_depth,aomori_pressure_sea,aomori_pressure_diff,hiro_temp_diff,hiro_humidity_diff,today_晴,today_曇,today_雨,today_雪,season_sin,season_cos,target,target_text
2021-08-01,0.0,0.0,0.0,24.1,26.0,22.6,92,83.0,1.7,3.3,5.7,0.0,0,0,1003.2,,,,0.0,0.0,1.0,0.0,-0.4990686026885319,-0.8665624788845385,晴,晴時々曇
2021-08-02,0.0,0.0,0.0,27.5,34.5,21.6,81,50.0,1.5,4.5,7.7,12.3,0,0,1007.3,4.099999999999909,3.3999999999999986,-11.0,1.0,0.0,0.0,0.0,-0.5139010013093103,-0.8578494977869301,曇,曇時々晴、雷を伴う
2021-08-03,0.0,0.0,0.0,28.2,34.9,23.2,81,58.0,1.5,3.9,6.7,9.1,0,0,1010.6,3.300000000000068,0.6999999999999993,0.0,0.0,1.0,0.0,0.0,-0.5285813283559292,-0.8488826652214553,曇,曇後晴一時雨、雷を伴う
2021-08-04,2.0,2.0,1.5,27.6,33.5,24.0,82,56.0,1.4,3.8,7.9,9.1,0,0,1009.9,-0.7000000000000455,-0.5999999999999979,1.0,0.0,1.0,0.0,0.0,-0.5431052396834317,-0.8396646346181327,晴,晴時々曇
2021-08-05,0.0,0.0,0.0,27.7,32.8,23.1,83,63.0,1.6,4.1,7.8,12.1,0,0,1007.7,-2.199999999999932,0.09999999999999787,1.0,1.0,0.0,0.0,0.0,-0.5574684374327892,-0.8301981337405212,晴,晴、雷を伴う
2021-08-06,0.0,0.0,0.0,29.0,35.2,23.4,78,56.0,1.4,3.6,6.4,13.3,0,0,1006.2,-1.5,1.3000000000000007,-5.0,1.0,0.0,0.0,0.0,-0.5716666713027052,-0.8204859638785327,晴,晴時々曇
2021-08-07,0.0,0.0,0.0,29.0,35.6,23.6,79,53.0,1.6,4.0,6.9,10.4,0,0,1005.3,-0.900000000000091,0.0,1.0,1.0,0.0,0.0,0.0,-0.5856957398073508,-0.8105309990194823,曇,曇後晴一時雨
2021-08-08,0.0,0.0,0.0,27.9,34.0,23.1,83,56.0,1.6,4.7,9.1,9.1,0,0,1004.1,-1.1999999999999318,-1.1000000000000014,4.0,0.0,1.0,0.0,0.0,-0.5995514915196489,-0.8003361849976323,雨,雨時々曇
2021-08-09,1.5,1.0,0.5,23.4,25.8,21.3,87,75.0,2.0,4.3,7.9,0.0,0,0,1002.2,-1.8999999999999773,-4.5,4.0,0.0,0.0,1.0,0.0,-0.6132298262997502,-0.7899045386224707,雨,雨後時々曇
2021-08-10,30.5,7.0,2.5,20.0,22.7,18.3,91,78.0,2.5,5.2,9.8,0.2,0,0,997.8,-4.400000000000091,-3.3999999999999986,4.0,0.0,0.0,1.0,0.0,-0.6267266965083301,-0.7792391467859886,曇,曇時々雨
2021-08-11,2.0,1.0,0.5,19.3,23.3,17.0,92,72.0,1.3,3.6,5.8,0.9,0,0,1012.1,14.300000000000068,-0.6999999999999993,1.0,0.0,1.0,0.0,0.0,-0.6400381082043503,-0.7683431655492202,曇,曇時々雨
2021-08-12,0.0,0.5,0.0,19.3,23.8,16.3,85,71.0,1.4,3.2,6.2,0.2,0,0,1014.4,2.2999999999999545,0.0,-7.0,0.0,1.0,0.0,0.0,-0.65316012232693,-0.7572198192083127,曇,曇後一時雨
2021-08-13,0.0,0.0,0.0,18.8,22.0,15.1,79,67.0,2.0,4.4,8.5,0.0,0,0,1013.1,-1.2999999999999545,-0.5,-6.0,0.0,1.0,0.0,0.0,-0.666088855860977,-0.7458723993404063,雨,雨
2021-08-14,0.0,0.0,0.0,18.1,21.6,15.6,78,64.0,1.9,4.8,9.3,0.0,0,0,1012.2,-0.8999999999999773,-0.6999999999999993,-1.0,0.0,0.0,1.0,0.0,-0.6788204829862357,-0.734304263829602,曇,曇一時雨
2021-08-15,0.0,0.0,0.0,20.1,25.0,16.4,76,57.0,2.1,4.2,8.6,3.8,0,0,1014.9,2.699999999999932,2.0,-2.0,0.0,1.0,0.0,0.0,-0.6913512362094071,-0.722518835873311,曇,曇時々晴一時雨
2021-08-16,0.0,0.0,0.0,20.6,26.2,16.8,80,61.0,1.7,3.6,6.8,4.7,0,0,1017.6,2.7000000000000455,0.5,4.0,0.0,1.0,0.0,0.0,-0.7036774074790128,-0.7105196029692745,曇,曇時々晴
2021-08-17,11.0,4.5,1.5,20.8,25.8,16.0,86,64.0,1.3,3.1,6.0,2.9,0,0,1016.0,-1.6000000000000227,0.1999999999999993,6.0,0.0,1.0,0.0,0.0,-0.7157953492826642,-0.6983101158835584,雨,雨時々曇
2021-08-18,23.0,9.0,3.0,22.4,29.2,18.9,87,65.0,2.1,5.8,10.8,0.9,0,0,1008.3,-7.7000000000000455,1.5999999999999979,1.0,0.0,0.0,1.0,0.0,-0.7277014757264236,-0.6858939875998223,曇,曇一時雨
2021-08-19,0.0,0.0,0.0,22.4,27.1,18.8,84,62.0,1.6,4.6,7.9,3.7,0,0,1014.5,6.2000000000000455,0.0,-3.0,0.0,1.0,0.0,0.0,-0.7393922635959241,-0.673274892250183,晴,晴一時曇
2021-08-20,0.0,0.0,0.0,24.5,31.0,19.4,82,60.0,1.4,3.2,6.4,11.7,0,0,1017.8,3.2999999999999545,2.1000000000000014,-2.0,1.0,0.0,0.0,0.0,-0.7508642533989489,-0.6604565640279754,曇,曇後一時雨、雷を伴う
2021-08-21,0.5,0.5,0.5,23.1,27.8,19.8,92,75.0,1.2,2.6,5.1,1.6,0,0,1015.8,-2.0,-1.3999999999999986,10.0,0.0,1.0,0.0,0.0,-0.7621140503891487,-0.6474427960827475,雨,雨時々曇
2021-08-22,7.0,4.5,2.0,24.3,29.0,21.4,93,67.0,0.9,2.5,4.8,0.2,0,0,1011.4,-4.399999999999977,1.1999999999999993,1.0,0.0,0.0,1.0,0.0,-0.7731383255706027,-0.6342374393978054,曇,曇一時雨後晴、雷を伴う
2021-08-23,3.0,2.5,1.0,24.5,28.3,20.9,88,67.0,1.8,4.4,7.7,4.8,0,0,1009.9,-1.5,0.1999999999999993,-5.0,0.0,1.0,0.0,0.0,-0.7839338166829201,-0.620844401650647,曇,曇時々晴
2021-08-24,5.0,3.5,1.0,23.3,28.1,18.6,84,62.0,1.4,3.0,5.3,3.8,0,0,1010.3,0.39999999999997726,-1.1999999999999993,-4.0,0.0,1.0,0.0,0.0,-0.7944973291665992,-0.6072676460566135,雨,雨時々曇
2021-08-25,22.0,8.0,3.0,24.0,26.8,20.8,97,80.0,1.2,2.6,4.8,0.0,0,0,1005.6,-4.699999999999932,0.6999999999999993,13.0,0.0,0.0,1.0,0.0,-0.8048257371083452,-0.593511190196115,曇,曇一時晴後一時雨
2021-08-26,0.0,0.0,0.0,24.8,29.8,22.3,86,64.0,1.7,4.7,8.4,3.6,0,0,1009.6,4.0,0.8000000000000007,-11.0,0.0,1.0,0.0,0.0,-0.8149159841660791,-0.5795791048257612,曇,曇時々晴
2021-08-27,0.0,0.0,0.0,24.8,30.2,21.4,80,56.0,1.3,3.5,6.9,4.6,0,0,1011.1,1.5,0.0,-6.0,0.0,1.0,0.0,0.0,-0.8247650844733614,-0.5654755126737576,曇,曇時々晴一時雨
2021-08-28,0.5,0.5,0.5,23.3,29.3,20.1,78,57.0,1.8,4.5,8.7,4.6,0,0,1009.4,-1.7000000000000455,-1.5,-2.0,0.0,1.0,0.0,0.0,-0.8343701235229537,-0.5512045872199277,晴,晴後一時曇
2021-08-29,0.0,0.0,0.0,24.1,29.8,18.6,71,44.0,2.2,5.2,9.1,11.2,0,0,1011.0,1.6000000000000227,0.8000000000000007,-7.0,1.0,0.0,0.0,0.0,-0.8437282590292712,-0.5367705514607103,曇,曇一時雨後晴
2021-08-30,0.0,0.0,0.0,24.0,29.0,19.2,74,54.0,2.2,5.2,10.3,8.7,0,0,1011.0,0.0,-0.10000000000000142,3.0,0.0,1.0,0.0,0.0,-0.8528367217694595,-0.522177676659508,曇,曇時々晴
2021-08-31,0.0,0.0,0.0,21.1,26.4,16.5,75,53.0,2.2,4.7,9.9,9.0,0,0,1013.0,2.0,-2.8999999999999986,1.0,0.0,1.0,0.0,0.0,-0.8616928164028521,-0.5074302810827518,曇,曇時々晴
2021-09-01,0.0,0.0,0.0,19.6,24.8,15.0,77,54.0,1.6,4.4,7.4,5.0,0,0,1012.7,-0.2999999999999545,-1.5,2.0,0.0,1.0,0.0,0.0,-0.8702939222685674,-0.49253272872205434,晴,晴
2021-09-02,0.0,0.0,0.0,20.2,26.9,14.6,77,53.0,1.8,4.3,7.1,11.2,0,0,1011.1,-1.6000000000000227,0.5999999999999979,0.0,1.0,0.0,0.0,0.0,-0.8786374941610001,-0.4774894280028391,晴,晴後一時曇
2021-09-03,0.0,0.0,0.0,20.3,27.8,14.4,73,37.0,2.0,4.4,8.7,10.0,0,0,1012.9,1.7999999999999545,0.10000000000000142,-4.0,1.0,0.0,0.0,0.0,-0.886721063082993,-0.46230483047981086,曇,曇時々晴
2021-09-04,0.0,0.0,0.0,19.5,25.3,14.3,73,46.0,2.3,5.4,10.4,3.9,0,0,1017.0,4.100000000000023,-0.8000000000000007,0.0,0.0,1.0,0.0,0.0,-0.8945422369764496,-0.4469834295196742,雨,雨時々曇後晴
2021-09-05,0.0,0.0,0.0,18.9,25.9,13.5,74,43.0,2.2,4.5,9.8,6.7,0,0,1020.4,3.3999999999999773,-0.6000000000000014,1.0,0.0,0.0,1.0,0.0,-0.9020987014301837,-0.4315297589714715,晴,晴後一時曇
2021-09-06,0.0,0.0,0.0,17.7,24.3,11.9,76,52.0,1.7,3.7,7.7,9.4,0,0,1020.3,-0.10000000000002274,-1.1999999999999993,2.0,1.0,0.0,0.0,0.0,-0.9093882203647925,-0.4159483918249421,晴,晴時々曇
2021-09-07,0.0,0.0,0.0,18.0,25.2,11.3,73,39.0,1.9,4.2,8.8,10.0,0,0,1018.0,-2.2999999999999545,0.3000000000000007,-3.0,1.0,0.0,0.0,0.0,-0.9164086366943458,-0.4002439388573056,曇,曇一時雨
2021-09-08,1.5,1.5,1.0,17.8,21.1,14.4,80,60.0,1.3,3.0,5.1,0.0,0,0,1012.7,-5.2999999999999545,-0.1999999999999993,7.0,0.0,1.0,0.0,0.0,-0.9231578729647039,-0.38442104726885545,曇,曇後雨一時晴、雷を伴う
2021-09-09,17.0,7.0,3.5,21.1,28.4,16.2,90,63.0,1.3,3.7,6.9,2.1,0,0,1011.2,-1.5,3.3000000000000007,10.0,0.0,1.0,0.0,0.0,-0.9296339319682695,-0.3684843993077793,曇,曇時々晴
2021-09-10,0.0,0.0,0.0,21.0,26.8,17.3,85,58.0,1.3,3.7,6.5,5.3,0,0,1014.2,3.0,-0.10000000000000142,-5.0,0.0,1.0,0.0,0.0,-0.9358348973349941,-0.35243871088460327,晴,晴
2021-09-11,0.0,0.0,0.0,21.6,28.3,16.3,83,57.0,1.6,4.1,6.8,11.0,0,0,1011.9,-2.300000000000068,0.6000000000000014,-2.0,1.0,0.0,0.0,0.0,-0.9417589340994617,-0.33628873017668287,晴,晴後雨一時曇、雷を伴う
2021-09-12,1.0,0.5,0.5,21.1,28.5,16.5,80,52.0,2.0,4.9,9.7,7.3,0,0,1008.6,-3.2999999999999545,-0.5,-3.0,1.0,0.0,0.0,0.0,-0.9474042892438845,-0.32003923622313857,雨,雨後曇時々晴
2021-09-13,0.0,0.0,0.0,19.6,24.1,16.7,75,51.0,2.2,4.7,9.6,4.9,0,0,1015.8,7.199999999999932,-1.5,-5.0,0.0,0.0,1.0,0.0,-0.9527692922168511,-0.30369503751065885,曇,曇後晴
2021-09-14,0.5,0.5,0.5,17.5,22.9,14.3,81,55.0,1.4,3.3,6.1,6.6,0,0,1019.7,3.900000000000091,-2.1000000000000014,6.0,0.0,1.0,0.0,0.0,-0.9578523554276669,-0.28726097055059635,曇,曇時々晴一時雨
2021-09-15,0.0,0.0,0.0,17.2,23.7,12.9,80,54.0,1.8,4.9,9.2,7.2,0,0,1018.7,-1.0,-0.3000000000000007,-1.0,0.0,1.0,0.0,0.0,-0.9626519747161487,-0.2707418984477642,晴,晴後時々曇
2021-09-16,0.0,0.0,0.0,17.8,24.3,11.7,73,49.0,2.2,4.3,8.7,9.6,0,0,1018.4,-0.3000000000000682,0.6000000000000014,-7.0,1.0,0.0,0.0,0.0,-0.9671667297977312,-0.2541427094613622,曇,曇時々晴
2021-09-17,1.0,1.0,0.5,18.8,25.4,13.7,80,51.0,1.4,4.1,6.9,3.7,0,0,1014.5,-3.8999999999999773,1.0,7.0,0.0,1.0,0.0,0.0,-0.97139528468375,-0.23746831555846842,雨,雨時々曇
2021-09-18,10.5,3.0,1.0,18.7,21.8,16.3,96,84.0,1.0,2.9,5.2,0.0,0,0,1010.0,-4.5,-0.10000000000000142,16.0,0.0,0.0,1.0,0.0,-0.9753363880767837,-0.2207236509605022,晴,晴後一時曇
2021-09-19,0.0,0.0,0.0,19.3,25.8,13.4,80,52.0,1.7,4.4,8.2,11.1,0,0,1015.0,5.0,0.6000000000000014,-16.0,1.0,0.0,0.0,0.0,-0.9789888737409319,-0.20391367068311472,晴,晴時々曇
2021-09-20,0.0,0.0,0.0,18.9,25.8,14.0,77,53.0,1.5,3.7,6.2,9.9,0,0,1018.1,3.1000000000000227,-0.40000000000000213,-3.0,1.0,0.0,0.0,0.0,-0.9823516608469237,-0.18704334906991657,晴,晴時々曇
2021-09-21,0.0,0.0,0.0,20.6,29.3,13.5,75,32.0,1.3,3.3,5.9,9.8,0,0,1014.1,-4.0,1.7000000000000028,-2.0,1.0,0.0,0.0,0.0,-0.9854237542919524,-0.17011767832049052,雨,雨時々晴後曇
2021-09-22,0.5,0.5,0.5,21.9,28.5,15.4,79,45.0,1.5,4.7,8.2,3.9,0,0,1008.3,-5.800000000000068,1.2999999999999972,4.0,0.0,0.0,1.0,0.0,-0.9882042449941422,-0.15314166701312007,雨,雨時々曇後晴、雷を伴う
2021-09-23,0.5,0.5,0.5,21.3,26.7,17.1,80,54.0,1.9,5.5,10.1,5.1,0,0,1009.8,1.5,-0.5999999999999979,1.0,0.0,0.0,1.0,0.0,-0.9906923101615609,-0.13612033862266704,雨,雨時々曇
2021-09-24,3.0,1.5,1.0,18.2,22.2,15.1,86,62.0,2.0,4.7,9.6,1.2,0,0,1019.3,9.5,-3.1000000000000014,6.0,0.0,0.0,1.0,0.0,-0.9928872135356962,-0.11905873003404988,晴,晴
2021-09-25,0.0,0.0,0.0,16.4,23.1,11.7,80,52.0,1.5,4.1,7.1,11.2,0,0,1026.8,7.5,-1.8000000000000007,-6.0,1.0,0.0,0.0,0.0,-0.994788305609327,-0.10196189005174576,曇,曇時々晴
2021-09-26,0.0,0.0,0.0,17.1,24.9,10.9,77,45.0,1.5,3.5,6.5,8.2,0,0,1022.7,-4.099999999999909,0.7000000000000028,-3.0,0.0,1.0,0.0,0.0,-0.9963950238187231,-0.08483487790576538,晴,晴
2021-09-27,0.0,0.0,0.0,17.6,25.8,10.8,76,38.0,1.4,3.5,7.3,11.0,0,0,1019.7,-3.0,0.5,-1.0,1.0,0.0,0.0,0.0,-0.9977068927101168,-0.06768276175455162,晴,晴時々曇
2021-09-28,,,,17.0,,,83,,1.5,2.9,5.5,9.3,0,0,1017.6,-2.1000000000000227,-0.6000000000000014,7.0,1.0,0.0,0.0,0.0,-0.9987235240803972,-0.050510617185222886,曇,曇後晴一時雨
2021-09-29,0.0,0.0,0.0,19.7,28.1,12.8,76,41.0,1.4,3.8,7.5,8.0,0,0,1013.8,-3.800000000000068,2.6999999999999993,-7.0,0.0,1.0,0.0,0.0,-0.9994446170919858,-0.033323525711631344,曇,曇一時晴後雨
2021-09-30,10.5,10.0,5.0,21.9,25.3,18.9,80,57.0,2.2,4.8,9.7,0.0,0,0,1007.0,-6.7999999999999545,2.1999999999999993,4.0,0.0,1.0,0.0,0.0,-0.9998699583618592,-0.016126573270657762,雨,雨時々曇、霧を伴う
2021-10-01,12.5,5.0,1.5,18.7,21.7,15.5,96,72.0,1.0,2.4,4.6,0.0,0,0,1007.1,0.10000000000002274,-3.1999999999999993,16.0,0.0,0.0,1.0,0.0,-0.9999994220246925,0.001075151282798226,曇,曇一時雨後晴
2021-10-02,0.5,0.5,0.5,18.0,24.0,14.5,74,29.0,1.8,5.4,15.2,8.6,0,0,1008.8,1.6999999999999318,-0.6999999999999993,-22.0,0.0,1.0,0.0,0.0,-0.999832969770105,0.018276557681691223,晴,晴
2021-10-03,0.0,0.0,0.0,17.6,24.0,11.6,67,36.0,2.2,4.5,8.2,11.1,0,0,1021.2,12.400000000000091,-0.3999999999999986,-7.0,1.0,0.0,0.0,0.0,-0.9993706508539969,0.03547255575312556,晴,晴後一時曇
2021-10-04,0.0,0.0,0.0,22.5,28.6,13.3,63,42.0,2.8,7.1,12.7,10.2,0,0,1019.7,-1.5,4.899999999999999,-4.0,1.0,0.0,0.0,0.0,-0.9986126020839734,0.052658056924614005,雨,雨時々曇
2021-10-05,31.5,6.5,2.0,18.0,23.0,14.2,90,66.0,1.6,3.4,6.3,0.0,0,0,1018.3,-1.400000000000091,-4.5,27.0,0.0,0.0,1.0,0.0,-0.9975590477788613,0.06982797572987089,曇,曇一時雨後晴
2021-10-06,4.0,3.0,1.0,14.8,19.9,10.8,81,52.0,1.7,4.3,8.3,7.4,0,0,1020.1,1.8000000000000682,-3.1999999999999993,-9.0,0.0,1.0,0.0,0.0,-0.9962102997023297,0.0869772313136861,曇,曇後時々雨
2021-10-07,3.5,1.5,1.0,13.6,19.5,8.6,84,57.0,1.4,2.6,4.6,1.2,0,0,1020.0,-0.10000000000002274,-1.200000000000001,3.0,0.0,1.0,0.0,0.0,-0.9945667569706337,0.1041007489354256,曇,曇時々雨
2021-10-08,6.5,4.5,2.5,15.6,20.0,13.1,90,68.0,1.1,3.2,5.8,0.0,0,0,1021.2,1.2000000000000455,2.0,6.0,0.0,1.0,0.0,0.0,-0.9926289059345095,0.12119346147073601,晴,晴後一時曇
2021-10-09,0.0,0.0,0.0,15.0,22.0,9.6,75,35.0,1.5,2.6,5.2,10.0,0,0,1028.2,7.0,-0.5999999999999996,-15.0,1.0,0.0,0.0,0.0,-0.9903973200352558,0.13825031091098192,晴,晴時々曇
2021-10-10,0.0,0.0,0.0,20.4,27.2,9.5,72,56.0,2.6,5.6,10.3,7.9,0,0,1019.3,-8.900000000000091,5.399999999999999,-3.0,1.0,0.0,0.0,0.0,-0.9878726596350429,0.15526624985999563,雨,雨時々曇
2021-10-11,11.5,4.5,2.5,17.6,25.5,13.2,87,59.0,2.3,6.8,12.5,0.0,0,0,1016.3,-3.0,-2.799999999999997,15.0,0.0,0.0,1.0,0.0,-0.9850556718215013,0.172236243027682,晴,晴時々曇
2021-10-12,0.0,0.0,0.0,14.1,19.7,10.2,79,45.0,1.5,3.2,6.5,8.2,0,0,1026.9,10.600000000000136,-3.5000000000000018,-8.0,1.0,0.0,0.0,0.0,-0.981947190186646,0.18915526872004093,晴,晴後時々曇
2021-10-13,0.0,0.0,0.0,14.1,20.5,8.7,80,55.0,1.9,4.2,7.8,5.7,0,0,1025.8,-1.1000000000001364,0.0,1.0,1.0,0.0,0.0,0.0,-0.9785481345802031,0.20601832032517084,曇,曇一時雨後晴
2021-10-14,0.0,0.0,0.0,14.9,22.5,9.0,83,58.0,1.7,3.8,6.5,8.1,0,0,1018.5,-7.2999999999999545,0.8000000000000007,3.0,0.0,1.0,0.0,0.0,-0.9748595108374125,0.22282040779479959,雨,雨時々曇
2021-10-15,1.5,1.0,1.0,14.3,17.0,9.5,89,70.0,1.3,2.8,5.9,0.0,0,0,1015.5,-3.0,-0.5999999999999996,6.0,0.0,0.0,1.0,0.0,-0.9708824104813836,0.2395565591209271,雨,雨時々曇
2021-10-16,8.0,2.5,1.5,11.6,13.6,9.4,91,68.0,1.6,4.5,8.0,0.0,0,0,1014.4,-1.1000000000000227,-2.700000000000001,2.0,0.0,0.0,1.0,0.0,-0.9666180104000972,0.2562218218071163,雨,雨後曇一時晴
2021-10-17,10.0,3.0,1.0,7.6,12.8,4.6,85,59.0,2.7,5.4,14.0,1.0,0,0,1015.9,1.5,-4.0,-6.0,0.0,0.0,1.0,0.0,-0.9620675724981452,0.27281126433401914,曇,曇時々雨一時晴
2021-10-18,2.5,1.0,0.5,7.3,12.1,3.7,86,57.0,1.3,2.6,4.5,2.4,0,0,1024.0,8.100000000000023,-0.2999999999999998,1.0,0.0,1.0,0.0,0.0,-0.957232443323312,0.2893199776186952,晴,晴後時々曇
2021-10-19,2.0,2.0,1.0,10.3,18.0,3.2,82,46.0,1.3,2.7,5.3,3.8,0,0,1015.2,-8.799999999999955,3.000000000000001,-4.0,1.0,0.0,0.0,0.0,-0.9521140536681102,0.3057430764672831,雨,雨時々曇
2021-10-20,22.5,9.0,3.5,11.4,15.3,8.7,92,67.0,1.8,4.4,9.9,0.0,0,0,1002.8,-12.400000000000091,1.0999999999999996,10.0,0.0,0.0,1.0,0.0,-0.9467139181463862,0.3220757010206104,雨,雨時々曇、雷を伴う
2021-10-21,14.0,3.0,1.0,7.9,11.4,5.2,86,58.0,2.6,6.1,12.6,2.7,0,0,1014.9,12.100000000000023,-3.5,-6.0,0.0,0.0,1.0,0.0,-0.9410336347451197,0.3383130181923075,晴,晴後雨時々曇
2021-10-22,1.0,0.5,0.5,8.0,12.5,3.4,82,50.0,1.2,3.0,5.5,3.0,0,0,1017.6,2.7000000000000455,0.09999999999999964,-4.0,1.0,0.0,0.0,0.0,-0.9350748843515574,0.3544502230989869,曇,曇時々雨一時晴、雷を伴う
2021-10-23,19.5,5.5,1.5,6.6,8.3,4.7,92,79.0,1.9,4.2,7.9,0.8,0,0,1019.4,1.7999999999999545,-1.4000000000000004,10.0,0.0,1.0,0.0,0.0,-0.9288394302558068,0.3704825404820963,晴,晴
2021-10-24,0.0,0.0,0.0,11.7,18.4,7.1,78,46.0,1.9,3.7,7.7,9.2,0,0,1023.9,4.5,5.1,-14.0,1.0,0.0,0.0,0.0,-0.9223291176290545,0.3864052261209853,曇,曇時々晴
2021-10-25,0.0,0.0,0.0,12.4,20.5,6.0,81,32.0,1.4,3.8,6.3,8.3,0,0,1024.3,0.39999999999997726,0.7000000000000011,3.0,0.0,1.0,0.0,0.0,-0.9155458729775467,0.40221356823680365,曇,曇後雨時々晴
2021-10-26,0.0,0.0,0.0,11.6,15.7,8.6,90,73.0,0.9,2.0,3.2,0.0,0,0,1018.2,-6.099999999999909,-0.8000000000000007,9.0,0.0,1.0,0.0,0.0,-0.9084917035725082,0.41790288888678667,曇,曇時々雨一時晴
2021-10-27,8.0,7.0,2.0,12.6,18.9,7.0,82,42.0,1.4,3.6,6.2,3.9,0,0,1014.2,-4.0,1.0,-8.0,0.0,1.0,0.0,0.0,-0.9011686968561569,0.4334685453485363,晴,晴時々雨、雷を伴う
2021-10-28,7.5,3.0,2.5,10.6,16.9,7.1,85,38.0,2.0,7.1,13.5,6.2,0,0,1015.0,0.7999999999999545,-2.0,3.0,1.0,0.0,0.0,0.0,-0.8935790198239952,0.4489059314938798,晴,晴時々曇
2021-10-29,3.5,1.5,1.0,10.4,15.8,7.0,86,51.0,1.5,3.2,7.2,3.3,0,0,1022.3,7.2999999999999545,-0.1999999999999993,1.0,1.0,0.0,0.0,0.0,-0.8857249183835637,0.4642104791518923,曇,曇時々晴
2021-10-30,0.0,0.0,0.0,10.7,16.4,6.4,79,50.0,1.4,2.9,5.6,7.9,0,0,1025.5,3.2000000000000455,0.29999999999999893,-7.0,0.0,1.0,0.0,0.0,-0.8776087166898392,0.4793776594606945,曇,曇後一時雨
2021-10-31,0.0,0.0,0.0,11.3,17.4,5.8,83,49.0,1.1,2.1,3.8,0.5,0,0,1023.9,-1.6000000000000227,0.6000000000000014,4.0,0.0,1.0,0.0,0.0,-0.8692328164574792,0.4944029842076182,晴,晴時々曇
2021-11-01,0.0,0.0,0.0,12.5,18.3,8.7,82,47.0,1.4,2.8,5.6,8.3,0,0,1021.9,-2.0,1.1999999999999993,-1.0,1.0,0.0,0.0,0.0,-0.8605996962501181,0.5092820071573356,晴,晴後曇一時雨、雷を伴う
2021-11-02,5.5,4.5,1.5,12.6,19.9,7.7,83,48.0,1.5,3.8,7.0,5.7,0,0,1015.8,-6.100000000000023,0.09999999999999964,1.0,1.0,0.0,0.0,0.0,-0.8517119107469189,0.5240103253675756,晴,晴後曇一時雨
2021-11-03,0.5,0.5,0.5,11.9,18.0,7.5,87,50.0,1.7,4.0,7.9,5.1,0,0,1013.1,-2.699999999999932,-0.6999999999999993,4.0,1.0,0.0,0.0,0.0,-0.8425720899866032,0.5385835804920232,曇,曇後晴一時雨
2021-11-04,3.0,2.0,1.0,11.6,16.0,8.6,84,48.0,1.6,3.7,7.9,4.9,0,0,1014.6,1.5,-0.3000000000000007,-3.0,0.0,1.0,0.0,0.0,-0.8331829385891785,0.5529974600700271,晴,晴時々曇
2021-11-05,2.0,1.5,0.5,10.8,16.4,6.5,86,52.0,1.5,4.4,7.5,5.8,0,0,1018.8,4.199999999999932,-0.7999999999999989,2.0,1.0,0.0,0.0,0.0,-0.8235472349556007,0.5672476988027229,晴,晴
2021-11-06,0.0,0.0,0.0,9.7,16.6,4.0,85,49.0,1.3,3.2,5.7,8.9,0,0,1022.1,3.300000000000068,-1.1000000000000014,-1.0,1.0,0.0,0.0,0.0,-0.8136678304455991,0.5813300798152042,晴,晴後時々曇
2021-11-07,0.0,0.0,0.0,10.2,17.1,4.4,79,47.0,1.4,2.7,4.6,8.3,0,0,1025.0,2.8999999999999773,0.5,-6.0,1.0,0.0,0.0,0.0,-0.8035476485339116,0.5952404359043674,晴,晴後時々曇
2021-11-08,0.0,0.0,0.0,12.0,20.9,4.7,77,42.0,1.6,4.1,7.6,7.6,0,0,1021.8,-3.2000000000000455,1.8000000000000007,-2.0,1.0,0.0,0.0,0.0,-0.7931896839451843,0.6089746507720486,雨,雨時々曇
2021-11-09,27.0,10.0,2.5,15.0,20.9,10.4,82,54.0,1.7,4.9,10.7,0.0,0,0,1007.3,-14.5,3.0,5.0,0.0,0.0,1.0,0.0,-0.7825970017677834,0.6225286602431057,曇,曇時々晴後雨
2021-11-10,20.5,5.5,1.5,11.0,16.1,8.9,88,54.0,1.8,3.5,6.6,3.1,0,0,997.4,-9.899999999999977,-4.0,6.0,0.0,1.0,0.0,0.0,-0.7717727365467837,0.6358984534680745,雨,雨時々曇
2021-11-11,9.5,2.0,1.0,8.7,11.5,6.6,89,67.0,1.4,4.2,8.5,0.6,0,0,1001.2,3.800000000000068,-2.3000000000000007,1.0,0.0,0.0,1.0,0.0,-0.7607200913564104,0.6490800741100398,雨,雨時々曇一時晴、雷を伴う
2021-11-12,9.0,2.5,1.5,6.7,9.0,4.3,96,87.0,1.3,4.5,7.9,0.5,0,0,1007.1,5.899999999999977,-1.9999999999999991,7.0,0.0,0.0,1.0,0.0,-0.7494423368521953,0.6620696215153815,雨,雨時々曇一時晴
2021-11-13,1.5,0.5,0.5,8.4,13.2,5.3,82,45.0,1.9,5.7,10.5,3.8,0,0,1014.3,7.199999999999932,1.7000000000000002,-14.0,0.0,0.0,1.0,0.0,-0.7379428103031386,0.6748632518680403,雨,雨時々曇
2021-11-14,7.5,4.0,1.5,9.7,15.0,6.2,95,72.0,1.3,3.1,5.9,0.6,0,0,1014.2,-0.09999999999990905,1.299999999999999,13.0,0.0,0.0,1.0,0.0,-0.7262249146041543,0.6874571793269664,曇,曇後雨時々晴
2021-11-16,0.0,0.0,0.0,6.6,11.1,2.8,70,47.0,2.2,4.2,8.3,1.5,0,0,1019.8,3.699999999999932,-2.0999999999999996,-6.0,,,,,-0.7021479494046978,0.712031078778713,曇,曇時々雨後晴
2021-11-17,0.0,0.0,0.0,6.5,11.5,1.5,71,42.0,1.9,4.4,8.6,4.6,0,0,1021.3,1.5,-0.09999999999999964,1.0,0.0,1.0,0.0,0.0,-0.6897960046655887,0.7240037789593305,曇,曇後雨時々晴
2021-11-18,3.0,2.0,1.0,7.8,15.9,1.1,85,40.0,1.6,5.2,10.4,1.4,0,0,1016.3,-5.0,1.2999999999999998,14.0,0.0,1.0,0.0,0.0,-0.6772399381909491,0.7357622347736525,雨,雨時々晴一時曇、雷を伴う
2021-11-19,10.5,2.0,1.0,11.1,17.8,7.5,81,44.0,2.2,5.6,13.6,3.6,0,0,1013.1,-3.199999999999932,3.3,-4.0,0.0,0.0,1.0,0.0,-0.6644834655228552,0.7473029667054297,曇,曇時々晴
2021-11-20,0.0,0.0,0.0,6.6,10.8,3.2,67,41.0,1.6,3.7,7.7,6.4,0,0,1021.2,8.100000000000023,-4.5,-14.0,0.0,1.0,0.0,0.0,-0.6515303615068021,0.75862255966641,曇,曇一時晴
2021-11-21,0.0,0.0,0.0,6.6,11.2,1.5,79,51.0,1.4,3.1,4.9,3.4,0,0,1022.2,1.0,0.0,12.0,0.0,1.0,0.0,0.0,-0.6383844591746642,0.769717664006921,曇,曇後時々雨
2021-11-22,7.5,3.0,1.5,9.5,15.3,5.4,90,72.0,1.7,3.5,7.4,0.0,0,0,1005.6,-16.600000000000023,2.9000000000000004,11.0,0.0,1.0,0.0,0.0,-0.6250496486104377,0.7805849965070866,雨,雨
2021-11-23,9.0,2.0,1.0,4.5,8.3,2.2,88,65.0,2.0,5.2,10.4,0.1,0,0,1000.5,-5.100000000000023,-5.0,-2.0,0.0,0.0,1.0,0.0,-0.6115298757991053,0.7912213413483807,雪,みぞれ時々雨
2021-11-24,2.5,0.5,0.5,2.6,4.5,1.9,91,75.0,2.1,5.1,10.2,0.1,0,0,1004.0,3.5,-1.9,3.0,0.0,0.0,0.0,1.0,-0.5978291414589552,0.801623551065242,雨,雨、みぞれを伴う
2021-11-25,2.5,0.5,0.5,3.3,6.1,1.5,90,78.0,2.0,5.1,10.5,0.8,0,0,1008.5,4.5,0.6999999999999997,-1.0,0.0,0.0,1.0,0.0,-0.5839514998576998,0.8117885474764613,雪,みぞれ後一時雨一時曇
2021-11-26,8.5,2.5,1.0,2.2,5.0,1.0,92,69.0,1.7,4.7,10.2,2.4,0,0,1013.2,4.7000000000000455,-1.0999999999999996,2.0,0.0,0.0,0.0,1.0,-0.5699010576127624,0.821713322596059,雪,みぞれ後曇時々雨、雷を伴う
2021-11-27,15.0,3.5,1.0,2.7,5.0,0.8,94,74.0,2.2,4.4,7.6,0.9,0,0,1019.7,6.5,0.5,2.0,0.0,0.0,0.0,1.0,-0.5556819724760489,0.8313949395234058,晴,晴一時曇、みぞれを伴う
2021-11-28,5.5,2.5,1.0,4.1,9.4,1.1,83,44.0,2.0,4.2,9.7,6.0,0,0,1028.9,9.200000000000045,1.3999999999999995,-11.0,1.0,0.0,0.0,0.0,-0.5412984521036173,0.8408305333122887,曇,曇時々晴一時雨
2021-11-29,2.0,1.0,0.5,6.3,11.9,0.7,86,60.0,1.4,3.7,6.4,1.5,0,0,1024.7,-4.2000000000000455,2.2,3.0,0.0,1.0,0.0,0.0,-0.5267547528105542,0.8500173118187018,晴,晴時々曇
2021-11-30,1.0,0.5,0.5,8.6,14.4,4.0,87,47.0,1.6,6.0,9.7,4.4,0,0,1016.4,-8.300000000000068,2.3,1.0,1.0,0.0,0.0,0.0,-0.5120551783114646,0.8589525565270845,雨,雨後みぞれ時々曇
2021-12-01,13.5,2.5,1.0,7.3,13.5,1.1,76,46.0,3.1,7.7,15.4,0.7,0,0,997.0,-19.399999999999977,-1.2999999999999998,-11.0,0.0,0.0,1.0,0.0,-0.4972040784469378,0.8676336233547726,雪,雪後時々曇、みぞれを伴う
2021-12-02,2.0,0.5,0.5,1.3,4.5,-1.4,81,44.0,2.8,7.4,16.3,0.4,1,1,1009.3,12.299999999999955,-6.0,5.0,0.0,0.0,0.0,1.0,-0.4822058478963526,0.8760579434344281,雨,雨時々晴一時曇
2021-12-03,11.5,3.0,1.5,7.2,12.4,3.8,83,52.0,2.3,6.5,12.9,4.9,0,0,1009.6,0.3000000000000682,5.9,2.0,0.0,0.0,1.0,0.0,-0.46706492487743034,0.8842230238742036,雪,みぞれ時々曇一時雨後時々雪
2021-12-04,9.0,4.5,1.0,1.5,5.3,-1.2,93,65.0,1.6,5.5,10.7,0.1,7,7,1013.2,3.6000000000000227,-5.7,10.0,0.0,0.0,0.0,1.0,-0.451785789832884,0.8921264484954345,雪,雪時々曇
2021-12-05,3.0,2.5,1.0,0.7,3.1,-2.0,90,69.0,1.6,3.8,7.8,0.0,4,11,1028.1,14.899999999999864,-0.8,-3.0,0.0,0.0,0.0,1.0,-0.4363729641045924,0.8997658785476209,晴,晴時々曇
2021-12-06,0.0,0.0,0.0,4.0,8.7,0.9,91,62.0,1.0,2.7,4.6,2.1,0,1,1028.5,0.40000000000009095,3.3,1.0,1.0,0.0,0.0,0.0,-0.42083100859565564,0.9071390534005044,曇,曇時々晴
2021-12-07,0.0,0.0,0.0,8.0,12.9,3.7,90,70.0,1.1,2.5,4.1,5.0,0,0,1024.8,-3.7000000000000455,4.0,-1.0,0.0,1.0,0.0,0.0,-0.4051645224207563,0.9142437912130223,曇,曇
2021-12-08,0.0,0.0,0.0,6.6,9.0,2.1,85,73.0,1.7,3.8,7.5,0.0,0,0,1026.5,1.7000000000000455,-1.4000000000000004,-5.0,0.0,1.0,0.0,0.0,-0.3893781415452015,0.9210779895789526,晴,晴
2021-12-09,0.0,0.0,0.0,3.7,10.5,-0.3,85,54.0,1.5,2.6,4.2,8.1,0,0,1031.0,4.5,-2.8999999999999995,0.0,1.0,0.0,0.0,0.0,-0.37347653741307074,0.9276396261490467,晴,晴後時々曇
2021-12-10,0.0,0.0,0.0,2.7,9.7,-2.2,80,44.0,1.2,2.3,4.0,7.4,0,0,1025.8,-5.2000000000000455,-1.0,-5.0,1.0,0.0,0.0,0.0,-0.3574644155648614,0.9339267592294762,曇,曇時々晴一時雨
2021-12-11,0.0,0.0,0.0,5.9,12.6,0.2,80,53.0,1.9,5.0,9.7,3.9,0,0,1020.4,-5.399999999999977,3.2,0.0,0.0,1.0,0.0,0.0,-0.34134651424503615,0.9399375283564133,雨,雨時々曇
2021-12-12,3.0,1.0,0.5,5.5,10.1,1.2,90,72.0,1.8,5.9,11.7,0.0,0,0,1010.2,-10.199999999999932,-0.40000000000000036,10.0,0.0,0.0,1.0,0.0,-0.3251276029999093,0.9456701548465688,雪,雪
2021-12-13,5.0,1.0,0.5,-0.5,2.1,-3.0,77,46.0,4.4,9.4,16.1,0.0,4,3,1010.2,0.0,-6.0,-13.0,0.0,0.0,0.0,1.0,-0.30881248126625377,0.9511229423235357,雪,みぞれ後雨時々曇
2021-12-14,5.5,3.0,1.0,4.0,7.4,0.6,79,44.0,1.9,5.8,9.9,1.9,0,2,1016.8,6.599999999999909,4.5,2.0,0.0,0.0,0.0,1.0,-0.29240597695107734,0.9562942772197719,雨,雨時々曇
2021-12-15,7.5,5.0,1.5,4.8,9.4,2.7,79,52.0,1.7,5.2,10.8,1.4,0,0,1015.3,-1.5,0.7999999999999998,0.0,0.0,0.0,1.0,0.0,-0.27591294500296043,0.9611826292540837,雨,雨時々曇
2021-12-16,1.5,1.5,0.5,3.3,6.1,0.8,92,74.0,1.1,2.5,4.2,0.0,0,0,1015.2,-0.09999999999990905,-1.5,13.0,0.0,0.0,1.0,0.0,-0.2593382659754056,0.9657865518844574,雨,雨後曇時々雪一時みぞれ
2021-12-17,12.5,2.5,1.0,2.2,6.8,-3.8,95,70.0,2.3,5.9,12.1,0.0,1,1,1000.4,-14.800000000000068,-1.0999999999999996,3.0,0.0,0.0,1.0,0.0,-0.2426868445825954,0.9701046827361175,雪,雪
2021-12-18,7.0,2.0,1.0,-4.3,-2.4,-6.1,84,51.0,3.4,6.9,12.4,0.1,11,9,1008.3,7.899999999999977,-6.5,-11.0,0.0,0.0,0.0,1.0,-0.22596360824801906,0.974135744004672,雪,雪
2021-12-19,1.0,0.5,0.5,-1.2,1.5,-3.6,90,67.0,1.9,3.9,7.7,0.6,2,9,1011.0,2.7000000000000455,3.0999999999999996,6.0,0.0,0.0,0.0,1.0,-0.20917350564635637,0.9778785428342386,雪,雪後一時曇一時晴、みぞれを伴う
2021-12-20,5.0,1.5,1.0,0.0,3.3,-2.1,90,60.0,2.0,5.2,8.5,5.7,10,13,1013.1,2.1000000000000227,1.2,0.0,0.0,0.0,0.0,1.0,-0.19232150523909483,0.9813319716704275,雨,雨後曇時々晴、雷を伴う
2021-12-21,2.5,1.0,0.5,3.7,9.0,-1.2,80,45.0,2.1,6.6,12.9,4.8,1,11,1007.7,-5.399999999999977,3.7,-10.0,0.0,0.0,1.0,0.0,-0.17541259380427843,0.9844950085880858,雪,雪時々曇
2021-12-22,1.5,0.5,0.5,-1.3,3.2,-3.4,81,45.0,3.3,6.5,14.4,0.1,6,6,1014.6,6.899999999999977,-5.0,1.0,0.0,0.0,0.0,1.0,-0.15845177496083632,0.9873667175937016,雪,雪時々曇
2021-12-23,1.5,0.5,0.5,-0.6,1.9,-2.6,83,60.0,2.2,4.6,8.2,2.6,5,7,1020.2,5.600000000000023,0.7000000000000001,2.0,0.0,0.0,0.0,1.0,-0.14144406768794202,0.9899462489023779,雪,雪
2021-12-24,6.0,1.0,0.5,-1.9,0.3,-4.1,93,71.0,1.4,3.1,5.3,0.0,13,17,1019.6,-0.6000000000000227,-1.2999999999999998,10.0,0.0,0.0,0.0,1.0,-0.12439450483979998,0.9922328391893008,雪,雪
2021-12-25,10.5,3.0,1.0,-4.7,-2.5,-8.1,88,52.0,2.4,6.8,11.5,0.0,16,30,1011.3,-8.300000000000068,-2.8000000000000003,-5.0,0.0,0.0,0.0,1.0,-0.10730813165636247,0.9942258118156161,雪,雪時々曇一時晴
2021-12-26,15.5,3.5,1.0,-5.7,-3.6,-8.2,88,56.0,2.4,5.4,10.2,0.6,19,40,1009.1,-2.199999999999932,-1.0,0.0,0.0,0.0,0.0,1.0,-0.09019000427034513,0.9959245770286599,雪,大雪
2021-12-27,13.5,6.0,1.5,-5.0,-3.6,-5.9,88,62.0,2.0,4.7,10.8,1.0,17,48,1011.4,2.2999999999999545,0.7000000000000002,0.0,0.0,0.0,0.0,1.0,-0.07304518821104743,0.9973286321364752,雪,雪時々曇
2021-12-28,5.0,2.0,0.5,-3.8,-1.5,-5.7,86,64.0,2.9,5.1,10.7,1.8,5,50,1018.2,6.800000000000068,1.2000000000000002,-2.0,0.0,0.0,0.0,1.0,-0.05587875690537313,0.9984375616565666,曇,曇時々雪後みぞれ
2021-12-29,2.5,1.5,1.0,0.1,3.0,-4.2,91,69.0,1.4,3.6,7.1,1.6,0,41,1014.8,-3.400000000000091,3.9,5.0,0.0,1.0,0.0,0.0,-0.03869579017652689,0.9992510374388481,曇,曇一時晴後雪、みぞれを伴う
2021-12-30,13.0,3.5,1.0,-0.9,1.8,-4.8,98,87.0,1.4,3.8,7.7,0.0,18,44,1007.9,-6.899999999999977,-1.0,7.0,0.0,1.0,0.0,0.0,-0.021501372740813793,0.999768818762748,雪,雪
2021-12-31,11.0,2.5,1.0,-6.5,-4.1,-8.0,90,63.0,3.0,5.2,10.4,0.1,14,54,1008.9,1.0,-5.6,-8.0,0.0,0.0,0.0,1.0,-0.004300592702981974,0.9999907524084426,雪,雪時々曇一時晴
2022-01-01,12.5,2.0,0.5,-5.1,-1.4,-8.4,90,65.0,3.0,6.0,13.1,0.0,9,59,1015.6,6.7000000000000455,1.4000000000000004,0.0,0.0,0.0,0.0,1.0,0.017201575418260506,0.9998520419557735,曇,曇後みぞれ時々晴、雷を伴う
2022-01-02,12.5,5.5,1.5,-0.3,4.8,-3.9,83,50.0,2.4,7.0,15.0,3.7,7,56,1015.2,-0.39999999999997726,4.8,-7.0,0.0,1.0,0.0,0.0,0.03439806061360801,0.9994082116062598,雪,雪
2022-01-03,2.5,1.0,0.5,-2.4,-0.2,-5.0,67,42.0,4.1,7.4,14.4,0.0,2,56,1014.1,-1.1000000000000227,-2.1,-16.0,0.0,0.0,0.0,1.0,0.051584366869408364,0.9986686402879997,雪,雪
2022-01-04,8.0,1.5,0.5,-4.4,-1.3,-6.4,86,48.0,2.7,5.6,11.1,0.1,11,59,1013.4,-0.7000000000000455,-2.0000000000000004,19.0,0.0,0.0,0.0,1.0,0.06875540848113941,0.9976335468520451,晴,晴後曇一時雪
2022-01-05,22.0,4.0,1.0,-2.9,-0.6,-6.1,96,82.0,1.5,3.3,5.4,0.1,27,82,1021.2,7.800000000000068,1.5000000000000004,10.0,1.0,0.0,0.0,0.0,0.08590610426133272,0.9963032375991965,雪,雪後晴時々曇
2022-01-06,0.0,0.0,0.0,-2.0,3.1,-7.5,87,49.0,1.2,3.3,4.7,5.5,1,80,1022.0,0.7999999999999545,0.8999999999999999,-9.0,0.0,0.0,0.0,1.0,0.10303137904317879,0.9946781061893646,雪,大雪
2022-01-07,15.5,3.5,1.0,-1.7,0.6,-3.0,91,65.0,2.7,6.2,13.6,0.0,13,83,1017.3,-4.7000000000000455,0.30000000000000004,4.0,0.0,0.0,0.0,1.0,0.1201261651823505,0.9927586335250793,雪,雪時々曇一時晴
2022-01-08,1.5,1.5,0.5,-0.3,2.9,-3.1,84,68.0,1.7,3.9,7.1,3.1,0,79,1018.3,1.0,1.4,-7.0,0.0,0.0,0.0,1.0,0.13718540405660057,0.9905453876091833,雪,みぞれ一時雨後雪
2022-01-09,10.0,4.0,1.5,0.8,4.1,-3.3,92,64.0,1.6,4.6,9.3,0.0,2,71,1015.0,-3.2999999999999545,1.1,8.0,0.0,0.0,0.0,1.0,0.1542040475626894,0.988039023376751,雪,雪時々曇後晴
2022-01-10,0.0,0.0,0.0,-1.6,3.4,-6.0,82,49.0,1.1,2.0,4.0,7.4,0,63,1020.6,5.600000000000023,-2.4000000000000004,-10.0,0.0,0.0,0.0,1.0,0.17117705961019986,0.985240282501282,曇,曇後みぞれ時々雪一時雨
2022-01-11,2.5,1.0,0.5,0.0,5.0,-5.4,88,59.0,1.5,4.7,9.8,0.0,0,58,1004.1,-16.5,1.6,6.0,0.0,1.0,0.0,0.0,0.18809941761179758,0.9821499931752291,雪,雪後みぞれ一時雨
2022-01-12,17.5,3.0,1.0,-0.1,3.2,-2.8,87,66.0,4.6,9.2,17.8,0.0,13,66,992.3,-11.800000000000068,-0.1,-1.0,0.0,0.0,0.0,1.0,0.20496611396949532,0.9787690698649216,雪,雪
2022-01-13,6.0,2.0,1.0,-2.2,-0.6,-4.8,88,69.0,2.5,5.7,10.3,0.9,12,73,998.1,5.800000000000068,-2.1,1.0,0.0,0.0,0.0,1.0,0.22177215755648186,0.975098513039961,雪,雪時々曇
2022-01-14,6.0,1.5,0.5,-1.9,0.2,-4.5,88,71.0,3.5,5.9,11.0,0.4,10,78,1002.3,4.199999999999932,0.30000000000000027,0.0,0.0,0.0,0.0,1.0,0.23851257519407648,0.9711394088771653,雪,雪時々曇
2022-01-15,0.5,0.5,0.5,0.1,1.6,-2.8,74,62.0,3.3,6.3,12.0,0.0,1,77,1016.1,13.800000000000068,2.0,-14.0,0.0,0.0,0.0,1.0,0.2551824131233728,0.9668929289391521,曇,曇後雪時々みぞれ
2022-01-16,5.0,1.5,0.5,-0.6,3.5,-6.0,91,65.0,1.2,2.6,4.6,0.0,0,70,1014.4,-1.7000000000000455,-0.7,17.0,0.0,1.0,0.0,0.0,0.2717767384711357,0.9623603298276545,雪,雪時々曇一時晴
2022-01-17,2.0,0.5,0.5,-0.9,1.7,-4.9,81,52.0,2.3,5.4,8.7,3.4,5,65,1010.0,-4.399999999999977,-0.30000000000000004,-10.0,0.0,0.0,0.0,1.0,0.2882906407095177,0.9575429528116719,雪,雪時々曇一時晴
2022-01-18,11.5,3.5,1.5,-3.2,-1.2,-5.4,94,73.0,1.6,3.3,6.1,0.6,14,77,1009.8,-0.20000000000004547,-2.3000000000000003,13.0,0.0,0.0,0.0,1.0,0.3047192331091634,0.9524422234305676,晴,晴後雪時々曇
2022-01-19,6.5,4.0,1.0,-0.8,2.6,-6.2,92,60.0,1.0,3.1,4.9,4.2,6,83,1015.1,5.300000000000068,2.4000000000000004,-2.0,1.0,0.0,0.0,0.0,0.321057654185271,0.9470596510722283,雪,雪時々曇
2022-01-20,1.0,0.5,0.5,-1.5,1.7,-4.7,92,73.0,1.3,4.3,8.4,4.4,1,77,1013.0,-2.1000000000000227,-0.7,0.0,0.0,0.0,0.0,1.0,0.3373010691361842,0.9413968285264122,晴,晴後曇一時雪
2022-01-21,3.5,1.5,0.5,-1.1,1.4,-5.2,80,47.0,1.7,4.3,9.9,5.2,4,79,1019.8,6.7999999999999545,0.3999999999999999,-12.0,1.0,0.0,0.0,0.0,0.3534446712740877,0.9354554315134164,雪,雪時々曇
2022-01-22,0.0,0.0,0.0,-0.3,2.3,-2.2,74,54.0,2.0,4.5,8.5,0.0,0,76,1023.9,4.100000000000023,0.8,-6.0,0.0,0.0,0.0,1.0,0.3694836834473831,0.9292372181882051,曇,曇後晴時々雪
2022-01-23,7.5,2.5,0.5,-1.1,3.2,-6.7,84,58.0,1.4,3.4,5.2,4.0,9,79,1019.6,-4.2999999999999545,-0.8,10.0,0.0,1.0,0.0,0.0,0.38541335945432564,0.9227440286201427,曇,曇時々雪一時晴
2022-01-24,8.0,3.0,1.0,-0.4,1.7,-1.8,90,63.0,1.5,3.9,8.6,0.0,14,90,1016.7,-2.8999999999999773,0.7000000000000001,6.0,0.0,1.0,0.0,0.0,0.4012289854475009,0.9159777842484877,曇,曇一時晴後一時雪
2022-01-25,0.0,0.0,0.0,0.0,3.4,-3.8,80,51.0,1.4,2.9,5.2,0.0,0,86,1020.2,3.5,0.4,-10.0,0.0,1.0,0.0,0.0,0.4169258813287287,0.908940487313808,曇,曇後一時雪一時みぞれ
2022-01-26,0.0,0.0,0.0,-0.5,4.2,-4.9,86,62.0,1.1,2.6,5.1,0.3,0,78,1016.4,-3.800000000000068,-0.5,6.0,0.0,1.0,0.0,0.0,0.4324994021339788,0.901634220265486,雪,雪
2022-01-27,2.0,1.5,1.0,-0.8,1.1,-2.4,84,69.0,2.5,5.4,10.3,3.5,6,80,1015.3,-1.1000000000000227,-0.30000000000000004,-2.0,0.0,0.0,0.0,1.0,0.44794493940789115,0.8940611451454876,雪,雪後一時雨一時曇
2022-01-28,0.5,0.5,0.5,-2.1,1.4,-4.6,84,51.0,2.1,5.1,8.9,5.2,1,76,1013.3,-2.0,-1.3,0.0,0.0,0.0,0.0,1.0,0.4632579225674917,0.88622350294858,雪,雪
2022-01-29,4.5,2.5,1.0,-2.9,0.1,-5.1,83,56.0,2.6,4.8,9.7,0.9,13,86,1010.7,-2.599999999999909,-0.7999999999999998,-1.0,0.0,0.0,0.0,1.0,0.4784338202547012,0.8781236129591848,雪,雪
2022-01-30,6.0,2.0,1.0,-5.0,-2.8,-6.8,89,76.0,2.0,4.2,8.8,0.1,10,91,1012.1,1.3999999999999773,-2.1,6.0,0.0,0.0,0.0,1.0,0.49346814167723735,0.8697638720650646,雪,雪時々曇
2022-01-31,6.5,1.5,0.5,-5.0,-3.0,-7.2,90,77.0,2.1,4.6,9.1,0.0,9,98,1013.8,1.6999999999999318,0.0,1.0,0.0,0.0,0.0,1.0,0.5083564379375122,0.8611467540480452,曇,曇時々雪
2022-02-01,0.5,1.0,0.5,-3.1,1.5,-7.1,79,53.0,1.7,4.3,6.5,1.8,1,99,1014.6,0.8000000000000682,1.9,-11.0,0.0,1.0,0.0,0.0,0.5230943033491326,0.8522748088519838,雪,雪
2022-02-02,0.0,0.0,0.0,-1.5,1.3,-4.4,81,65.0,2.3,4.9,8.7,3.0,0,89,1014.3,-0.3000000000000682,1.6,2.0,0.0,0.0,0.0,1.0,0.5376773767406141,0.8431506618282,雪,雪時々曇
2022-02-03,1.0,0.5,0.5,-2.7,0.8,-4.7,79,49.0,2.5,7.0,13.2,1.2,4,88,1013.7,-0.599999999999909,-1.2000000000000002,-2.0,0.0,0.0,0.0,1.0,0.5521013427459208,0.8337770129585915,雪,雪時々曇
2022-02-04,1.0,0.5,0.5,-3.4,-0.9,-5.1,82,52.0,2.3,5.6,9.0,3.7,3,88,1011.4,-2.300000000000068,-0.6999999999999997,3.0,0.0,0.0,0.0,1.0,0.5663619330814524,0.8241566360566663,雪,雪時々曇
2022-02-05,1.5,0.5,0.5,-4.7,-1.9,-8.2,88,65.0,2.2,4.9,9.7,2.9,3,87,1006.8,-4.600000000000023,-1.3000000000000003,6.0,0.0,0.0,0.0,1.0,0.580454927809098,0.8142923779467267,雪,雪時々曇
2022-02-06,2.0,1.0,0.5,-4.4,-1.2,-8.0,86,52.0,2.3,4.6,8.7,2.4,5,91,1010.8,4.0,0.2999999999999998,-2.0,0.0,0.0,0.0,1.0,0.5943761565849831,0.804187157621448,雪,雪時々曇
2022-02-07,0.5,0.5,0.5,-3.2,-1.1,-5.2,83,66.0,2.1,4.4,7.3,0.6,2,86,1018.9,8.100000000000023,1.2000000000000002,-3.0,0.0,0.0,0.0,1.0,0.6081214998935418,0.7938439653781019,雪,雪時々曇
2022-02-08,0.0,0.0,0.0,-1.8,0.7,-3.8,78,64.0,2.1,4.3,7.1,0.7,0,85,1021.6,2.7000000000000455,1.4000000000000001,-5.0,0.0,0.0,0.0,1.0,0.6216868902665479,0.7832658619336791,雪,雪時々晴後曇
2022-02-09,0.0,0.0,0.0,-0.5,3.0,-3.3,69,49.0,2.0,4.6,8.5,1.6,0,81,1024.4,2.800000000000068,1.3,-9.0,0.0,0.0,0.0,1.0,0.6350683134867438,0.7724559775191742,曇,曇時々晴
2022-02-10,0.0,0.0,0.0,-0.6,2.0,-2.7,74,48.0,1.1,2.7,4.5,3.0,0,74,1023.0,-1.400000000000091,-0.09999999999999998,5.0,0.0,1.0,0.0,0.0,0.6482618097757122,0.7614175109532997,晴,晴一時曇
2022-02-11,0.0,0.0,0.0,-2.3,3.4,-6.6,79,46.0,1.1,2.0,3.7,8.7,0,72,1023.5,0.5,-1.6999999999999997,5.0,1.0,0.0,0.0,0.0,0.6612634749656386,0.7501537286959042,曇,曇時々晴、みぞれを伴う
2022-02-12,1.0,1.0,0.5,0.3,4.6,-4.9,79,50.0,1.3,4.6,8.4,5.6,1,71,1022.1,-1.3999999999999773,2.5999999999999996,0.0,0.0,1.0,0.0,0.0,0.6740694616546162,0.7386679638813748,雪,雪時々曇
2022-02-13,0.0,0.0,0.0,0.2,2.7,-2.8,67,46.0,2.0,6.0,9.9,4.5,0,70,1022.1,0.0,-0.09999999999999998,-12.0,0.0,0.0,0.0,1.0,0.6866759803451553,0.726963615332308,雪,雪時々曇一時晴
2022-02-14,0.5,0.5,0.5,-1.3,2.5,-5.1,84,69.0,1.3,2.8,5.2,1.3,1,70,1020.0,-2.1000000000000227,-1.5,17.0,0.0,0.0,0.0,1.0,0.6990793005655562,0.7150441465537444,曇,曇一時晴後一時雪
2022-02-15,1.0,0.5,0.5,-1.8,3.0,-6.6,89,54.0,2.0,4.1,7.9,0.0,2,71,1012.5,-7.5,-0.5,5.0,0.0,1.0,0.0,0.0,0.7112757519738152,0.7029130847082615,曇,曇時々晴一時雪、みぞれを伴う
2022-02-16,2.0,0.5,0.5,1.2,4.4,-3.7,86,65.0,2.2,4.3,7.8,2.7,4,72,1005.1,-7.399999999999977,3.0,-3.0,0.0,1.0,0.0,0.0,0.7232617254437388,0.6905740195722293,曇,曇後晴時々雪、みぞれを伴う
2022-02-17,0.5,0.5,0.5,-0.4,4.3,-4.6,84,47.0,1.4,3.5,6.3,3.8,1,70,1009.1,4.0,-1.6,-2.0,0.0,1.0,0.0,0.0,0.7350336741329412,0.6780306024735382,雪,雪時々晴後曇
2022-02-18,3.0,1.0,0.5,-1.5,2.3,-5.0,92,61.0,1.2,3.1,6.0,0.6,6,73,1022.4,13.299999999999955,-1.1,8.0,0.0,0.0,0.0,1.0,0.746588114532413,0.6652865452111116,曇,曇時々晴一時雪
2022-02-19,0.0,0.0,0.0,-0.5,4.9,-7.3,80,53.0,1.2,2.6,4.5,1.9,0,72,1020.5,-1.8999999999999773,1.0,-12.0,0.0,1.0,0.0,0.0,0.7579216274973472,0.6523456189565257,曇,曇時々雪一時みぞれ
2022-02-20,2.5,1.0,0.5,-0.3,2.7,-4.7,80,50.0,3.2,6.9,13.6,2.8,6,73,1004.7,-15.799999999999955,0.2,0.0,0.0,1.0,0.0,0.0,0.7690308592589181,0.6392116531380588,雪,雪時々曇
2022-02-21,8.5,1.5,0.5,-4.6,-2.6,-5.6,84,51.0,4.9,9.1,16.5,0.1,16,87,1007.2,2.5,-4.3,4.0,0.0,0.0,0.0,1.0,0.7799125224167177,0.6258885343075018,雪,雪時々曇
2022-02-22,15.0,2.5,1.0,-4.8,-3.0,-5.8,92,68.0,3.4,6.7,13.0,0.4,21,105,1013.4,6.199999999999932,-0.20000000000000018,8.0,0.0,0.0,0.0,1.0,0.7905633969115482,0.612380204990065,雪,雪時々曇
2022-02-23,6.5,3.0,1.0,-3.4,-1.4,-7.0,90,78.0,2.6,5.0,8.7,1.5,10,112,1017.0,3.6000000000000227,1.4,-2.0,0.0,0.0,0.0,1.0,0.8009803309782905,0.5986906625177214,雪,雪
2022-02-24,0.5,0.5,0.5,-1.6,0.5,-4.8,84,63.0,2.6,5.2,9.8,2.4,2,104,1015.7,-1.2999999999999545,1.7999999999999998,-6.0,0.0,0.0,0.0,1.0,0.8111602420785621,0.5848239578463322,雪,雪時々曇
2022-02-25,0.0,0.0,0.0,0.8,3.1,-1.6,69,53.0,2.9,5.9,10.9,4.3,1,96,1014.9,-0.8000000000000682,2.4000000000000004,-15.0,0.0,0.0,0.0,1.0,0.8211001178128892,0.5707841943569036,雨,雨時々曇一時晴、みぞれを伴う
2022-02-26,14.5,4.5,1.5,3.4,7.4,-2.8,78,49.0,2.6,6.6,12.8,0.7,0,86,1012.5,-2.3999999999999773,2.5999999999999996,9.0,0.0,0.0,1.0,0.0,0.8307970168121247,0.5565755266413303,雪,みぞれ時々曇一時雨
2022-02-27,15.5,6.0,1.5,2.4,5.7,0.0,80,50.0,2.4,6.2,12.8,0.0,0,78,1007.1,-5.399999999999977,-1.0,2.0,0.0,0.0,0.0,1.0,0.8402480696078469,0.5422021592729844,雪,雪時々晴後曇、みぞれを伴う
2022-02-28,0.0,0.0,0.0,2.0,5.0,-2.3,55,40.0,3.4,7.1,15.5,8.2,0,76,1015.8,8.699999999999932,-0.3999999999999999,-25.0,0.0,0.0,0.0,1.0,0.8494504794814806,0.527668345562516,雨,雨時々曇、みぞれを伴う
2022-03-01,10.0,4.0,1.5,1.0,5.2,-2.9,85,53.0,1.6,3.4,5.0,0.0,0,74,1010.5,-5.2999999999999545,-1.0,30.0,0.0,0.0,1.0,0.0,0.8584015232918917,0.512978386299228,曇,曇後晴一時雪
2022-03-02,0.0,0.0,0.0,1.6,5.0,-1.7,67,40.0,2.1,5.4,9.3,6.4,0,71,1009.6,-0.8999999999999773,0.6000000000000001,-18.0,0.0,1.0,0.0,0.0,0.8670985522812081,0.4981366284784055,雪,雪一時雨後みぞれ時々曇
2022-03-03,7.0,3.5,1.5,1.0,5.0,-2.3,78,50.0,2.7,7.1,18.7,0.5,6,76,1007.1,-2.5,-0.6000000000000001,11.0,0.0,0.0,0.0,1.0,0.8755389928586302,0.4831474640149687,晴,晴一時雪後曇
2022-03-04,0.0,0.0,0.0,0.6,4.7,-3.8,60,38.0,2.1,4.4,8.2,9.7,0,73,1015.6,8.5,-0.4,-18.0,1.0,0.0,0.0,0.0,0.8837203473619977,0.4680153284438345,曇,曇後雨時々みぞれ
2022-03-05,6.0,2.5,1.0,0.9,7.1,-4.7,77,35.0,2.1,7.2,13.9,1.4,1,71,1002.3,-13.300000000000068,0.30000000000000004,17.0,0.0,1.0,0.0,0.0,0.8916401947968874,0.45274469960737107,雪,雪一時曇後時々みぞれ、雷を伴う
2022-03-06,6.0,1.0,0.5,0.9,2.7,-1.4,79,50.0,4.4,9.0,17.8,0.8,5,73,998.6,-3.699999999999932,0.0,2.0,0.0,0.0,0.0,1.0,0.8992961915530253,0.4373400963303323,曇,曇時々晴一時雪後みぞれ
2022-03-07,0.5,0.5,0.5,2.7,5.8,1.5,74,44.0,2.7,6.1,12.7,2.4,0,72,1013.3,14.699999999999932,1.8000000000000003,-5.0,0.0,1.0,0.0,0.0,0.9066860720977985,0.4218060770826634,晴,晴時々曇
2022-03-08,0.0,0.0,0.0,1.4,5.8,-2.9,65,34.0,1.8,5.2,8.4,10.8,0,68,1017.3,4.0,-1.3000000000000003,-9.0,1.0,0.0,0.0,0.0,0.9138076496466615,0.4061472386305789,晴,晴
2022-03-09,0.0,0.0,0.0,0.7,5.8,-4.2,68,42.0,1.8,3.9,7.3,10.0,0,66,1021.1,3.800000000000068,-0.7,3.0,1.0,0.0,0.0,0.0,0.9206588168102428,0.3903682146763026,晴,晴
2022-03-10,0.0,0.0,0.0,1.8,7.0,-4.3,70,36.0,1.5,3.2,5.2,10.8,0,63,1022.4,1.2999999999999545,1.1,2.0,1.0,0.0,0.0,0.0,0.9272375462179537,0.374473674486883,曇,曇時々晴
2022-03-11,1.5,1.5,1.0,5.2,12.3,-2.3,68,31.0,1.9,5.2,8.8,1.5,0,60,1015.1,-7.2999999999999545,3.4000000000000004,-2.0,0.0,1.0,0.0,0.0,0.9335418911179212,0.35846832151248087,晴,晴一時曇
2022-03-12,0.0,0.0,0.0,4.9,7.4,0.3,53,33.0,2.5,5.9,9.9,11.0,0,54,1016.4,1.2999999999999545,-0.2999999999999998,-15.0,1.0,0.0,0.0,0.0,0.9395699859530622,0.342356891994542,雨,雨時々曇、みぞれを伴う
2022-03-13,4.0,2.5,0.5,1.5,4.0,0.0,87,55.0,0.9,2.4,4.4,0.0,2,53,1016.6,0.20000000000004547,-3.4000000000000004,34.0,0.0,0.0,1.0,0.0,0.945320046913132,0.3261441535642696,曇,曇一時雨後時々晴
2022-03-14,2.0,1.0,0.5,3.7,7.0,1.5,88,70.0,1.3,3.1,6.7,0.9,0,51,1013.4,-3.2000000000000455,2.2,1.0,0.0,1.0,0.0,0.0,0.9507903724625832,0.3098349038318025,雨,雨時々曇、みぞれを伴う
2022-03-15,10.0,5.0,1.5,5.2,9.8,1.9,82,67.0,3.6,7.9,17.6,0.4,0,46,1005.2,-8.199999999999932,1.5,-6.0,0.0,0.0,1.0,0.0,0.9559793438440766,0.2934339689665273,曇,曇時々雨一時晴
2022-03-16,1.0,1.0,0.5,3.8,8.1,0.6,82,52.0,1.2,3.5,6.6,4.3,0,36,1014.5,9.299999999999955,-1.4000000000000004,0.0,0.0,1.0,0.0,0.0,0.9608854255574977,0.27694620226893646,雨,雨時々曇一時みぞれ
2022-03-17,1.5,1.0,0.5,2.6,7.2,-0.5,86,56.0,1.5,4.8,8.8,2.3,0,33,1019.0,4.5,-1.1999999999999997,4.0,0.0,0.0,1.0,0.0,0.9655071658143364,0.2603764827344581,曇,曇時々晴
2022-03-18,6.0,2.0,0.5,2.2,5.1,-0.3,69,42.0,1.3,3.4,5.9,1.2,4,32,1017.3,-1.7000000000000455,-0.3999999999999999,-17.0,0.0,1.0,0.0,0.0,0.969843196967294,0.24372971360968387,雪,みぞれ一時雪後時々雨
2022-03-19,15.5,3.5,1.0,1.6,3.8,0.1,94,76.0,2.0,5.3,9.4,0.7,11,43,1002.1,-15.199999999999932,-0.6000000000000001,25.0,0.0,0.0,0.0,1.0,0.9738922359149924,0.22701082094141847,雪,みぞれ時々曇一時雨
2022-03-20,4.0,1.0,0.5,1.9,4.1,-0.3,88,69.0,2.1,5.3,10.8,0.2,1,34,1010.2,8.100000000000023,0.2999999999999998,-6.0,0.0,0.0,0.0,1.0,0.9776530844816641,0.2102247521189836,曇,曇時々雪、みぞれを伴う
2022-03-21,0.5,0.5,0.5,0.9,4.6,-2.9,68,38.0,2.2,6.8,14.7,2.4,2,33,1020.0,9.799999999999955,-0.9999999999999999,-20.0,0.0,1.0,0.0,0.0,0.981124629771712,0.19337647441020586,晴,晴時々曇
2022-03-22,0.0,0.0,0.0,1.5,7.0,-4.4,56,24.0,1.6,3.8,6.4,8.1,0,31,1021.6,1.6000000000000227,0.6,-12.0,1.0,0.0,0.0,0.0,0.984305844499033,0.17647097349152166,晴,晴後時々曇
2022-03-23,0.0,0.0,0.0,3.1,8.2,-2.7,73,43.0,1.4,3.5,5.9,6.3,0,29,1018.6,-3.0,1.6,17.0,1.0,0.0,0.0,0.0,0.9871957872910085,0.15951325197263655,曇,曇時々晴後雨
2022-03-24,0.5,0.5,0.5,4.4,8.8,1.4,76,46.0,1.5,3.2,5.3,4.8,0,25,1016.1,-2.5,1.3000000000000003,3.0,0.0,1.0,0.0,0.0,0.9897936029670716,0.14250832791617088,曇,曇時々晴一時雨
2022-03-25,0.5,0.5,0.5,5.8,11.4,0.3,68,31.0,1.3,3.2,5.0,8.6,0,20,1024.5,8.399999999999977,1.3999999999999995,-8.0,0.0,1.0,0.0,0.0,0.992098522791769,0.12546123335273648,曇,曇後時々雨
2022-03-26,7.0,2.5,0.5,7.0,13.8,2.4,73,33.0,1.2,2.6,7.2,0.0,0,15,1008.4,-16.100000000000023,1.2000000000000002,5.0,0.0,1.0,0.0,0.0,0.9941098647022418,0.10837701279187609,雨,雨時々曇後晴
2022-03-27,0.0,0.0,0.0,8.0,13.1,1.1,64,29.0,2.4,5.2,9.8,8.4,0,10,1004.5,-3.8999999999999773,1.0,-9.0,0.0,0.0,1.0,0.0,0.9958270335100595,0.09126072172931188,曇,曇時々雨一時晴
2022-03-28,3.0,2.0,1.0,5.4,9.4,1.0,58,36.0,3.3,6.9,13.7,9.5,0,0,1018.5,14.0,-2.5999999999999996,-6.0,0.0,1.0,0.0,0.0,0.9972495210773451,0.07411742515094437,晴,晴
2022-03-29,0.0,0.0,0.0,5.3,13.2,-0.9,56,28.0,1.6,4.2,7.2,11.5,0,0,1027.3,8.799999999999955,-0.10000000000000053,-2.0,1.0,0.0,0.0,0.0,0.998376906467142,0.056952196034039754,晴,晴後時々曇
2022-03-30,0.0,0.0,0.0,9.5,15.3,0.4,61,34.0,2.7,6.7,13.3,9.1,0,0,1019.7,-7.599999999999909,4.2,5.0,1.0,0.0,0.0,0.0,0.9992088560679753,0.03977011384605572,雨,雨後曇時々晴
2022-03-31,0.0,0.0,0.0,4.8,9.9,1.3,73,29.0,2.3,4.9,10.1,4.5,0,0,1019.5,-0.20000000000004547,-4.7,12.0,0.0,0.0,1.0,0.0,0.9997451236925734,0.022576263041545485,曇,曇時々雪一時晴、みぞれを伴う
2022-04-01,2.0,1.5,0.5,2.5,6.6,0.2,60,39.0,3.3,6.5,14.3,2.3,0,0,1022.5,3.0,-2.3,-13.0,0.0,1.0,0.0,0.0,0.9999855506507186,0.005375731557583884,曇,曇後晴
2022-04-02,0.0,0.0,0.0,4.6,10.4,0.2,48,26.0,2.4,5.3,10.1,11.4,0,0,1027.5,5.0,2.0999999999999996,-12.0,0.0,1.0,0.0,0.0,0.9999300657962057,-0.011826390691832589,晴,晴
2022-04-03,0.0,0.0,0.0,4.9,12.6,-1.7,59,23.0,1.8,5.1,8.6,11.8,0,0,1029.9,2.400000000000091,0.3000000000000007,11.0,1.0,0.0,0.0,0.0,0.9995786855478958,-0.029025013321975237,曇,曇時々晴
2022-04-04,0.0,0.0,0.0,7.2,15.6,-0.1,67,38.0,1.5,4.0,6.2,5.2,0,0,1028.0,-1.900000000000091,2.3,8.0,0.0,1.0,0.0,0.0,0.9989315138848577,-0.046215046983708354,晴,晴
2022-04-05,0.0,0.0,0.0,9.7,18.4,1.6,69,35.0,1.6,4.5,8.0,12.2,0,0,1021.0,-7.0,2.499999999999999,2.0,1.0,0.0,0.0,0.0,0.9979887423155984,-0.06339140486951038,曇,曇一時晴後一時雨
2022-04-06,0.0,0.0,0.0,7.3,14.7,0.5,68,48.0,2.3,5.3,10.7,3.2,0,0,1016.5,-4.5,-2.3999999999999995,-1.0,0.0,1.0,0.0,0.0,0.9967506498213929,-0.08054900421874167,晴,晴後雨一時曇、みぞれを伴う
2022-04-07,20.0,4.5,1.0,3.0,11.6,-1.6,71,21.0,1.3,4.6,8.5,6.4,3,3,1016.9,0.39999999999997726,-4.3,3.0,1.0,0.0,0.0,0.0,0.9952176027737294,-0.09768276782171598,晴,晴時々雨一時曇
2022-04-08,3.0,1.0,0.5,4.8,10.3,0.7,74,42.0,2.1,5.8,9.5,8.0,0,2,1015.5,-1.3999999999999773,1.7999999999999998,3.0,1.0,0.0,0.0,0.0,0.9933900548258936,-0.11478762552212701,晴,晴
2022-04-09,0.0,0.0,0.0,11.5,19.8,-0.1,51,19.0,3.0,7.2,13.3,11.9,0,0,1013.2,-2.2999999999999545,6.7,-23.0,1.0,0.0,0.0,0.0,0.9912685467787256,-0.13185851571739118,晴,晴後曇一時雨
2022-04-10,0.0,0.0,0.0,15.0,23.1,5.2,57,29.0,2.4,6.2,10.9,8.8,0,0,1016.3,3.099999999999909,3.5,6.0,1.0,0.0,0.0,0.0,0.9888537064205885,-0.1488903868564548,晴,晴時々曇
2022-04-11,0.0,0.0,0.0,17.7,26.2,10.1,42,14.0,2.3,5.8,11.2,10.7,0,0,1014.5,-1.7999999999999545,2.6999999999999993,-15.0,1.0,0.0,0.0,0.0,0.986146248341595,-0.16587819893463143,晴,晴
2022-04-12,0.0,0.0,0.0,16.7,24.3,7.7,56,29.0,2.2,5.2,9.9,11.9,0,0,1010.7,-3.7999999999999545,-1.0,14.0,1.0,0.0,0.0,0.0,0.9831469737221499,-0.1828169249850199,雨,雨時々曇
2022-04-13,1.5,1.0,0.5,9.6,16.3,5.8,94,81.0,1.7,4.1,7.5,0.0,0,0,1014.5,3.7999999999999545,-7.1,38.0,0.0,0.0,1.0,0.0,0.9798567700958665,-0.1997015525660636,雨,雨時々曇一時晴
2022-04-14,0.5,0.5,0.5,7.0,9.5,4.9,80,62.0,2.4,5.3,10.5,0.3,0,0,1021.9,7.399999999999977,-2.5999999999999996,-14.0,0.0,0.0,1.0,0.0,0.9762766110869321,-0.21652708524481437,雨,雨
2022-04-15,1.5,1.0,0.5,5.8,8.2,4.1,90,83.0,1.4,4.0,7.7,0.0,0,0,1016.0,-5.899999999999977,-1.2000000000000002,10.0,0.0,0.0,1.0,0.0,0.9724075561219968,-0.23328854407545518,晴,晴一時曇
2022-04-16,0.0,0.0,0.0,6.9,13.0,1.8,62,22.0,1.9,5.5,9.5,9.0,0,0,1012.1,-3.8999999999999773,1.1000000000000005,-28.0,1.0,0.0,0.0,0.0,0.9682507501166718,-0.2499809690726521,晴,晴
2022-04-17,0.0,0.0,0.0,9.7,16.7,1.5,45,20.0,2.5,5.8,10.6,12.5,0,0,1016.8,4.699999999999932,2.799999999999999,-17.0,1.0,0.0,0.0,0.0,0.9638074231367307,-0.26659942067929354,曇,曇時々晴
2022-04-18,0.0,0.0,0.0,11.9,18.4,2.3,40,19.0,2.1,4.5,8.6,5.7,0,0,1015.7,-1.099999999999909,2.200000000000001,-5.0,0.0,1.0,0.0,0.0,0.9590788900341131,-0.28313898122818354,晴,晴
2022-04-19,0.0,0.0,0.0,9.0,15.0,3.2,51,12.0,2.0,4.2,8.5,12.3,0,0,1017.3,1.599999999999909,-2.9000000000000004,11.0,1.0,0.0,0.0,0.0,0.9540665500578387,-0.2995947563972602,晴,晴
2022-04-20,0.0,0.0,0.0,11.2,21.4,1.9,37,10.0,1.7,3.9,8.9,12.6,0,0,1018.3,1.0,2.1999999999999993,-14.0,1.0,0.0,0.0,0.0,0.9487718864399473,-0.31596187665790293,晴,晴後一時曇
2022-04-21,0.0,0.0,0.0,16.0,24.6,4.7,35,17.0,2.3,6.0,10.6,9.9,0,0,1015.8,-2.5,4.800000000000001,-2.0,1.0,0.0,0.0,0.0,0.9431964659565866,-0.33223549871590435,曇,曇一時雨
2022-04-22,1.0,0.5,0.5,14.2,18.3,10.0,71,50.0,2.3,4.8,9.8,0.8,0,0,1008.2,-7.599999999999909,-1.8000000000000007,36.0,0.0,1.0,0.0,0.0,0.9373419384643772,-0.3484108069446808,曇,曇後晴
2022-04-23,0.0,0.0,0.0,12.6,16.3,5.2,54,33.0,3.4,6.9,11.8,7.6,0,0,1009.8,1.599999999999909,-1.5999999999999996,-17.0,0.0,1.0,0.0,0.0,0.9312100364121947,-0.3644830148102912,晴,晴
2022-04-24,0.0,0.0,0.0,14.1,25.0,1.8,42,8.0,2.1,5.9,11.5,11.3,0,0,1012.2,2.400000000000091,1.5,-12.0,1.0,0.0,0.0,0.0,0.9248025743285089,-0.38044736628785164,晴,晴一時曇
2022-04-25,0.0,0.0,0.0,14.1,23.6,9.4,78,34.0,1.8,5.8,10.0,11.6,0,0,1013.4,1.1999999999999318,0.0,36.0,1.0,0.0,0.0,0.0,0.9181214482844365,-0.39629913726891813,曇,曇後一時雨
2022-04-26,5.0,2.5,1.0,16.1,25.4,8.8,80,37.0,1.1,3.1,5.1,0.2,0,0,1006.9,-6.5,2.0000000000000018,2.0,0.0,1.0,0.0,0.0,0.9111686353326631,-0.41203363695942635,晴,晴一時雨
2022-04-27,0.0,0.5,0.0,12.7,16.9,5.9,62,35.0,3.5,8.0,16.9,9.8,0,0,1006.0,-0.8999999999999773,-3.400000000000002,-18.0,1.0,0.0,0.0,0.0,0.9039461929224011,-0.42764620926777464,晴,晴
2022-04-28,0.0,0.0,0.0,11.0,17.5,5.8,53,25.0,3.1,6.3,12.1,12.7,0,0,1019.5,13.5,-1.6999999999999993,-9.0,1.0,0.0,0.0,0.0,0.8964562582905575,-0.44313223418263453,雨,雨時々曇
2022-04-29,9.0,2.5,0.5,6.9,11.0,4.6,79,38.0,1.5,3.4,7.5,0.0,0,0,1017.1,-2.3999999999999773,-4.1,26.0,0.0,0.0,1.0,0.0,0.8887010478292915,-0.45848712914008766,晴,晴一時雨
2022-04-30,0.5,0.5,0.5,8.7,15.6,1.8,65,23.0,2.2,5.5,9.6,11.8,0,0,1016.3,-0.8000000000000682,1.799999999999999,-14.0,1.0,0.0,0.0,0.0,0.8806828564301475,-0.47370635037968,曇,曇時々雨
2022-05-01,0.5,0.5,0.5,9.5,13.7,5.6,75,52.0,1.8,4.4,7.9,0.0,0,0,1010.6,-5.699999999999932,0.8000000000000007,10.0,0.0,1.0,0.0,0.0,0.8724040568049612,-0.48878539428899265,晴,晴時々曇
2022-05-02,2.0,1.5,1.5,8.7,14.7,3.7,67,32.0,2.9,5.7,10.6,8.7,0,0,1009.6,-1.0,-0.8000000000000007,-8.0,1.0,0.0,0.0,0.0,0.8638670987837349,-0.503719798736334,晴,晴一時雨後曇
2022-05-03,0.5,0.5,0.5,10.1,15.1,4.3,63,38.0,3.3,6.9,12.5,9.6,0,0,1014.0,4.399999999999977,1.4000000000000004,-4.0,1.0,0.0,0.0,0.0,0.8550745085896932,-0.518505144391157,晴,晴後一時雨一時曇、大風を伴う
2022-05-04,0.0,0.0,0.0,14.1,19.6,10.4,61,43.0,4.7,11.3,19.9,8.6,0,0,1014.4,0.39999999999997726,4.0,-2.0,1.0,0.0,0.0,0.0,0.8460288880917339,-0.533137056031809,晴,晴
2022-05-05,0.0,0.0,0.0,17.7,26.9,9.5,50,17.0,2.1,5.2,10.1,13.1,0,0,1021.2,6.800000000000068,3.5999999999999996,-11.0,1.0,0.0,0.0,0.0,0.8367329140344921,-0.5476112038402312,晴,晴
2022-05-06,0.0,0.0,0.0,18.8,30.4,7.8,47,17.0,1.8,5.1,9.0,13.4,0,0,1019.2,-2.0,1.1000000000000014,-3.0,1.0,0.0,0.0,0.0,0.8271893372462497,-0.5619233046832195,曇,曇時々晴
2022-05-07,7.5,6.5,2.5,18.3,27.7,9.7,55,28.0,2.3,6.2,11.7,9.4,0,0,1012.8,-6.400000000000091,-0.5,8.0,0.0,1.0,0.0,0.0,0.8174009818249189,-0.5760691233798758,晴,晴一時曇
2022-05-08,0.0,0.5,0.0,11.8,17.1,6.6,54,26.0,3.2,6.6,12.5,13.0,0,0,1015.1,2.300000000000068,-6.5,-1.0,1.0,0.0,0.0,0.0,0.8073707443023492,-0.5900444739548627,晴,晴
2022-05-09,0.0,0.0,0.0,12.3,19.2,4.4,50,20.0,3.2,6.0,12.2,12.9,0,0,1017.0,1.8999999999999773,0.5,-4.0,1.0,0.0,0.0,0.0,0.7971015927871943,-0.6038452208771035,晴,晴
2022-05-10,0.0,0.0,0.0,14.2,23.7,6.0,51,16.0,2.1,5.5,9.9,13.5,0,0,1020.5,3.5,1.8999999999999986,1.0,1.0,0.0,0.0,0.0,0.7865965660866021,-0.6174672802835514,晴,晴
2022-05-11,0.0,0.0,0.0,15.9,28.1,6.8,48,21.0,1.7,4.7,8.0,11.8,0,0,1018.7,-1.7999999999999545,1.700000000000001,-3.0,1.0,0.0,0.0,0.0,0.7758587728069828,-0.6309066211876704,曇,曇時々晴
2022-05-12,0.0,0.0,0.0,18.2,24.4,12.7,62,39.0,1.4,5.0,8.4,4.6,0,0,1015.5,-3.2000000000000455,2.299999999999999,14.0,0.0,1.0,0.0,0.0,0.7648913904341226,-0.6441592666722685,曇,曇時々雨一時晴
2022-05-13,0.5,0.5,0.5,17.7,24.2,14.3,82,58.0,1.3,3.6,6.1,0.0,0,0,1009.3,-6.2000000000000455,-0.5,20.0,0.0,1.0,0.0,0.0,0.753697664392914,-0.6572212950663319,曇,曇時々雨
2022-05-14,0.5,0.5,0.5,15.7,22.5,12.3,78,57.0,2.2,5.9,12.6,1.6,0,0,1001.3,-8.0,-2.0,-4.0,0.0,1.0,0.0,0.0,0.742280907086982,-0.6700888411055113,曇,曇後雨時々晴
2022-05-15,1.0,0.5,0.5,12.3,16.0,7.0,66,48.0,2.9,6.3,10.5,4.1,0,0,1009.0,7.7000000000000455,-3.3999999999999986,-12.0,0.0,1.0,0.0,0.0,0.7306444969184916,-0.6827580970759147,晴,晴
2022-05-16,0.0,0.0,0.0,13.8,22.2,5.9,60,19.0,1.9,3.6,7.0,13.2,0,0,1012.8,3.7999999999999545,1.5,-6.0,1.0,0.0,0.0,0.0,0.7187918772884232,-0.6952253139408723,晴,晴時々曇
2022-05-17,0.0,0.0,0.0,14.9,23.9,7.7,49,19.0,2.0,4.8,8.2,9.6,0,0,1015.1,2.300000000000068,1.0999999999999996,-11.0,1.0,0.0,0.0,0.0,0.7067265555776159,-0.7074868024503348,晴,晴
2022-05-18,0.0,0.0,0.0,16.4,24.6,6.6,44,20.0,2.0,4.4,8.9,13.6,0,0,1017.9,2.7999999999999545,1.4999999999999982,-5.0,1.0,0.0,0.0,0.0,0.6944521021088763,-0.719538934232584,曇,曇時々雨一時晴
2022-05-19,0.0,0.0,0.0,17.5,24.8,8.6,54,28.0,2.0,5.5,10.4,4.4,0,0,1014.6,-3.2999999999999545,1.1000000000000014,10.0,0.0,1.0,0.0,0.0,0.6819721490904629,-0.7313781428679254,曇,曇一時雨後晴
2022-05-20,0.0,0.0,0.0,17.7,23.8,11.3,64,38.0,1.9,4.8,8.9,7.7,0,0,1013.1,-1.5,0.1999999999999993,10.0,0.0,1.0,0.0,0.0,0.6692903895412567,-0.7430009249440493,晴,晴後曇一時雨
2022-05-21,0.0,0.0,0.0,19.6,28.0,10.6,52,25.0,1.7,4.6,8.7,7.5,0,0,1010.9,-2.2000000000000455,1.9000000000000021,-12.0,1.0,0.0,0.0,0.0,0.6564105761979381,-0.7544038410927472,雨,雨時々曇
2022-05-22,1.0,0.5,0.5,16.9,21.9,14.3,80,53.0,1.4,4.5,8.5,0.4,0,0,1007.1,-3.7999999999999545,-2.700000000000003,28.0,0.0,0.0,1.0,0.0,0.6433365204044917,-0.765583517007675,曇,曇一時雨後時々晴
2022-05-23,0.0,0.0,0.0,16.3,21.7,12.6,81,49.0,1.3,3.6,6.5,2.3,0,0,1010.9,3.7999999999999545,-0.5999999999999979,1.0,0.0,1.0,0.0,0.0,0.6300720909843687,-0.7765366444428655,晴,晴時々曇
2022-05-24,0.0,0.0,0.0,16.8,22.8,11.9,81,62.0,1.8,4.4,8.0,12.6,0,0,1015.7,4.800000000000068,0.5,0.0,1.0,0.0,0.0,0.0,0.6166212130956382,-0.7872599821916922,晴,晴一時雨
2022-05-25,0.0,0.0,0.0,19.8,30.7,11.1,58,23.0,1.8,5.6,9.4,13.6,0,0,1012.6,-3.1000000000000227,3.0,-23.0,1.0,0.0,0.0,0.0,0.6029878670694714,-0.7977503570459932,晴,晴時々曇
2022-05-26,0.0,0.0,0.0,20.8,29.7,13.5,67,35.0,1.8,4.7,8.6,10.3,0,0,1007.9,-4.7000000000000455,1.0,9.0,1.0,0.0,0.0,0.0,0.5891760872322963,-0.8080046647350754,雨,大雨時々曇
2022-05-27,16.0,4.5,1.5,16.4,19.7,12.8,96,83.0,1.0,2.1,4.4,0.8,0,0,1000.2,-7.699999999999932,-4.400000000000002,29.0,0.0,0.0,1.0,0.0,0.5751899607119775,-0.8180198708443175,雨,雨時々曇一時晴
2022-05-28,3.0,1.0,0.5,14.6,18.2,12.4,85,59.0,2.1,5.1,10.9,1.2,0,0,998.8,-1.400000000000091,-1.799999999999999,-11.0,0.0,0.0,1.0,0.0,0.5610336262283677,-0.8277930117131022,晴,晴
2022-05-29,0.0,0.0,0.0,16.4,21.0,12.1,79,62.0,2.6,6.3,11.3,12.2,0,0,1004.7,5.900000000000091,1.799999999999999,-6.0,1.0,0.0,0.0,0.0,0.5467112728685939,-0.8373211953118121,晴,晴
2022-05-30,0.0,0.0,0.0,17.3,23.9,12.0,68,44.0,2.6,5.1,10.6,11.4,0,0,1007.5,2.7999999999999545,0.9000000000000021,-11.0,1.0,0.0,0.0,0.0,0.5322271388474397,-0.8466016020976267,雨,雨時々曇
2022-05-31,12.0,7.5,3.0,14.8,16.4,13.4,86,68.0,2.3,4.5,8.5,0.0,0,0,1003.1,-4.399999999999977,-2.5,18.0,0.0,0.0,1.0,0.0,0.5175855102531889,-0.8556314858488706,曇,曇時々雨一時晴
2022-06-01,0.5,0.5,0.5,16.4,19.9,13.5,79,52.0,2.2,4.4,8.2,7.7,0,0,1007.3,4.199999999999932,1.5999999999999979,-7.0,0.0,1.0,0.0,0.0,0.5027907197793043,-0.8644081744776648,曇,曇時々晴
2022-06-02,2.5,2.5,1.0,16.7,22.3,10.8,79,41.0,1.4,2.6,5.5,6.1,0,0,1007.3,0.0,0.3000000000000007,0.0,0.0,1.0,0.0,0.0,0.4878471454423119,-0.8729290708206411,曇,曇一時晴後一時雨、雷を伴う
2022-06-03,21.0,8.0,7.0,14.8,18.3,11.9,93,72.0,1.2,2.9,5.7,2.0,0,0,1009.5,2.2000000000000455,-1.8999999999999986,14.0,0.0,1.0,0.0,0.0,0.47275920928627757,-0.881191653407483,雨,雨時々曇
2022-06-04,0.0,0.0,0.0,14.0,18.8,11.6,78,58.0,1.9,4.1,8.5,3.5,0,0,1013.0,3.5,-0.8000000000000007,-15.0,0.0,0.0,1.0,0.0,0.4575313760742512,-0.8891934772070711,曇,曇時々晴
2022-06-05,0.0,0.0,0.0,14.4,19.5,11.5,74,60.0,2.1,4.4,8.7,3.5,0,0,1012.7,-0.2999999999999545,0.40000000000000036,-4.0,0.0,1.0,0.0,0.0,0.44216815196707204,-0.8969321743510065,雨,雨時々曇
2022-06-06,9.0,2.5,0.5,13.3,16.7,10.4,77,60.0,3.4,6.0,11.8,0.0,0,0,1008.1,-4.600000000000023,-1.0999999999999996,3.0,0.0,0.0,1.0,0.0,0.42667408318992467,-0.9044054548343001,雨,雨後曇
2022-06-07,12.0,3.0,1.0,11.5,14.6,7.4,86,67.0,1.9,4.2,7.2,0.0,0,0,1006.8,-1.3000000000000682,-1.8000000000000007,9.0,0.0,0.0,1.0,0.0,0.4110537546870351,-0.9116111071930239,晴,晴
2022-06-08,0.0,0.0,0.0,13.7,21.9,6.0,75,42.0,1.9,4.0,6.9,13.1,0,0,1012.5,5.7000000000000455,2.1999999999999993,-11.0,1.0,0.0,0.0,0.0,0.3953117887649151,-0.9185469991587165,曇,曇時々晴
2022-06-09,0.0,0.0,0.0,15.3,22.3,8.3,77,44.0,1.8,4.1,7.8,11.8,0,0,1016.8,4.2999999999999545,1.6000000000000014,2.0,0.0,1.0,0.0,0.0,0.37945284372454435,-0.925211078289358,晴,晴時々曇
2022-06-10,0.0,0.0,0.0,17.1,24.2,10.0,78,56.0,1.8,4.3,8.6,12.4,0,0,1016.8,0.0,1.8000000000000007,1.0,1.0,0.0,0.0,0.0,0.36348161248290634,-0.9316013725767187,曇,曇時々晴
2022-06-11,0.0,0.0,0.0,16.8,23.0,13.5,86,63.0,1.9,5.1,9.2,6.4,0,0,1015.8,-1.0,-0.3000000000000007,8.0,0.0,1.0,0.0,0.0,0.3474028211842774,-0.9377159910299093,晴,晴時々曇
2022-06-12,0.0,0.0,0.0,16.4,22.6,11.7,78,51.0,2.3,5.8,11.1,8.3,0,0,1011.5,-4.2999999999999545,-0.40000000000000213,-8.0,1.0,0.0,0.0,0.0,0.3312212278016865,-0.9435531242349544,曇,曇時々晴
2022-06-13,0.0,0.0,0.0,15.8,20.7,10.8,77,59.0,1.4,3.4,8.2,1.6,0,0,1015.5,4.0,-0.5999999999999979,-1.0,0.0,1.0,0.0,0.0,0.31494162072895193,-0.9491110448902284,晴,晴後一時曇
2022-06-14,0.0,0.0,0.0,16.9,26.3,9.3,69,22.0,2.2,5.7,9.9,10.9,0,0,1017.5,2.0,1.0999999999999979,-8.0,1.0,0.0,0.0,0.0,0.2985688173637202,-0.9543881083175908,曇,曇後一時雨
2022-06-15,1.5,1.5,0.5,15.8,20.8,10.0,84,54.0,1.3,3.3,6.1,0.9,0,0,1012.5,-5.0,-1.0999999999999979,15.0,0.0,1.0,0.0,0.0,0.2821076626819194,-0.9593827529490743,曇,曇時々雨
2022-06-16,0.0,0.0,0.0,19.7,24.2,14.1,82,60.0,2.5,7.7,15.2,5.8,0,0,1006.1,-6.399999999999977,3.8999999999999986,-2.0,0.0,1.0,0.0,0.0,0.26556302780405594,-0.9640935007889755,曇,曇一時雨後晴
2022-06-17,0.0,0.0,0.0,19.4,24.4,15.6,87,58.0,1.4,3.2,5.4,1.7,0,0,1008.0,1.8999999999999773,-0.3000000000000007,5.0,0.0,1.0,0.0,0.0,0.24893980855376657,-0.9685189578512204,晴,晴
2022-06-18,0.0,0.0,0.0,21.6,29.4,14.1,74,41.0,1.8,4.8,8.1,13.9,0,0,1008.7,0.7000000000000455,2.200000000000003,-13.0,1.0,0.0,0.0,0.0,0.23224292400907015,-0.9726578145718654,曇,曇時々雨、雷を伴う
2022-06-19,2.5,1.5,1.5,20.9,26.0,15.7,85,67.0,1.3,3.7,7.6,0.6,0,0,1005.3,-3.400000000000091,-0.7000000000000028,11.0,0.0,1.0,0.0,0.0,0.21547731504673012,-0.976508846196619,晴,晴
2022-06-20,0.0,1.5,0.0,22.3,28.4,15.4,67,34.0,2.3,5.0,10.0,12.5,0,0,1003.9,-1.3999999999999773,1.4000000000000021,-18.0,1.0,0.0,0.0,0.0,0.19864794288017112,-0.9800709131432666,晴,晴
2022-06-21,0.0,0.0,0.0,20.3,27.5,13.9,74,40.0,1.7,3.9,7.2,14.1,0,0,1008.8,4.899999999999977,-2.0,7.0,1.0,0.0,0.0,0.0,0.18175978759137534,-0.9833429613388902,晴,晴後時々曇
2022-06-22,0.0,0.0,0.0,20.8,27.8,14.6,80,55.0,1.8,4.5,8.1,10.9,0,0,1010.2,1.400000000000091,0.5,6.0,1.0,0.0,0.0,0.0,0.16481784665719793,-0.9863240225317866,曇,曇時々雨
2022-06-23,0.0,0.0,0.0,20.5,26.2,16.3,86,67.0,1.4,3.6,7.0,3.1,0,0,1010.0,-0.20000000000004547,-0.3000000000000007,6.0,0.0,1.0,0.0,0.0,0.14782713347053048,-0.9890132145779883,雨,雨時々曇
2022-06-24,10.0,2.5,2.0,22.9,25.6,18.1,93,73.0,1.4,3.5,8.9,0.0,0,0,999.2,-10.799999999999955,2.3999999999999986,7.0,0.0,0.0,1.0,0.0,0.13079267585675922,-0.9914097417023038,晴,晴時々曇一時雨
2022-06-25,0.0,0.0,0.0,24.4,29.5,19.6,75,54.0,2.7,6.2,11.6,9.0,0,0,1002.4,3.199999999999932,1.5,-18.0,1.0,0.0,0.0,0.0,0.11371951458594969,-0.9935128947338007,晴,晴後雨時々曇
2022-06-26,3.0,2.0,1.0,24.0,29.2,17.9,79,57.0,2.6,7.7,14.7,8.5,0,0,1008.7,6.300000000000068,-0.3999999999999986,4.0,1.0,0.0,0.0,0.0,0.0966127018812031,-0.9953220513156602,雨,雨一時曇後晴
2022-06-27,4.0,4.0,3.0,24.0,29.4,19.3,79,47.0,2.3,5.4,9.4,10.7,0,0,1008.8,0.09999999999990905,0.0,0.0,0.0,0.0,1.0,0.0,0.07947729992362097,-0.9968366760893436,雨,大雨
2022-06-28,75.0,24.0,6.5,23.0,27.2,19.2,93,75.0,2.0,5.2,9.6,0.0,0,0,1007.8,-1.0,-1.0,14.0,0.0,0.0,1.0,0.0,0.062318379354325076,-0.998056320853012,雨,雨一時曇
2022-06-29,12.5,3.5,1.0,24.5,27.0,23.5,88,69.0,4.6,8.8,15.8,0.0,0,0,1005.0,-2.7999999999999545,1.5,-5.0,0.0,0.0,1.0,0.0,0.04514101777397193,-0.9989806246941579,曇,曇後時々雨
2022-06-30,27.0,16.0,6.0,23.3,28.9,19.6,91,69.0,1.9,4.1,7.9,3.3,0,0,1010.4,5.399999999999977,-1.1999999999999993,3.0,0.0,1.0,0.0,0.0,0.02795029824021032,-0.999609314096404,雨,雨時々曇
2022-07-01,3.0,2.5,1.0,21.0,23.4,18.5,96,86.0,1.0,2.8,4.6,0.1,0,0,1015.2,4.800000000000068,-2.3000000000000007,5.0,0.0,0.0,1.0,0.0,0.01075130776352193,-0.9999422030204416,曇,曇
2022-07-02,0.0,0.0,0.0,24.8,31.2,20.2,86,56.0,1.1,3.5,5.9,2.3,0,0,1013.9,-1.3000000000000682,3.8000000000000007,-10.0,0.0,1.0,0.0,0.0,-0.00645086419810515,-0.9999791929590823,晴,晴
2022-07-03,0.0,0.0,0.0,25.9,32.7,19.1,79,55.0,1.6,4.0,6.6,14.0,0,0,1010.1,-3.7999999999999545,1.0999999999999979,-7.0,1.0,0.0,0.0,0.0,-0.023651127245231586,-0.9997202729664083,曇,曇時々雨一時晴、雷を伴う
2022-07-04,0.0,0.0,0.0,26.2,31.2,20.3,76,60.0,1.9,4.1,8.0,9.0,0,0,1008.3,-1.8000000000000682,0.3000000000000007,-3.0,0.0,1.0,0.0,0.0,-0.04084439154329611,-0.9991655196610109,曇,曇時々雨、雷を伴う
2022-07-05,36.0,23.0,7.0,23.7,30.2,20.5,90,60.0,1.1,4.3,7.4,3.6,0,0,1008.9,0.6000000000000227,-2.5,14.0,0.0,1.0,0.0,0.0,-0.05802556932878035,-0.9983150972033183,晴,晴
2022-07-06,0.0,0.0,0.0,23.9,31.1,19.2,85,54.0,1.8,3.8,7.1,11.0,0,0,1010.3,1.3999999999999773,0.1999999999999993,-5.0,1.0,0.0,0.0,0.0,-0.07518957641475855,-0.9971692572470178,晴,晴
2022-07-07,0.0,0.0,0.0,22.6,28.6,18.8,85,66.0,1.9,4.4,7.8,10.4,0,0,1012.2,1.900000000000091,-1.2999999999999972,0.0,1.0,0.0,0.0,0.0,-0.09233133369539123,-0.9957283388645872,晴,晴
2022-07-08,0.0,0.0,0.0,23.6,31.0,18.4,78,52.0,2.3,5.0,10.1,11.0,0,0,1009.6,-2.6000000000000227,1.0,-7.0,1.0,0.0,0.0,0.0,-0.10944576864891556,-0.993992768446958,曇,曇時々晴一時雨
2022-07-09,0.0,0.0,0.0,22.8,28.5,18.4,80,62.0,2.1,5.0,10.7,9.3,0,0,1006.7,-2.8999999999999773,-0.8000000000000007,2.0,0.0,1.0,0.0,0.0,-0.12652781683868314,-0.9919630595773397,雨,雨後曇時々晴
2022-07-10,3.5,2.0,1.0,23.1,28.6,19.3,85,61.0,1.3,2.8,5.8,4.7,0,0,1006.7,0.0,0.3000000000000007,5.0,0.0,0.0,1.0,0.0,-0.1435724234118113,-0.9896398128792412,晴,晴時々曇
2022-07-11,0.0,0.0,0.0,25.1,32.3,19.6,82,56.0,1.7,4.3,7.0,12.1,0,0,1008.8,2.099999999999909,2.0,-3.0,1.0,0.0,0.0,0.0,-0.16057454459499376,-0.9870237158387383,曇,曇後一時雨
2022-07-12,13.0,7.0,2.0,24.0,27.9,21.3,91,76.0,1.4,3.1,5.4,0.3,0,0,1008.1,-0.6999999999999318,-1.1000000000000014,9.0,0.0,1.0,0.0,0.0,-0.17752914918703497,-0.984115542601034,雨,雨時々曇
2022-07-13,14.5,11.5,3.5,21.9,25.9,19.6,95,75.0,1.5,3.3,7.3,0.1,0,0,1008.0,-0.10000000000002274,-2.1000000000000014,4.0,0.0,0.0,1.0,0.0,-0.19443122004766195,-0.9809161537413774,晴,晴時々曇
2022-07-14,0.0,0.0,0.0,22.8,28.2,18.6,80,57.0,2.5,5.2,9.8,8.8,0,0,1005.8,-2.2000000000000455,0.9000000000000021,-15.0,1.0,0.0,0.0,0.0,-0.2112757555821793,-0.9774264960104055,曇,曇時々雨
2022-07-15,4.0,3.5,1.5,22.9,27.0,19.0,83,67.0,1.5,4.2,7.9,0.1,0,0,1003.1,-2.699999999999932,0.09999999999999787,3.0,0.0,1.0,0.0,0.0,-0.2280577712215198,-0.9736476020539838,雨,雨時々曇
2022-07-16,6.5,3.5,2.0,21.8,27.2,18.3,89,66.0,2.0,5.0,10.6,0.5,0,0,1005.0,1.8999999999999773,-1.0999999999999979,6.0,0.0,0.0,1.0,0.0,-0.24477230089725957,-0.9695805901076308,雨,雨時々曇
2022-07-17,1.5,1.0,0.5,20.2,24.3,18.4,96,83.0,1.1,2.2,4.3,1.7,0,0,1001.4,-3.6000000000000227,-1.6000000000000014,7.0,0.0,0.0,1.0,0.0,-0.2614143985111562,-0.965226663665613,曇,曇時々晴
2022-07-18,0.0,0.0,0.0,22.8,28.5,17.4,90,72.0,1.4,4.0,6.3,5.1,0,0,1002.7,1.3000000000000682,2.6000000000000014,-6.0,0.0,1.0,0.0,0.0,-0.2779791393987801,-0.9605871111248129,雨,雨時々曇
2022-07-19,16.0,8.5,3.0,22.6,25.8,19.9,96,81.0,1.3,2.9,5.4,0.0,0,0,1002.0,-0.7000000000000455,-0.1999999999999993,6.0,0.0,0.0,1.0,0.0,-0.2944616217868012,-0.9556633054034704,曇,曇時々雨
2022-07-20,7.0,3.5,2.5,22.6,27.0,20.1,93,75.0,1.4,6.1,12.1,0.0,0,0,1003.1,1.1000000000000227,0.0,-3.0,0.0,1.0,0.0,0.0,-0.3108569682435036,-0.9504567035349151,雨,雨時々曇一時晴
2022-07-21,4.0,2.5,2.0,22.8,26.8,20.6,94,73.0,1.3,3.7,6.5,0.9,0,0,1005.3,2.199999999999932,0.1999999999999993,1.0,0.0,0.0,1.0,0.0,-0.3271603271220951,-0.9449688462364056,雨,雨時々曇
2022-07-22,7.5,4.0,2.0,21.1,23.3,20.1,98,83.0,1.0,2.6,4.8,0.0,0,0,1002.6,-2.699999999999932,-1.6999999999999993,4.0,0.0,0.0,1.0,0.0,-0.34336687399638804,-0.939201357453208,曇,曇時々雨
2022-07-23,0.5,0.5,0.5,21.8,24.6,19.8,95,84.0,1.1,2.5,4.5,0.0,0,0,1002.3,-0.3000000000000682,0.6999999999999993,-3.0,0.0,1.0,0.0,0.0,-0.3594718130884232,-0.9331559438780432,曇,曇
2022-07-24,1.0,1.0,0.5,22.6,25.4,20.4,87,74.0,1.5,3.4,5.9,1.2,0,0,1007.9,5.600000000000023,0.8000000000000007,-8.0,0.0,1.0,0.0,0.0,-0.3754703786876202,-0.9268343944460494,晴,晴時々曇
2022-07-25,0.0,0.0,0.0,22.9,28.3,18.5,88,69.0,1.5,4.3,7.1,8.8,0,0,1010.8,2.8999999999999773,0.29999999999999716,1.0,1.0,0.0,0.0,0.0,-0.3913578365610259,-0.9202385798054075,晴,晴時々曇
2022-07-26,0.0,0.0,0.0,24.8,30.9,19.5,86,67.0,1.4,3.9,7.1,9.4,0,0,1010.9,0.10000000000002274,1.9000000000000021,-2.0,1.0,0.0,0.0,0.0,-0.4071294853542516,-0.9133704517637858,曇,曇時々晴一時雨
2022-07-27,0.0,0.0,0.0,24.7,29.6,20.4,88,70.0,1.7,4.0,7.7,6.8,0,0,1012.1,1.2000000000000455,-0.10000000000000142,2.0,0.0,1.0,0.0,0.0,-0.4227806579826773,-0.9062320427107697,晴,晴時々曇
2022-07-28,0.0,0.0,0.0,24.5,29.0,20.8,85,66.0,1.7,5.1,8.4,10.7,0,0,1014.7,2.6000000000000227,-0.1999999999999993,-3.0,1.0,0.0,0.0,0.0,-0.4383067230125192,-0.898825465016444,晴,晴時々曇
2022-07-29,0.0,0.0,0.0,25.2,30.6,19.8,85,60.0,1.6,3.8,6.9,13.1,0,0,1016.4,1.6999999999999318,0.6999999999999993,0.0,1.0,0.0,0.0,0.0,-0.45370308603134424,-0.8911529104063088,晴,晴
2022-07-30,0.0,0.0,0.0,25.3,30.4,20.0,87,71.0,1.8,4.9,8.0,12.2,0,0,1014.4,-2.0,0.10000000000000142,2.0,1.0,0.0,0.0,0.0,-0.46896519100763184,-0.8832166493127127,晴,晴時々曇
2022-07-31,0.0,0.0,0.0,27.0,33.8,19.5,76,54.0,1.6,3.7,7.2,11.1,0,0,1012.5,-1.8999999999999773,1.6999999999999993,-11.0,1.0,0.0,0.0,0.0,-0.48408852163897587,-0.8750190302029955,雨,雨
2022-08-01,21.5,11.0,6.0,25.5,29.1,23.8,95,84.0,1.1,3.3,5.9,0.0,0,0,1012.3,-0.20000000000004547,-1.5,19.0,0.0,0.0,1.0,0.0,-0.4990686026885319,-0.8665624788845385,雨,雨後曇一時晴
2022-08-02,16.0,8.0,5.5,26.1,29.5,24.3,92,76.0,1.6,4.5,9.2,0.0,0,0,1010.1,-2.199999999999932,0.6000000000000014,-3.0,0.0,0.0,1.0,0.0,-0.5139010013093103,-0.8578494977869301,雨,雨後曇、雷を伴う
2022-08-03,86.0,28.5,7.0,23.0,28.2,19.0,93,72.0,1.6,4.5,8.4,2.9,0,0,1008.2,-1.8999999999999773,-3.1000000000000014,1.0,0.0,0.0,1.0,0.0,-0.5285813283559292,-0.8488826652214553,晴,晴
2022-08-04,0.0,0.0,0.0,22.7,28.9,17.4,80,55.0,1.8,3.9,6.9,10.7,0,0,1009.5,1.2999999999999545,-0.3000000000000007,-13.0,1.0,0.0,0.0,0.0,-0.5431052396834317,-0.8396646346181327,晴,晴
2022-08-05,0.0,0.0,0.0,22.7,29.6,17.6,82,58.0,1.7,3.9,7.1,11.9,0,0,1008.9,-0.6000000000000227,0.0,2.0,1.0,0.0,0.0,0.0,-0.5574684374327892,-0.8301981337405212,晴,晴時々曇
2022-08-06,0.0,0.0,0.0,22.9,29.0,18.0,83,62.0,1.6,3.8,6.6,10.2,0,0,1009.5,0.6000000000000227,0.1999999999999993,1.0,1.0,0.0,0.0,0.0,-0.5716666713027052,-0.8204859638785327,曇,曇時々雨、雷を伴う
2022-08-07,0.0,0.0,0.0,24.1,28.1,20.1,91,76.0,1.0,2.2,4.1,0.5,0,0,1010.2,0.7000000000000455,1.2000000000000028,8.0,0.0,1.0,0.0,0.0,-0.5856957398073508,-0.8105309990194823,曇,曇後時々晴
2022-08-08,0.0,0.0,0.0,27.5,32.2,22.1,83,63.0,2.1,4.9,8.7,0.7,0,0,1007.2,-3.0,3.3999999999999986,-8.0,0.0,1.0,0.0,0.0,-0.5995514915196489,-0.8003361849976323,雨,大雨、雷を伴う
2022-08-09,137.0,25.5,11.0,23.6,26.6,21.3,99,87.0,1.4,4.2,9.0,0.0,0,0,1004.9,-2.300000000000068,-3.8999999999999986,16.0,0.0,0.0,1.0,0.0,-0.6132298262997502,-0.7899045386224707,雨,雨後時々曇
2022-08-10,36.0,14.5,4.5,22.8,25.3,20.2,99,88.0,1.0,2.8,5.6,0.0,0,0,1006.9,2.0,-0.8000000000000007,0.0,0.0,0.0,1.0,0.0,-0.6267266965083301,-0.7792391467859886,雨,雨時々曇
2022-08-11,32.5,7.5,3.5,24.7,28.8,22.8,96,74.0,1.3,4.2,8.5,0.1,0,0,1006.9,0.0,1.8999999999999986,-3.0,0.0,0.0,1.0,0.0,-0.6400381082043503,-0.7683431655492202,雨,雨後曇一時晴
2022-08-12,30.5,11.0,6.0,25.9,30.9,22.4,89,64.0,1.3,3.5,8.7,1.9,0,0,1004.7,-2.199999999999932,1.1999999999999993,-7.0,0.0,0.0,1.0,0.0,-0.65316012232693,-0.7572198192083127,曇,曇時々晴
2022-08-13,0.0,0.0,0.0,24.7,29.5,22.3,91,73.0,1.6,4.4,7.4,8.4,0,0,1007.1,2.3999999999999773,-1.1999999999999993,2.0,0.0,1.0,0.0,0.0,-0.666088855860977,-0.7458723993404063,曇,曇後時々晴
2022-08-14,0.0,0.0,0.0,24.1,30.2,20.7,85,54.0,1.6,4.4,8.0,5.5,0,0,1006.3,-0.8000000000000682,-0.5999999999999979,-6.0,0.0,1.0,0.0,0.0,-0.6788204829862357,-0.734304263829602,曇,曇後時々雨
2022-08-15,34.5,21.5,12.0,23.1,27.2,19.6,86,63.0,1.3,3.5,8.2,0.3,0,0,1004.3,-2.0,-1.0,1.0,0.0,1.0,0.0,0.0,-0.6913512362094071,-0.722518835873311,雨,雨後曇時々晴
2022-08-16,12.0,6.0,2.5,26.1,30.6,21.2,84,64.0,3.2,7.5,13.8,2.9,0,0,996.9,-7.399999999999977,3.0,-2.0,0.0,0.0,1.0,0.0,-0.7036774074790128,-0.7105196029692745,晴,晴後一時曇
2022-08-17,0.0,0.0,0.0,23.6,28.5,20.2,83,57.0,1.6,3.8,6.5,9.2,0,0,1008.9,12.0,-2.5,-1.0,1.0,0.0,0.0,0.0,-0.7157953492826642,-0.6983101158835584,雨,大雨
2022-08-18,44.5,8.5,3.5,20.3,22.2,18.7,99,93.0,1.5,3.9,7.2,0.0,0,0,1003.2,-5.699999999999932,-3.3000000000000007,16.0,0.0,0.0,1.0,0.0,-0.7277014757264236,-0.6858939875998223,晴,晴
2022-08-19,0.0,0.0,0.0,22.7,28.4,17.7,78,50.0,1.6,3.7,7.6,12.2,0,0,1003.6,0.39999999999997726,2.3999999999999986,-21.0,1.0,0.0,0.0,0.0,-0.7393922635959241,-0.673274892250183,雨,雨時々曇
2022-08-20,3.5,2.0,1.5,23.4,27.9,19.5,89,64.0,1.6,4.4,9.4,0.0,0,0,1000.0,-3.6000000000000227,0.6999999999999993,11.0,0.0,0.0,1.0,0.0,-0.7508642533989489,-0.6604565640279754,晴,晴
2022-08-21,0.0,0.0,0.0,23.0,28.6,18.9,77,33.0,1.6,4.1,7.2,12.4,0,0,1006.1,6.100000000000023,-0.3999999999999986,-12.0,1.0,0.0,0.0,0.0,-0.7621140503891487,-0.6474427960827475,晴,晴後時々曇
2022-08-22,0.0,0.0,0.0,24.2,31.2,16.6,80,56.0,1.4,2.8,5.4,11.3,0,0,1007.3,1.1999999999999318,1.1999999999999993,3.0,1.0,0.0,0.0,0.0,-0.7731383255706027,-0.6342374393978054,曇,曇時々雨
2022-08-23,3.0,2.5,1.0,25.8,31.9,21.5,82,66.0,1.9,4.8,9.6,2.6,0,0,1002.4,-4.899999999999977,1.6000000000000014,2.0,0.0,1.0,0.0,0.0,-0.7839338166829201,-0.620844401650647,晴,晴時々曇
2022-08-24,0.0,0.0,0.0,21.6,28.4,16.5,74,40.0,2.0,4.1,9.0,10.8,0,0,1008.0,5.600000000000023,-4.199999999999999,-8.0,1.0,0.0,0.0,0.0,-0.7944973291665992,-0.6072676460566135,曇,曇時々晴
2022-08-25,0.0,0.0,0.0,21.5,28.7,15.3,78,53.0,1.6,4.0,6.8,9.0,0,0,1006.9,-1.1000000000000227,-0.10000000000000142,4.0,0.0,1.0,0.0,0.0,-0.8048257371083452,-0.593511190196115,曇,曇時々雨一時晴
2022-08-26,0.0,0.0,0.0,21.9,26.6,19.7,79,47.0,1.3,2.4,5.5,2.4,0,0,1007.0,0.10000000000002274,0.3999999999999986,1.0,0.0,1.0,0.0,0.0,-0.8149159841660791,-0.5795791048257612,曇,曇後時々雨
2022-08-27,0.0,0.0,0.0,23.4,29.6,19.2,83,61.0,1.1,2.9,5.6,0.3,0,0,1006.2,-0.7999999999999545,1.5,4.0,0.0,1.0,0.0,0.0,-0.8247650844733614,-0.5654755126737576,曇,曇一時雨
2022-08-28,2.0,1.0,0.5,20.3,24.2,16.0,81,49.0,1.5,3.4,6.6,3.1,0,0,1012.9,6.699999999999932,-3.099999999999998,-2.0,0.0,1.0,0.0,0.0,-0.8343701235229537,-0.5512045872199277,曇,曇時々晴
2022-08-29,0.0,0.0,0.0,20.0,25.6,14.2,77,47.0,1.5,3.0,5.7,6.7,0,0,1018.9,6.0,-0.3000000000000007,-4.0,0.0,1.0,0.0,0.0,-0.8437282590292712,-0.5367705514607103,曇,曇時々雨
2022-08-30,9.0,2.0,0.5,20.6,25.8,16.5,87,62.0,1.2,2.5,4.1,0.6,0,0,1015.1,-3.7999999999999545,0.6000000000000014,10.0,0.0,1.0,0.0,0.0,-0.8528367217694595,-0.522177676659508,雨,雨、雷を伴う
2022-08-31,48.5,19.5,12.0,19.3,21.7,16.5,99,91.0,1.0,5.0,12.2,0.0,0,0,1007.9,-7.2000000000000455,-1.3000000000000007,12.0,0.0,0.0,1.0,0.0,-0.8616928164028521,-0.5074302810827518,雨,雨後曇
2022-09-01,11.0,5.0,1.5,21.7,25.3,19.9,96,81.0,1.0,2.9,4.9,0.0,0,0,1010.4,2.5,2.3999999999999986,-3.0,0.0,0.0,1.0,0.0,-0.8702939222685674,-0.49253272872205434,曇,曇
2022-09-02,0.0,0.0,0.0,20.0,23.8,16.2,84,64.0,1.5,4.1,8.6,0.0,0,0,1017.7,7.300000000000068,-1.6999999999999993,-12.0,0.0,1.0,0.0,0.0,-0.8786374941610001,-0.4774894280028391,曇,曇時々雨
2022-09-03,0.0,0.0,0.0,18.9,23.1,15.4,86,68.0,1.1,2.6,5.4,0.0,0,0,1018.4,0.6999999999999318,-1.1000000000000014,2.0,0.0,1.0,0.0,0.0,-0.886721063082993,-0.46230483047981086,晴,晴一時曇
2022-09-04,0.0,0.0,0.0,22.4,28.5,18.5,85,59.0,1.5,3.5,6.6,7.8,0,0,1017.1,-1.2999999999999545,3.5,-1.0,1.0,0.0,0.0,0.0,-0.8945422369764496,-0.4469834295196742,曇,曇一時雨後晴
2022-09-05,0.0,0.0,0.0,24.1,31.8,18.3,85,57.0,1.4,3.9,6.6,10.6,0,0,1014.6,-2.5,1.7000000000000028,0.0,0.0,1.0,0.0,0.0,-0.9020987014301837,-0.4315297589714715,晴,晴
2022-09-06,0.0,0.0,0.0,27.5,34.9,20.8,70,43.0,2.4,6.4,12.8,11.1,0,0,1007.5,-7.100000000000023,3.3999999999999986,-15.0,1.0,0.0,0.0,0.0,-0.9093882203647925,-0.4159483918249421,晴,晴
2022-09-07,0.0,0.0,0.0,23.3,28.6,17.3,68,40.0,1.9,3.7,6.9,12.1,0,0,1014.5,7.0,-4.199999999999999,-2.0,1.0,0.0,0.0,0.0,-0.9164086366943458,-0.4002439388573056,晴,晴後時々曇
2022-09-08,0.0,0.0,0.0,19.9,26.4,15.0,74,41.0,1.6,3.7,6.5,9.8,0,0,1018.4,3.8999999999999773,-3.400000000000002,6.0,1.0,0.0,0.0,0.0,-0.9231578729647039,-0.38442104726885545,晴,晴
2022-09-09,0.0,0.0,0.0,20.8,29.0,15.1,74,26.0,1.5,4.0,6.6,11.5,0,0,1016.7,-1.6999999999999318,0.9000000000000021,0.0,1.0,0.0,0.0,0.0,-0.9296339319682695,-0.3684843993077793,晴,晴
2022-09-10,0.0,0.0,0.0,20.6,27.9,14.8,76,51.0,1.9,3.9,7.8,12.1,0,0,1019.1,2.3999999999999773,-0.1999999999999993,2.0,1.0,0.0,0.0,0.0,-0.9358348973349941,-0.35243871088460327,晴,晴
2022-09-11,0.0,0.0,0.0,20.7,28.3,14.8,82,50.0,1.6,3.9,6.8,10.7,0,0,1017.5,-1.6000000000000227,0.09999999999999787,6.0,1.0,0.0,0.0,0.0,-0.9417589340994617,-0.33628873017668287,晴,晴後一時曇
2022-09-12,0.0,0.0,0.0,22.3,29.8,15.7,78,40.0,1.5,3.2,5.5,10.8,0,0,1015.7,-1.7999999999999545,1.6000000000000014,-4.0,1.0,0.0,0.0,0.0,-0.9474042892438845,-0.32003923622313857,曇,曇時々晴
2022-09-13,0.0,0.0,0.0,23.5,30.5,18.7,79,41.0,1.5,4.0,7.0,7.9,0,0,1015.4,-0.3000000000000682,1.1999999999999993,1.0,0.0,1.0,0.0,0.0,-0.9527692922168511,-0.30369503751065885,晴,晴
2022-09-14,0.0,0.0,0.0,19.9,25.8,14.4,77,48.0,1.7,3.9,6.5,10.6,0,0,1018.7,3.300000000000068,-3.6000000000000014,-2.0,1.0,0.0,0.0,0.0,-0.9578523554276669,-0.28726097055059635,曇,曇時々晴
2022-09-15,0.0,0.0,0.0,19.2,25.5,13.0,81,53.0,1.3,3.0,5.1,7.5,0,0,1015.8,-2.900000000000091,-0.6999999999999993,4.0,0.0,1.0,0.0,0.0,-0.9626519747161487,-0.2707418984477642,曇,曇
2022-09-16,0.0,0.0,0.0,21.2,26.5,17.1,86,62.0,1.5,3.1,6.1,7.3,0,0,1014.2,-1.599999999999909,2.0,5.0,0.0,1.0,0.0,0.0,-0.9671667297977312,-0.2541427094613622,晴,晴
2022-09-17,0.0,0.0,0.0,23.5,32.6,16.8,82,45.0,1.3,3.7,6.4,11.4,0,0,1013.7,-0.5,2.3000000000000007,-4.0,1.0,0.0,0.0,0.0,-0.97139528468375,-0.23746831555846842,曇,曇後一時雨
2022-09-18,0.0,0.0,0.0,23.9,30.1,19.5,84,52.0,1.2,3.0,6.1,3.3,0,0,1010.9,-2.800000000000068,0.3999999999999986,2.0,0.0,1.0,0.0,0.0,-0.9753363880767837,-0.2207236509605022,曇,曇一時雨
2022-09-19,1.0,1.0,0.5,23.7,27.9,21.4,95,80.0,1.2,4.0,8.3,1.2,0,0,1000.0,-10.899999999999977,-0.1999999999999993,11.0,0.0,1.0,0.0,0.0,-0.9789888737409319,-0.20391367068311472,雨,雨後曇一時晴
2022-09-20,43.5,13.5,3.0,16.0,21.5,12.7,78,50.0,2.8,5.1,12.6,2.1,0,0,1004.2,4.2000000000000455,-7.699999999999999,-17.0,0.0,0.0,1.0,0.0,-0.9823516608469237,-0.18704334906991657,曇,曇一時雨後晴
2022-09-21,0.0,0.0,0.0,14.5,21.0,10.1,74,39.0,1.5,3.7,7.5,5.8,0,0,1017.9,13.699999999999932,-1.5,-4.0,0.0,1.0,0.0,0.0,-0.9854237542919524,-0.17011767832049052,晴,晴
2022-09-22,0.0,0.0,0.0,16.7,25.1,8.4,74,43.0,2.1,5.0,10.3,10.9,0,0,1021.2,3.300000000000068,2.1999999999999993,0.0,1.0,0.0,0.0,0.0,-0.9882042449941422,-0.15314166701312007,曇,曇時々雨
2022-09-23,4.5,3.0,1.5,19.9,23.3,16.2,93,80.0,0.9,2.0,3.5,0.0,0,0,1013.8,-7.400000000000091,3.1999999999999993,19.0,0.0,1.0,0.0,0.0,-0.9906923101615609,-0.13612033862266704,雨,雨後曇時々晴
2022-09-24,11.0,4.5,1.5,20.0,26.1,13.8,86,46.0,1.6,4.7,9.3,4.5,0,0,1010.1,-3.699999999999932,0.10000000000000142,-7.0,0.0,0.0,1.0,0.0,-0.9928872135356962,-0.11905873003404988,晴,晴時々曇
2022-09-25,0.0,0.0,0.0,18.3,24.7,12.5,78,51.0,1.5,4.0,6.6,10.2,0,0,1016.5,6.399999999999977,-1.6999999999999993,-8.0,1.0,0.0,0.0,0.0,-0.994788305609327,-0.10196189005174576,晴,晴時々曇
2022-09-26,0.0,0.0,0.0,18.2,24.1,15.0,81,59.0,1.6,3.9,7.1,7.3,0,0,1017.2,0.7000000000000455,-0.10000000000000142,3.0,1.0,0.0,0.0,0.0,-0.9963950238187231,-0.08483487790576538,曇,曇時々晴
2022-09-27,0.0,0.0,0.0,18.2,24.0,14.3,81,50.0,1.3,3.2,5.0,4.6,0,0,1017.0,-0.20000000000004547,0.0,0.0,0.0,1.0,0.0,0.0,-0.9977068927101168,-0.06768276175455162,雨,雨時々曇後晴
2022-09-28,0.0,0.0,0.0,18.4,25.5,14.2,80,41.0,1.4,3.1,5.2,7.0,0,0,1012.4,-4.600000000000023,0.1999999999999993,-1.0,0.0,0.0,1.0,0.0,-0.9987235240803972,-0.050510617185222886,晴,晴一時曇
2022-09-29,0.0,0.0,0.0,18.7,26.5,12.2,76,42.0,1.4,3.2,7.2,10.9,0,0,1012.7,0.3000000000000682,0.3000000000000007,-4.0,1.0,0.0,0.0,0.0,-0.9994446170919858,-0.033323525711631344,晴,晴
2022-09-30,0.0,0.0,0.0,19.4,26.7,13.9,81,51.0,1.6,3.7,6.4,11.0,0,0,1016.6,3.8999999999999773,0.6999999999999993,5.0,1.0,0.0,0.0,0.0,-0.9998699583618592,-0.016126573270657762,晴,晴一時曇
2022-10-01,0.0,0.0,0.0,19.0,27.2,12.9,79,46.0,1.6,4.0,6.8,10.3,0,0,1017.5,0.8999999999999773,-0.3999999999999986,-2.0,1.0,0.0,0.0,0.0,-0.9999994220246925,0.001075151282798226,晴,晴
2022-10-02,0.0,0.0,0.0,18.9,26.0,11.8,77,47.0,1.4,2.6,5.5,10.4,0,0,1021.7,4.2000000000000455,-0.10000000000000142,-2.0,1.0,0.0,0.0,0.0,-0.999832969770105,0.018276557681691223,曇,曇一時晴
2022-10-03,0.0,0.0,0.0,19.8,25.2,14.2,80,51.0,1.2,3.5,6.3,0.0,0,0,1019.1,-2.6000000000000227,0.9000000000000021,3.0,0.0,1.0,0.0,0.0,-0.9993706508539969,0.03547255575312556,雨,雨
2022-10-04,28.5,12.0,4.0,19.8,23.7,14.1,84,49.0,2.9,6.1,11.8,0.0,0,0,1006.6,-12.5,0.0,4.0,0.0,0.0,1.0,0.0,-0.9986126020839734,0.052658056924614005,曇,曇後時々雨
2022-10-05,0.0,0.0,0.0,12.0,14.9,9.1,69,50.0,2.0,4.3,9.6,0.1,0,0,1017.2,10.600000000000023,-7.800000000000001,-15.0,0.0,1.0,0.0,0.0,-0.9975590477788613,0.06982797572987089,曇,曇一時雨
2022-10-06,1.0,0.5,0.5,10.3,13.8,8.0,79,49.0,1.3,4.5,7.7,0.6,0,0,1022.3,5.099999999999909,-1.6999999999999993,10.0,0.0,1.0,0.0,0.0,-0.9962102997023297,0.0869772313136861,曇,曇後時々雨
2022-10-07,8.0,2.0,0.5,9.9,13.7,7.5,87,52.0,0.9,1.9,3.4,0.0,0,0,1020.4,-1.8999999999999773,-0.40000000000000036,8.0,0.0,1.0,0.0,0.0,-0.9945667569706337,0.1041007489354256,雨,雨時々晴後曇
2022-10-08,0.5,1.0,0.5,11.8,16.3,8.2,85,54.0,1.5,2.8,5.9,2.5,0,0,1021.8,1.3999999999999773,1.9000000000000004,-2.0,0.0,0.0,1.0,0.0,-0.9926289059345095,0.12119346147073601,曇,曇時々晴
2022-10-09,0.0,0.0,0.0,13.5,20.1,6.4,76,42.0,1.5,3.6,6.7,8.1,0,0,1025.7,3.900000000000091,1.6999999999999993,-9.0,0.0,1.0,0.0,0.0,-0.9903973200352558,0.13825031091098192,雨,雨後一時曇
2022-10-10,24.5,5.0,2.5,15.5,19.2,12.1,99,90.0,0.8,1.8,4.1,0.0,0,0,1008.5,-17.200000000000045,2.0,23.0,0.0,0.0,1.0,0.0,-0.9878726596350429,0.15526624985999563,雨,雨時々曇一時晴
2022-10-11,5.5,2.0,1.0,15.8,19.3,12.9,75,52.0,2.8,7.5,14.6,5.9,0,0,1009.6,1.1000000000000227,0.3000000000000007,-24.0,0.0,0.0,1.0,0.0,-0.9850556718215013,0.172236243027682,曇,曇一時雨後時々晴
2022-10-12,0.0,0.0,0.0,13.2,19.0,7.9,73,45.0,2.0,3.7,7.1,5.2,0,0,1024.9,15.300000000000068,-2.6000000000000014,-2.0,0.0,1.0,0.0,0.0,-0.981947190186646,0.18915526872004093,晴,晴
2022-10-13,0.0,0.0,0.0,11.8,19.2,6.1,79,43.0,1.5,3.0,5.6,10.3,0,0,1027.4,2.5,-1.3999999999999986,6.0,1.0,0.0,0.0,0.0,-0.9785481345802031,0.20601832032517084,晴,晴
2022-10-14,0.0,0.0,0.0,13.2,20.9,6.5,81,46.0,1.5,2.9,5.1,10.4,0,0,1021.2,-6.2000000000000455,1.3999999999999986,2.0,1.0,0.0,0.0,0.0,-0.9748595108374125,0.22282040779479959,曇,曇時々晴
2022-10-15,0.0,0.0,0.0,15.2,22.0,10.9,87,60.0,1.2,2.7,5.1,3.5,0,0,1018.8,-2.400000000000091,2.0,6.0,0.0,1.0,0.0,0.0,-0.9708824104813836,0.2395565591209271,晴,晴後時々曇
2022-10-16,0.0,0.0,0.0,15.9,22.2,10.4,84,54.0,1.3,2.4,4.6,9.0,0,0,1018.5,-0.2999999999999545,0.7000000000000011,-3.0,1.0,0.0,0.0,0.0,-0.9666180104000972,0.2562218218071163,曇,曇時々晴後雨
2022-10-17,0.5,0.5,0.5,15.1,21.9,9.5,82,55.0,1.8,4.2,9.2,1.1,0,0,1009.5,-9.0,-0.8000000000000007,-2.0,0.0,1.0,0.0,0.0,-0.9620675724981452,0.27281126433401914,曇,曇時々晴一時雨
2022-10-18,2.5,1.0,0.5,9.6,14.6,6.4,76,43.0,2.0,4.5,11.0,3.6,0,0,1014.6,5.100000000000023,-5.5,-6.0,0.0,1.0,0.0,0.0,-0.957232443323312,0.2893199776186952,雨,雨後曇時々晴
2022-10-19,1.0,0.5,0.5,9.3,14.4,5.6,78,54.0,1.9,4.7,10.8,3.5,0,0,1019.8,5.199999999999932,-0.29999999999999893,2.0,0.0,0.0,1.0,0.0,-0.9521140536681102,0.3057430764672831,晴,晴時々曇
2022-10-20,0.0,0.0,0.0,11.7,17.6,6.1,71,40.0,1.9,5.6,10.2,7.3,0,0,1022.7,2.900000000000091,2.3999999999999986,-7.0,1.0,0.0,0.0,0.0,-0.9467139181463862,0.3220757010206104,曇,曇時々晴
2022-10-21,0.0,0.0,0.0,14.6,20.9,7.8,76,46.0,1.5,4.5,8.7,5.6,0,0,1022.1,-0.6000000000000227,2.9000000000000004,5.0,0.0,1.0,0.0,0.0,-0.9410336347451197,0.3383130181923075,曇,曇時々晴
2022-10-22,1.0,0.5,0.5,15.8,22.6,9.7,75,41.0,1.7,4.9,9.5,4.8,0,0,1014.0,-8.100000000000023,1.200000000000001,-1.0,0.0,1.0,0.0,0.0,-0.9350748843515574,0.3544502230989869,雨,雨時々曇
2022-10-23,0.5,0.5,0.5,10.5,13.1,7.2,84,66.0,1.5,3.3,7.1,0.2,0,0,1012.8,-1.2000000000000455,-5.300000000000001,9.0,0.0,0.0,1.0,0.0,-0.9288394302558068,0.3704825404820963,晴,晴後曇時々雨
2022-10-24,3.0,1.0,1.0,7.7,13.4,4.9,84,41.0,1.9,4.8,10.9,3.5,0,0,1016.2,3.400000000000091,-2.8,0.0,1.0,0.0,0.0,0.0,-0.9223291176290545,0.3864052261209853,雨,雨時々曇後晴
2022-10-25,0.0,0.0,0.0,7.2,13.7,3.3,83,45.0,1.6,3.5,6.5,3.8,0,0,1025.4,9.200000000000045,-0.5,-1.0,0.0,0.0,1.0,0.0,-0.9155458729775467,0.40221356823680365,晴,晴一時雨
2022-10-26,0.0,0.0,0.0,7.7,16.0,2.2,77,36.0,1.6,2.6,4.8,8.6,0,0,1028.8,3.3999999999998636,0.5,-6.0,1.0,0.0,0.0,0.0,-0.9084917035725082,0.41790288888678667,晴,晴後時々曇
2022-10-27,0.0,0.0,0.0,9.0,16.9,2.5,75,42.0,1.5,2.4,4.1,7.5,0,0,1026.0,-2.7999999999999545,1.2999999999999998,-2.0,1.0,0.0,0.0,0.0,-0.9011686968561569,0.4334685453485363,晴,晴後曇一時雨
2022-10-28,0.5,0.5,0.5,11.3,19.3,4.7,80,40.0,1.4,4.3,7.3,6.4,0,0,1023.3,-2.7000000000000455,2.3000000000000007,5.0,1.0,0.0,0.0,0.0,-0.8935790198239952,0.4489059314938798,雨,雨時々曇一時晴
2022-10-29,0.0,0.0,0.0,11.1,15.8,7.3,80,47.0,2.0,4.6,8.7,6.2,0,0,1022.4,-0.8999999999999773,-0.20000000000000107,0.0,0.0,0.0,1.0,0.0,-0.8857249183835637,0.4642104791518923,曇,曇時々雨一時晴
2022-10-30,3.0,1.5,1.0,11.0,16.4,8.3,88,57.0,1.4,3.4,6.7,2.5,0,0,1022.5,0.10000000000002274,-0.09999999999999964,8.0,0.0,1.0,0.0,0.0,-0.8776087166898392,0.4793776594606945,晴,晴
2022-10-31,0.0,0.0,0.0,10.8,17.5,6.5,82,50.0,1.4,2.8,5.1,8.6,0,0,1026.4,3.900000000000091,-0.1999999999999993,-6.0,1.0,0.0,0.0,0.0,-0.8692328164574792,0.4944029842076182,晴,晴時々曇
2022-11-01,0.0,0.0,0.0,11.5,19.5,5.4,78,40.0,1.4,3.2,5.4,6.8,0,0,1021.2,-5.2000000000000455,0.6999999999999993,-4.0,1.0,0.0,0.0,0.0,-0.8605996962501181,0.5092820071573356,曇,曇一時雨後晴
2022-11-02,0.5,0.5,0.5,10.9,16.3,6.1,85,58.0,1.7,3.9,7.0,7.0,0,0,1017.4,-3.800000000000068,-0.5999999999999996,7.0,0.0,1.0,0.0,0.0,-0.8517119107469189,0.5240103253675756,雨,雨時々曇
2022-11-03,18.5,5.0,1.5,8.3,13.0,5.2,93,83.0,1.4,3.4,6.6,0.0,0,0,1012.4,-5.0,-2.5999999999999996,8.0,0.0,0.0,1.0,0.0,-0.8425720899866032,0.5385835804920232,雨,雨時々曇一時晴
2022-11-04,3.5,2.5,1.0,6.3,11.3,3.2,84,46.0,1.8,4.5,10.1,2.9,0,0,1013.8,1.3999999999999773,-2.000000000000001,-9.0,0.0,0.0,1.0,0.0,-0.8331829385891785,0.5529974600700271,曇,曇後雨時々晴
2022-11-05,0.0,0.0,0.0,5.9,12.5,2.2,80,41.0,1.8,4.4,8.2,1.7,0,0,1017.1,3.300000000000068,-0.39999999999999947,-4.0,0.0,1.0,0.0,0.0,-0.8235472349556007,0.5672476988027229,雨,雨後時々晴、雷を伴う
2022-11-06,0.5,0.5,0.5,6.8,13.5,2.5,80,53.0,1.7,3.9,6.9,3.9,0,0,1020.7,3.6000000000000227,0.8999999999999995,0.0,0.0,0.0,1.0,0.0,-0.8136678304455991,0.5813300798152042,晴,晴時々曇
2022-11-07,0.0,0.0,0.0,8.1,15.0,1.6,76,40.0,1.3,2.7,5.7,7.0,0,0,1021.6,0.8999999999999773,1.2999999999999998,-4.0,1.0,0.0,0.0,0.0,-0.8035476485339116,0.5952404359043674,雨,雨時々曇一時晴、雷を伴う
2022-11-08,5.5,3.5,1.5,8.8,13.3,5.6,93,77.0,1.3,3.0,7.5,1.7,0,0,1018.2,-3.3999999999999773,0.7000000000000011,17.0,0.0,0.0,1.0,0.0,-0.7931896839451843,0.6089746507720486,晴,晴
2022-11-09,0.0,0.0,0.0,9.7,15.2,5.8,73,41.0,1.9,4.7,8.9,9.4,0,0,1022.5,4.2999999999999545,0.8999999999999986,-20.0,1.0,0.0,0.0,0.0,-0.7825970017677834,0.6225286602431057,晴,晴時々雨後曇
2022-11-10,1.5,1.0,0.5,11.4,17.9,5.7,81,44.0,1.7,5.1,9.9,4.0,0,0,1021.4,-1.1000000000000227,1.700000000000001,8.0,1.0,0.0,0.0,0.0,-0.7717727365467837,0.6358984534680745,晴,晴
2022-11-11,0.0,0.0,0.0,7.1,13.6,2.9,77,43.0,1.5,3.1,5.3,9.5,0,0,1028.2,6.800000000000068,-4.300000000000001,-4.0,1.0,0.0,0.0,0.0,-0.7607200913564104,0.6490800741100398,晴,晴
2022-11-12,0.0,0.0,0.0,8.9,19.0,1.1,71,28.0,1.2,2.6,5.1,8.9,0,0,1021.9,-6.300000000000068,1.8000000000000007,-6.0,1.0,0.0,0.0,0.0,-0.7494423368521953,0.6620696215153815,曇,曇後時々雨
2022-11-13,11.5,4.5,1.0,13.5,22.9,7.0,76,37.0,3.4,7.0,13.8,0.2,0,0,1005.9,-16.0,4.6,5.0,0.0,1.0,0.0,0.0,-0.7379428103031386,0.6748632518680403,雨,雨時々晴後曇
2022-11-14,2.0,1.0,0.5,7.4,11.2,3.7,78,51.0,2.1,4.4,10.5,3.7,0,0,1013.6,7.7000000000000455,-6.1,2.0,0.0,0.0,1.0,0.0,-0.7262249146041543,0.6874571793269664,晴,晴時々曇後雨
2022-11-15,5.0,2.5,1.0,7.7,13.6,3.2,86,51.0,1.4,5.0,10.1,4.7,0,0,1010.6,-3.0,0.2999999999999998,8.0,1.0,0.0,0.0,0.0,-0.7142921172691032,0.699847677146407,雨,雨時々曇一時晴、雷を伴う
2022-11-16,3.0,1.0,0.5,5.8,9.2,3.6,85,59.0,1.9,5.5,10.0,3.5,0,0,1013.1,2.5,-1.9000000000000004,-1.0,0.0,0.0,1.0,0.0,-0.7021479494046978,0.712031078778713,雨,雨時々曇一時晴
2022-11-17,1.0,0.5,0.5,5.2,10.7,1.3,72,35.0,2.1,4.5,11.1,4.4,0,0,1023.3,10.199999999999932,-0.5999999999999996,-13.0,0.0,0.0,1.0,0.0,-0.6897960046655887,0.7240037789593305,曇,曇時々晴後雨
2022-11-18,7.5,2.5,1.0,5.9,12.4,1.8,83,41.0,1.4,4.2,8.5,3.6,0,0,1023.7,0.40000000000009095,0.7000000000000002,11.0,0.0,1.0,0.0,0.0,-0.6772399381909491,0.7357622347736525,曇,曇一時雨後時々晴
2022-11-19,2.5,1.0,0.5,7.2,12.3,2.0,81,51.0,1.7,4.8,9.8,3.3,0,0,1025.4,1.7000000000000455,1.2999999999999998,-2.0,0.0,1.0,0.0,0.0,-0.6644834655228552,0.7473029667054297,晴,晴
2022-11-20,0.0,0.0,0.0,7.5,16.8,0.4,79,42.0,1.6,3.6,6.3,8.8,0,0,1023.7,-1.7000000000000455,0.2999999999999998,-2.0,1.0,0.0,0.0,0.0,-0.6515303615068021,0.75862255966641,曇,曇時々晴
2022-11-21,1.5,1.0,1.0,10.9,16.6,6.3,84,51.0,1.2,2.5,4.8,2.5,0,0,1017.4,-6.300000000000068,3.4000000000000004,5.0,0.0,1.0,0.0,0.0,-0.6383844591746642,0.769717664006921,曇,曇一時雨後晴
2022-11-22,1.0,1.0,0.5,7.5,10.4,2.7,69,40.0,2.1,4.5,10.4,8.4,0,0,1021.4,4.0,-3.4000000000000004,-15.0,0.0,1.0,0.0,0.0,-0.6250496486104377,0.7805849965070866,曇,曇時々晴
2022-11-23,1.5,1.5,0.5,4.7,8.4,0.3,82,51.0,1.1,2.4,3.9,1.8,0,0,1020.0,-1.3999999999999773,-2.8,13.0,0.0,1.0,0.0,0.0,-0.6115298757991053,0.7912213413483807,雨,雨後晴時々曇
2022-11-24,6.5,1.5,0.5,8.4,12.9,5.2,86,64.0,1.3,2.5,6.0,3.1,0,0,1014.7,-5.2999999999999545,3.7,4.0,0.0,0.0,1.0,0.0,-0.5978291414589552,0.801623551065242,晴,晴時々曇
2022-11-25,0.0,0.0,0.0,7.9,13.9,2.9,73,43.0,1.5,4.6,7.6,7.1,0,0,1019.2,4.5,-0.5,-13.0,1.0,0.0,0.0,0.0,-0.5839514998576998,0.8117885474764613,雨,雨時々曇一時晴、雷を伴う
2022-11-26,11.0,4.5,1.5,11.1,16.8,2.8,76,41.0,2.8,7.5,14.9,1.0,0,0,1009.1,-10.100000000000023,3.1999999999999993,3.0,0.0,0.0,1.0,0.0,-0.5699010576127624,0.821713322596059,雨,雨後一時曇
2022-11-27,0.5,0.5,0.5,4.9,7.3,2.6,82,60.0,2.0,4.6,8.7,1.1,0,0,1019.3,10.199999999999932,-6.199999999999999,6.0,0.0,0.0,1.0,0.0,-0.5556819724760489,0.8313949395234058,晴,晴時々雨後曇
2022-11-28,0.0,0.0,0.0,6.9,13.6,1.0,77,49.0,1.5,3.5,6.8,6.1,0,0,1024.0,4.7000000000000455,2.0,-5.0,1.0,0.0,0.0,0.0,-0.5412984521036173,0.8408305333122887,雨,雨時々曇
2022-11-29,18.0,3.0,1.0,11.3,18.6,3.0,89,50.0,1.9,5.2,10.1,0.4,0,0,1009.0,-15.0,4.4,12.0,0.0,0.0,1.0,0.0,-0.5267547528105542,0.8500173118187018,雨,雨時々曇後みぞれ一時雪
2022-11-30,5.0,1.0,0.5,4.0,9.9,-0.8,94,71.0,2.4,5.5,11.2,0.0,2,2,1013.0,4.0,-7.300000000000001,5.0,0.0,0.0,1.0,0.0,-0.5120551783114646,0.8589525565270845,雪,雪
2022-12-01,8.5,1.5,0.5,-0.7,-0.1,-1.9,97,85.0,1.1,3.1,6.2,0.0,8,7,1020.0,7.0,-4.7,3.0,0.0,0.0,0.0,1.0,-0.4972040784469378,0.8676336233547726,雪,雪時々曇
2022-12-02,3.5,1.0,0.5,-1.5,0.2,-3.1,91,76.0,1.4,2.7,6.3,3.0,3,8,1023.9,3.8999999999999773,-0.8,-6.0,0.0,0.0,0.0,1.0,-0.4822058478963526,0.8760579434344281,曇,曇時々晴後雨
2022-12-03,9.0,3.0,1.5,2.0,5.1,-3.0,93,69.0,1.4,3.9,8.8,2.5,0,1,1020.0,-3.8999999999999773,3.5,2.0,0.0,1.0,0.0,0.0,-0.46706492487743034,0.8842230238742036,雪,雪時々みぞれ
2022-12-04,14.5,2.0,0.5,0.4,4.5,-3.3,97,76.0,1.6,5.1,10.0,0.1,5,5,1019.1,-0.8999999999999773,-1.6,4.0,0.0,0.0,0.0,1.0,-0.451785789832884,0.8921264484954345,雪,雪時々曇
2022-12-05,1.5,0.5,0.5,-1.0,1.6,-4.0,88,74.0,1.6,3.0,5.8,1.3,1,4,1021.6,2.5,-1.4,-9.0,0.0,0.0,0.0,1.0,-0.4363729641045924,0.8997658785476209,曇,曇一時雪後みぞれ
2022-12-06,0.0,0.0,0.0,-0.5,1.9,-3.1,93,78.0,1.2,3.4,5.3,0.0,0,0,1015.6,-6.0,0.5,5.0,0.0,1.0,0.0,0.0,-0.42083100859565564,0.9071390534005044,雪,みぞれ一時曇後一時雨
2022-12-07,2.5,1.0,0.5,1.9,5.0,-1.6,91,65.0,1.5,5.0,11.4,0.1,2,2,1014.0,-1.6000000000000227,2.4,-2.0,0.0,0.0,0.0,1.0,-0.4051645224207563,0.9142437912130223,雪,みぞれ後時々雪
2022-12-08,7.0,2.0,1.0,0.7,2.7,-1.2,98,89.0,1.8,4.8,9.0,0.5,2,2,1017.2,3.2000000000000455,-1.2,7.0,0.0,0.0,0.0,1.0,-0.3893781415452015,0.9210779895789526,雪,みぞれ後一時雨時々曇一時晴
2022-12-09,0.0,0.5,0.0,2.2,6.3,-0.3,85,56.0,1.6,3.5,6.3,5.0,0,2,1019.8,2.599999999999909,1.5000000000000002,-13.0,0.0,0.0,0.0,1.0,-0.37347653741307074,0.9276396261490467,曇,曇時々みぞれ一時晴
2022-12-10,0.5,0.5,0.5,3.1,8.4,0.2,82,40.0,1.5,3.7,9.7,6.3,0,0,1017.5,-2.2999999999999545,0.8999999999999999,-3.0,0.0,1.0,0.0,0.0,-0.3574644155648614,0.9339267592294762,曇,曇時々みぞれ一時晴後一時雪
2022-12-11,0.0,0.0,0.0,2.7,5.6,0.8,80,54.0,1.3,3.6,8.1,0.0,0,0,1016.3,-1.2000000000000455,-0.3999999999999999,-2.0,0.0,1.0,0.0,0.0,-0.34134651424503615,0.9399375283564133,曇,曇一時雪
2022-12-12,1.0,0.5,0.5,1.4,4.7,-0.5,85,53.0,1.1,3.3,6.1,0.9,0,0,1021.5,5.2000000000000455,-1.3000000000000003,5.0,0.0,1.0,0.0,0.0,-0.3251276029999093,0.9456701548465688,雨,雨時々曇一時雪、みぞれを伴う
2022-12-13,10.0,2.5,1.0,3.4,7.8,-1.0,91,63.0,1.5,5.5,11.6,0.7,0,0,1007.6,-13.899999999999977,2.0,6.0,0.0,0.0,1.0,0.0,-0.30881248126625377,0.9511229423235357,雪,雪、みぞれを伴う
2022-12-14,21.0,3.5,1.0,-1.6,2.5,-4.7,91,60.0,2.9,7.9,17.0,0.1,21,21,1005.4,-2.2000000000000455,-5.0,0.0,0.0,0.0,0.0,1.0,-0.29240597695107734,0.9562942772197719,雪,雪
2022-12-15,11.5,2.0,0.5,-2.6,-1.2,-3.9,92,67.0,2.9,5.9,12.2,0.2,8,24,1012.0,6.600000000000023,-1.0,1.0,0.0,0.0,0.0,1.0,-0.27591294500296043,0.9611826292540837,雪,雪
2022-12-16,5.5,1.0,0.5,-2.6,-0.4,-3.6,90,59.0,2.8,5.2,12.9,0.2,6,27,1016.6,4.600000000000023,0.0,-2.0,0.0,0.0,0.0,1.0,-0.2593382659754056,0.9657865518844574,曇,曇時々雪
2022-12-17,3.0,1.5,0.5,-0.6,4.8,-5.2,84,52.0,1.9,7.0,13.0,1.1,2,27,1014.0,-2.6000000000000227,2.0,-6.0,0.0,1.0,0.0,0.0,-0.2426868445825954,0.9701046827361175,雪,雪
2022-12-18,7.5,1.5,1.0,-2.6,1.7,-5.1,89,62.0,2.7,7.0,16.3,0.0,7,27,1004.1,-9.899999999999977,-2.0,5.0,0.0,0.0,0.0,1.0,-0.22596360824801906,0.974135744004672,雪,雪
2022-12-19,2.0,1.0,0.5,-4.0,-1.5,-6.6,90,74.0,1.8,5.4,9.5,3.1,3,30,1013.5,9.399999999999977,-1.4,1.0,0.0,0.0,0.0,1.0,-0.20917350564635637,0.9778785428342386,雪,雪時々曇
2022-12-20,6.0,1.0,0.5,-1.7,0.4,-4.7,93,71.0,2.0,4.0,7.9,1.2,11,32,1018.6,5.100000000000023,2.3,3.0,0.0,0.0,0.0,1.0,-0.19232150523909483,0.9813319716704275,曇,曇後一時晴
2022-12-21,1.0,1.0,0.5,0.1,3.8,-3.5,90,65.0,1.3,2.9,5.2,4.8,3,34,1017.5,-1.1000000000000227,1.8,-3.0,0.0,1.0,0.0,0.0,-0.17541259380427843,0.9844950085880858,雨,雨一時曇
2022-12-22,13.0,4.0,1.0,2.0,4.9,-1.6,96,79.0,1.6,4.4,8.3,0.0,0,26,996.3,-21.200000000000045,1.9,6.0,0.0,0.0,1.0,0.0,-0.15845177496083632,0.9873667175937016,雪,みぞれ時々曇後晴
2022-12-23,2.0,1.0,0.5,2.5,5.9,-1.6,69,46.0,2.5,6.7,12.9,3.8,0,14,986.7,-9.599999999999909,0.5,-27.0,0.0,0.0,0.0,1.0,-0.14144406768794202,0.9899462489023779,雪,みぞれ時々雨後曇、雷を伴う
2022-12-24,3.5,2.0,1.0,2.3,6.5,-1.4,83,62.0,1.6,4.8,9.5,1.4,3,15,992.3,5.599999999999909,-0.20000000000000018,14.0,0.0,0.0,0.0,1.0,-0.12439450483979998,0.9922328391893008,曇,曇時々晴
2022-12-25,28.5,3.5,1.5,1.1,2.4,0.3,98,87.0,1.6,3.4,7.3,0.0,8,19,1002.8,10.5,-1.1999999999999997,15.0,0.0,1.0,0.0,0.0,-0.10730813165636247,0.9942258118156161,曇,曇時々晴一時みぞれ
2022-12-26,12.0,2.5,1.5,2.2,4.0,0.1,95,85.0,2.3,4.9,9.4,0.2,1,18,1010.1,7.300000000000068,1.1,-3.0,0.0,1.0,0.0,0.0,-0.09019000427034513,0.9959245770286599,晴,晴後雨時々曇、みぞれを伴う
2022-12-27,1.0,1.0,0.5,1.9,5.7,-1.4,93,73.0,1.3,2.5,4.3,3.0,1,17,1019.7,9.600000000000023,-0.30000000000000027,-2.0,1.0,0.0,0.0,0.0,-0.07304518821104743,0.9973286321364752,曇,曇後みぞれ時々雨一時晴
2022-12-28,5.5,2.0,0.5,1.5,5.6,-0.7,96,67.0,1.0,1.9,3.0,0.1,1,16,1018.5,-1.2000000000000455,-0.3999999999999999,3.0,0.0,1.0,0.0,0.0,-0.05587875690537313,0.9984375616565666,雪,雪
2022-12-29,8.0,1.5,0.5,-1.0,0.9,-2.0,92,63.0,2.8,6.8,13.0,0.0,14,29,1016.6,-1.8999999999999773,-2.5,-4.0,0.0,0.0,0.0,1.0,-0.03869579017652689,0.9992510374388481,雪,雪時々曇
2022-12-30,3.0,1.0,0.5,-1.0,1.0,-2.8,94,78.0,2.1,4.5,7.4,0.4,6,31,1021.0,4.399999999999977,0.0,2.0,0.0,0.0,0.0,1.0,-0.021501372740813793,0.999768818762748,曇,曇時々雪
2022-12-31,0.0,0.0,0.0,0.9,4.6,-1.4,81,54.0,1.2,3.4,6.3,0.9,0,30,1020.9,-0.10000000000002274,1.9,-13.0,0.0,1.0,0.0,0.0,-0.004300592702981974,0.9999907524084426,雪,みぞれ後雪時々曇
2023-01-01,1.5,0.5,0.5,0.3,4.2,-2.8,75,44.0,3.0,7.7,14.4,3.1,3,24,1015.5,-5.399999999999977,-0.6000000000000001,-6.0,0.0,0.0,0.0,1.0,0.017201575418260506,0.9998520419557735,雪,雪時々曇
2023-01-02,13.5,2.0,0.5,-3.7,-1.0,-4.7,86,45.0,3.1,8.1,16.0,0.3,24,45,1015.8,0.2999999999999545,-4.0,11.0,0.0,0.0,0.0,1.0,0.03439806061360801,0.9994082116062598,雪,雪時々曇
2023-01-03,10.5,1.5,0.5,-3.4,-1.4,-4.6,92,68.0,1.9,4.7,9.0,0.0,12,54,1014.7,-1.099999999999909,0.30000000000000027,6.0,0.0,0.0,0.0,1.0,0.051584366869408364,0.9986686402879997,雪,雪時々曇
2023-01-04,8.5,3.0,1.0,-3.0,-1.5,-3.7,88,67.0,2.3,5.0,9.8,0.0,12,61,1015.4,0.6999999999999318,0.3999999999999999,-4.0,0.0,0.0,0.0,1.0,0.06875540848113941,0.9976335468520451,雪,雪時々曇
2023-01-05,1.5,0.5,0.5,-1.0,1.1,-4.5,77,52.0,3.2,7.0,13.5,2.1,1,59,1018.6,3.2000000000000455,2.0,-11.0,0.0,0.0,0.0,1.0,0.08590610426133272,0.9963032375991965,雪,雪時々曇、みぞれを伴う
2023-01-06,0.0,0.0,0.0,0.2,2.6,-2.0,78,55.0,2.0,4.9,7.9,0.2,0,51,1018.5,-0.10000000000002274,1.2,1.0,0.0,0.0,0.0,1.0,0.10303137904317879,0.9946781061893646,雪,雪後みぞれ時々曇
2023-01-07,0.5,0.5,0.5,-0.3,2.7,-3.3,94,77.0,1.2,3.7,5.9,0.2,1,47,1014.0,-4.5,-0.5,16.0,0.0,0.0,0.0,1.0,0.1201261651823505,0.9927586335250793,雪,雪後みぞれ時々曇
2023-01-08,3.5,1.0,0.5,-1.2,1.2,-4.2,98,89.0,1.0,2.5,5.1,0.4,6,47,1018.6,4.600000000000023,-0.8999999999999999,4.0,0.0,0.0,0.0,1.0,0.13718540405660057,0.9905453876091833,雪,雪一時晴後みぞれ時々曇
2023-01-09,2.5,1.0,0.5,1.2,6.0,-3.5,86,56.0,1.5,4.2,8.7,1.9,1,45,1014.7,-3.8999999999999773,2.4,-12.0,0.0,0.0,0.0,1.0,0.1542040475626894,0.988039023376751,雪,雪時々曇
2023-01-10,20.0,5.0,1.5,-1.5,-0.1,-2.6,89,65.0,2.5,6.1,12.2,0.0,14,54,1016.9,2.199999999999932,-2.7,3.0,0.0,0.0,0.0,1.0,0.17117705961019986,0.985240282501282,雪,雪後雨時々曇、みぞれを伴う
2023-01-11,0.0,0.0,0.0,1.9,6.7,-1.8,83,64.0,1.8,4.9,8.4,3.1,0,53,1020.0,3.1000000000000227,3.4,-6.0,0.0,0.0,0.0,1.0,0.18809941761179758,0.9821499931752291,雨,雨時々曇後晴、みぞれを伴う
2023-01-12,0.0,0.0,0.0,2.8,10.0,-1.4,79,36.0,1.6,4.1,6.7,5.9,0,43,1021.3,1.2999999999999545,0.8999999999999999,-4.0,0.0,0.0,1.0,0.0,0.20496611396949532,0.9787690698649216,晴,晴時々曇
2023-01-13,0.0,0.0,0.0,4.5,12.5,-1.6,87,54.0,1.3,4.0,5.7,1.1,0,40,1016.5,-4.7999999999999545,1.7000000000000002,8.0,1.0,0.0,0.0,0.0,0.22177215755648186,0.975098513039961,雨,雨時々曇
2023-01-14,6.0,1.5,0.5,4.1,7.5,1.4,98,91.0,1.2,3.1,3.8,0.0,0,35,1008.6,-7.899999999999977,-0.40000000000000036,11.0,0.0,0.0,1.0,0.0,0.23851257519407648,0.9711394088771653,雪,みぞれ
2023-01-15,2.5,1.0,0.5,0.8,1.5,-0.1,100,100.0,0.9,1.7,3.6,0.0,2,31,1012.7,4.100000000000023,-3.3,2.0,0.0,0.0,0.0,1.0,0.2551824131233728,0.9668929289391521,雪,雪時々曇一時晴
2023-01-16,2.0,0.5,0.5,-0.5,1.1,-2.3,83,53.0,1.8,4.7,9.8,0.0,3,32,1013.5,0.7999999999999545,-1.3,-17.0,0.0,0.0,0.0,1.0,0.2717767384711357,0.9623603298276545,雪,雪後時々曇
2023-01-17,0.0,0.0,0.0,-1.7,-0.3,-2.8,79,54.0,1.3,3.3,6.0,0.0,0,31,1022.0,8.5,-1.2,-4.0,0.0,0.0,0.0,1.0,0.2882906407095177,0.9575429528116719,雪,雪時々曇一時晴
2023-01-18,5.0,1.5,1.0,-1.5,0.8,-2.9,91,71.0,1.1,3.2,6.9,0.0,8,38,1019.5,-2.5,0.19999999999999996,12.0,0.0,0.0,0.0,1.0,0.3047192331091634,0.9524422234305676,晴,晴時々曇一時雪
2023-01-19,1.0,1.0,0.5,-0.9,3.8,-5.0,82,48.0,1.0,3.0,5.0,6.1,2,37,1020.9,1.3999999999999773,0.6,-9.0,1.0,0.0,0.0,0.0,0.321057654185271,0.9470596510722283,曇,曇後一時みぞれ
2023-01-20,3.5,1.5,1.0,1.6,4.5,-0.4,87,51.0,2.1,8.9,15.4,0.2,1,36,1010.1,-10.799999999999955,2.5,5.0,0.0,1.0,0.0,0.0,0.3373010691361842,0.9413968285264122,雪,雪時々曇
2023-01-21,13.5,2.5,1.0,-2.0,4.0,-5.1,88,61.0,3.4,9.9,19.1,0.2,17,48,1019.8,9.699999999999932,-3.6,1.0,0.0,0.0,0.0,1.0,0.3534446712740877,0.9354554315134164,雪,雪
2023-01-22,6.0,3.5,1.0,-3.2,-1.2,-5.2,85,67.0,1.7,3.5,6.9,3.0,15,55,1025.5,5.7000000000000455,-1.2000000000000002,-3.0,0.0,0.0,0.0,1.0,0.3694836834473831,0.9292372181882051,曇,曇時々晴後雪
2023-01-23,2.5,1.0,0.5,-3.1,3.2,-9.1,88,51.0,1.3,5.7,11.5,1.6,6,58,1017.6,-7.899999999999977,0.10000000000000009,3.0,0.0,1.0,0.0,0.0,0.38541335945432564,0.9227440286201427,雪,雪
2023-01-24,14.5,3.5,1.0,-4.9,0.9,-10.1,86,62.0,3.0,6.7,12.0,0.0,21,71,1004.5,-13.100000000000023,-1.8000000000000003,-2.0,0.0,0.0,0.0,1.0,0.4012289854475009,0.9159777842484877,雪,雪
2023-01-25,8.0,1.0,0.5,-8.4,-5.5,-10.1,80,51.0,5.1,7.6,16.5,0.0,6,72,1007.4,2.8999999999999773,-3.5,-6.0,0.0,0.0,0.0,1.0,0.4169258813287287,0.908940487313808,雪,雪
2023-01-26,10.5,3.0,0.5,-4.9,-3.6,-6.6,86,65.0,2.5,7.5,15.8,0.0,14,83,1013.7,6.300000000000068,3.5,6.0,0.0,0.0,0.0,1.0,0.4324994021339788,0.901634220265486,雪,雪時々曇
2023-01-27,1.0,0.5,0.5,-5.0,0.4,-10.4,89,60.0,1.5,4.1,6.1,2.4,0,78,1009.6,-4.100000000000023,-0.09999999999999964,3.0,0.0,0.0,0.0,1.0,0.44794493940789115,0.8940611451454876,雪,雪
2023-01-28,10.5,2.0,0.5,-5.7,-3.7,-7.4,92,68.0,2.3,5.5,10.0,0.5,16,84,1006.0,-3.6000000000000227,-0.7000000000000002,3.0,0.0,0.0,0.0,1.0,0.4632579225674917,0.88622350294858,雪,雪
2023-01-29,6.5,2.0,1.0,-6.1,-4.1,-8.2,89,75.0,2.1,5.2,10.4,1.1,6,89,1012.6,6.600000000000023,-0.39999999999999947,-3.0,0.0,0.0,0.0,1.0,0.4784338202547012,0.8781236129591848,晴,晴後雪時々曇
2023-01-30,6.0,3.0,1.0,-4.2,-0.1,-9.4,86,50.0,1.4,2.9,5.9,3.8,8,85,1011.9,-0.7000000000000455,1.8999999999999995,-3.0,1.0,0.0,0.0,0.0,0.49346814167723735,0.8697638720650646,雪,雪
2023-01-31,5.5,1.5,1.0,-3.8,-2.1,-5.5,91,76.0,2.6,4.9,7.8,2.8,8,91,1016.0,4.100000000000023,0.40000000000000036,5.0,0.0,0.0,0.0,1.0,0.5083564379375122,0.8611467540480452,雪,雪時々曇一時晴後みぞれ
2023-02-01,8.0,1.5,0.5,-0.3,3.8,-3.7,91,55.0,2.5,10.4,20.5,0.0,3,86,1006.9,-9.100000000000023,3.5,0.0,0.0,0.0,0.0,1.0,0.5230943033491326,0.8522748088519838,雪,雪時々曇
2023-02-02,14.0,4.0,1.0,-3.3,0.0,-6.7,89,63.0,2.7,5.8,11.6,0.2,12,90,1015.4,8.5,-3.0,-2.0,0.0,0.0,0.0,1.0,0.5376773767406141,0.8431506618282,雪,雪
2023-02-03,0.5,0.5,0.5,-3.5,-1.4,-6.8,87,67.0,2.0,4.4,7.2,1.6,1,89,1019.5,4.100000000000023,-0.20000000000000018,-2.0,0.0,0.0,0.0,1.0,0.5521013427459208,0.8337770129585915,雪,雪
2023-02-04,1.0,0.5,0.5,-2.1,0.9,-4.8,86,63.0,1.2,3.1,5.5,1.8,1,82,1017.8,-1.7000000000000455,1.4,-1.0,0.0,0.0,0.0,1.0,0.5663619330814524,0.8241566360566663,雪,雪後時々曇
2023-02-05,0.0,0.5,0.0,-1.6,2.5,-6.6,78,53.0,2.0,4.2,7.5,3.5,0,81,1021.1,3.300000000000068,0.5,-8.0,0.0,0.0,0.0,1.0,0.580454927809098,0.8142923779467267,晴,晴時々曇
2023-02-06,1.5,1.0,0.5,1.4,6.7,-4.0,80,41.0,1.5,3.8,6.4,6.4,2,79,1019.1,-2.0,3.0,2.0,1.0,0.0,0.0,0.0,0.5943761565849831,0.804187157621448,曇,曇時々晴一時雪
2023-02-07,0.0,0.0,0.0,0.6,4.1,-1.5,83,58.0,1.7,3.3,5.8,4.5,0,73,1021.3,2.199999999999932,-0.7999999999999999,3.0,0.0,1.0,0.0,0.0,0.6081214998935418,0.7938439653781019,雪,雪時々曇一時晴
2023-02-08,2.0,1.5,1.0,-1.2,1.6,-3.8,83,55.0,1.4,3.6,6.4,5.0,6,76,1019.6,-1.6999999999999318,-1.7999999999999998,0.0,0.0,0.0,0.0,1.0,0.6216868902665479,0.7832658619336791,雪,雪時々曇
2023-02-09,4.0,2.5,0.5,-2.8,-0.7,-4.2,73,44.0,3.4,6.8,13.7,0.0,4,79,1026.4,6.800000000000068,-1.5999999999999999,-10.0,0.0,0.0,0.0,1.0,0.6350683134867438,0.7724559775191742,曇,曇一時晴
2023-02-10,2.0,1.0,0.5,-2.2,0.0,-4.1,81,53.0,1.0,2.2,4.0,0.0,3,77,1025.0,-1.400000000000091,0.5999999999999996,8.0,0.0,1.0,0.0,0.0,0.6482618097757122,0.7614175109532997,雪,雪後曇時々みぞれ一時晴
2023-02-11,0.5,0.5,0.5,1.0,4.9,-2.3,90,68.0,1.1,2.5,3.8,3.2,0,77,1021.4,-3.6000000000000227,3.2,9.0,0.0,0.0,0.0,1.0,0.6612634749656386,0.7501537286959042,雨,雨時々みぞれ
2023-02-12,0.5,0.5,0.5,2.4,6.4,-0.7,88,59.0,1.5,3.9,7.1,0.0,0,71,1019.9,-1.5,1.4,-2.0,0.0,0.0,1.0,0.0,0.6740694616546162,0.7386679638813748,雪,みぞれ時々曇一時雪
2023-02-13,4.0,1.5,1.0,0.2,2.1,-2.0,98,78.0,1.2,3.2,5.9,0.0,7,72,1013.6,-6.2999999999999545,-2.1999999999999997,10.0,0.0,0.0,0.0,1.0,0.6866759803451553,0.726963615332308,雪,大雪
2023-02-14,13.5,2.5,1.0,-2.8,-1.3,-3.9,94,76.0,2.2,4.9,8.5,0.5,16,86,1009.6,-4.0,-3.0,-4.0,0.0,0.0,0.0,1.0,0.6990793005655562,0.7150441465537444,雪,雪時々曇
2023-02-15,16.0,3.5,1.0,-4.5,-2.6,-6.3,86,53.0,1.2,3.3,7.6,4.5,32,113,1020.6,11.0,-1.7000000000000002,-8.0,0.0,0.0,0.0,1.0,0.7112757519738152,0.7029130847082615,雪,雪時々曇
2023-02-16,4.5,3.5,1.0,-2.6,0.7,-6.4,82,64.0,1.9,4.9,8.3,3.6,9,120,1027.0,6.399999999999977,1.9,-4.0,0.0,0.0,0.0,1.0,0.7232617254437388,0.6905740195722293,曇,曇時々晴一時雪、みぞれを伴う
2023-02-17,0.5,0.5,0.5,1.5,6.0,-2.1,77,51.0,1.6,5.0,8.1,5.4,0,92,1023.7,-3.2999999999999545,4.1,-5.0,0.0,1.0,0.0,0.0,0.7350336741329412,0.6780306024735382,晴,晴後時々曇
2023-02-18,0.0,0.0,0.0,3.2,7.9,-1.9,70,33.0,2.0,4.4,8.3,4.9,0,79,1020.1,-3.6000000000000227,1.7000000000000002,-7.0,1.0,0.0,0.0,0.0,0.746588114532413,0.6652865452111116,雨,雨時々みぞれ一時曇
2023-02-19,2.0,0.5,0.5,2.4,4.3,1.0,93,48.0,1.4,9.2,17.4,0.0,0,73,1006.2,-13.899999999999977,-0.8000000000000003,23.0,0.0,0.0,1.0,0.0,0.7579216274973472,0.6523456189565257,雪,雪時々曇
2023-02-20,7.0,3.5,1.0,-1.6,3.7,-4.2,77,39.0,4.4,8.3,17.3,1.5,11,80,1010.0,3.7999999999999545,-4.0,-16.0,0.0,0.0,0.0,1.0,0.7690308592589181,0.6392116531380588,雪,雪時々曇、雷を伴う
2023-02-21,30.5,4.0,1.5,-3.7,-2.2,-5.1,96,82.0,1.9,5.0,10.0,0.0,29,108,1021.3,11.299999999999955,-2.1,19.0,0.0,0.0,0.0,1.0,0.7799125224167177,0.6258885343075018,雪,雪時々曇
2023-02-22,0.5,0.5,0.5,-1.5,1.1,-6.1,82,65.0,1.7,3.9,7.4,1.5,0,106,1027.6,6.2999999999999545,2.2,-14.0,0.0,0.0,0.0,1.0,0.7905633969115482,0.612380204990065,曇,曇時々晴後雨、みぞれを伴う
2023-02-23,4.5,1.5,0.5,1.5,6.0,-2.7,83,58.0,1.7,4.8,7.7,2.1,0,93,1019.5,-8.099999999999909,3.0,1.0,0.0,1.0,0.0,0.0,0.8009803309782905,0.5986906625177214,曇,曇時々晴一時雪後時々みぞれ
2023-02-24,1.0,0.5,0.5,1.3,4.6,-1.8,91,65.0,1.1,2.6,4.8,4.5,0,81,1017.5,-2.0,-0.19999999999999996,8.0,0.0,1.0,0.0,0.0,0.8111602420785621,0.5848239578463322,雪,雪
2023-02-25,3.5,1.0,0.5,-1.4,0.7,-5.6,93,71.0,1.8,4.3,7.9,2.0,8,85,1019.8,2.2999999999999545,-2.7,2.0,0.0,0.0,0.0,1.0,0.8211001178128892,0.5707841943569036,雪,雪時々曇
2023-02-26,6.0,1.5,1.0,-2.3,-0.2,-4.7,83,46.0,3.2,6.1,12.6,0.2,10,90,1024.4,4.600000000000136,-0.8999999999999999,-10.0,0.0,0.0,0.0,1.0,0.8307970168121247,0.5565755266413303,晴,晴一時曇、みぞれを伴う
2023-02-27,0.0,0.0,0.0,2.3,6.9,-8.4,60,39.0,2.5,5.8,11.4,9.2,0,88,1028.7,4.2999999999999545,4.6,-23.0,1.0,0.0,0.0,0.0,0.8402480696078469,0.5422021592729844,晴,晴
2023-02-28,0.0,0.0,0.0,8.1,11.2,4.8,60,47.0,4.0,7.1,12.7,7.6,0,80,1019.9,-8.800000000000068,5.8,0.0,1.0,0.0,0.0,0.0,0.8494504794814806,0.527668345562516,曇,曇時々雨
2023-03-01,2.0,1.5,0.5,6.9,9.7,2.1,64,45.0,2.4,5.3,9.9,4.5,0,69,1014.9,-5.0,-1.1999999999999993,4.0,0.0,1.0,0.0,0.0,0.8584015232918917,0.512978386299228,雪,みぞれ一時雨
2023-03-02,7.0,1.5,0.5,1.2,4.0,-0.9,88,60.0,1.5,3.8,8.4,0.2,2,64,1014.0,-0.8999999999999773,-5.7,24.0,0.0,0.0,0.0,1.0,0.8670985522812081,0.4981366284784055,雪,雪時々曇一時みぞれ
2023-03-03,1.5,1.5,1.0,1.0,3.9,-1.5,79,45.0,2.2,5.6,10.0,2.2,0,63,1021.7,7.7000000000000455,-0.19999999999999996,-9.0,0.0,0.0,0.0,1.0,0.8755389928586302,0.4831474640149687,雪,みぞれ時々雪一時雨後曇
2023-03-04,0.0,0.0,0.0,1.9,5.2,-0.9,75,53.0,2.0,4.3,9.6,1.6,1,62,1025.3,3.599999999999909,0.8999999999999999,-4.0,0.0,0.0,0.0,1.0,0.8837203473619977,0.4680153284438345,晴,晴後一時曇
2023-03-05,0.0,0.0,0.0,1.4,6.1,-3.3,69,42.0,1.5,3.0,5.6,10.6,0,60,1027.8,2.5,-0.5,-6.0,1.0,0.0,0.0,0.0,0.8916401947968874,0.45274469960737107,晴,晴
2023-03-06,0.0,0.0,0.0,3.1,9.8,-4.4,63,39.0,1.5,3.0,5.5,9.8,0,58,1022.4,-5.399999999999977,1.7000000000000002,-6.0,1.0,0.0,0.0,0.0,0.8992961915530253,0.4373400963303323,晴,晴後一時曇
2023-03-07,0.0,0.0,0.0,6.2,12.3,-1.6,77,52.0,2.1,6.7,11.1,5.7,0,55,1018.1,-4.2999999999999545,3.1,14.0,1.0,0.0,0.0,0.0,0.9066860720977985,0.4218060770826634,晴,晴一時曇
2023-03-08,0.0,0.0,0.0,8.4,15.2,1.0,75,42.0,2.2,5.5,10.8,5.7,0,48,1016.6,-1.5,2.2,-2.0,1.0,0.0,0.0,0.0,0.9138076496466615,0.4061472386305789,曇,曇後時々晴
2023-03-09,0.0,0.0,0.0,5.6,10.5,2.0,89,66.0,1.3,3.2,6.0,3.4,0,38,1019.5,2.8999999999999773,-2.8000000000000007,14.0,0.0,1.0,0.0,0.0,0.9206588168102428,0.3903682146763026,雨,雨
2023-03-10,7.0,2.5,1.0,5.3,9.1,2.5,90,73.0,1.5,3.3,6.7,0.2,0,34,1018.0,-1.5,-0.2999999999999998,1.0,0.0,0.0,1.0,0.0,0.9272375462179537,0.374473674486883,晴,晴
2023-03-11,0.0,0.0,0.0,4.3,8.2,0.5,77,56.0,1.4,3.1,5.7,9.9,0,30,1027.5,9.5,-1.0,-13.0,1.0,0.0,0.0,0.0,0.9335418911179212,0.35846832151248087,晴,晴後時々曇
2023-03-12,0.0,0.0,0.0,4.9,11.5,-0.6,81,52.0,1.3,2.9,4.9,7.1,0,27,1023.2,-4.2999999999999545,0.6000000000000005,4.0,1.0,0.0,0.0,0.0,0.9395699859530622,0.342356891994542,雨,雨時々曇
2023-03-13,2.0,1.5,0.5,5.7,12.6,1.3,80,56.0,2.1,5.1,10.0,0.0,0,24,1013.1,-10.100000000000023,0.7999999999999998,-1.0,0.0,0.0,1.0,0.0,0.945320046913132,0.3261441535642696,晴,晴一時曇
2023-03-14,0.0,0.0,0.0,2.7,6.6,-0.6,59,34.0,1.7,4.0,7.0,10.2,0,21,1024.0,10.899999999999977,-3.0,-21.0,1.0,0.0,0.0,0.0,0.9507903724625832,0.3098349038318025,晴,晴
2023-03-15,0.0,0.0,0.0,4.0,12.5,-2.1,66,34.0,1.2,2.4,4.1,11.0,0,19,1026.8,2.7999999999999545,1.2999999999999998,7.0,1.0,0.0,0.0,0.0,0.9559793438440766,0.2934339689665273,雨,雨時々曇
2023-03-16,1.5,1.0,0.5,5.2,15.2,-0.2,79,28.0,1.7,5.7,10.0,0.8,0,15,1021.6,-5.199999999999932,1.2000000000000002,13.0,0.0,0.0,1.0,0.0,0.9608854255574977,0.27694620226893646,曇,曇一時雪後晴時々みぞれ
2023-03-17,0.0,0.0,0.0,3.4,8.1,-0.9,68,33.0,2.1,5.3,9.5,7.0,1,10,1023.1,1.5,-1.8000000000000003,-11.0,0.0,1.0,0.0,0.0,0.9655071658143364,0.2603764827344581,曇,曇後時々晴
2023-03-18,0.0,0.0,0.0,3.0,8.1,-0.5,65,33.0,1.3,3.4,6.7,3.7,0,6,1017.6,-5.5,-0.3999999999999999,-3.0,0.0,1.0,0.0,0.0,0.969843196967294,0.24372971360968387,晴,晴
2023-03-19,0.0,0.0,0.0,6.1,11.5,-1.5,52,23.0,2.8,6.1,11.8,10.9,0,3,1015.2,-2.3999999999999773,3.0999999999999996,-13.0,1.0,0.0,0.0,0.0,0.9738922359149924,0.22701082094141847,晴,晴一時雨
2023-03-20,0.0,0.0,0.0,7.8,13.6,2.0,64,41.0,2.2,6.0,10.8,8.3,0,0,1017.4,2.199999999999932,1.7000000000000002,12.0,1.0,0.0,0.0,0.0,0.9776530844816641,0.2102247521189836,晴,晴後曇一時雨
2023-03-21,0.0,0.0,0.0,9.4,18.7,1.2,53,20.0,1.7,3.8,7.3,6.3,0,0,1016.7,-0.6999999999999318,1.6000000000000005,-11.0,1.0,0.0,0.0,0.0,0.981124629771712,0.19337647441020586,晴,晴
2023-03-22,0.0,0.0,0.0,10.5,19.8,3.4,66,35.0,1.6,4.4,8.3,10.3,0,0,1017.5,0.7999999999999545,1.0999999999999996,13.0,1.0,0.0,0.0,0.0,0.984305844499033,0.17647097349152166,曇,曇時々晴一時雨
2023-03-23,4.0,1.5,0.5,12.1,23.8,4.8,74,36.0,1.6,3.8,6.2,5.0,0,0,1010.9,-6.600000000000023,1.5999999999999996,8.0,0.0,1.0,0.0,0.0,0.9871957872910085,0.15951325197263655,晴,晴時々曇
2023-03-24,3.0,1.5,0.5,8.7,14.4,4.0,71,24.0,2.4,5.1,11.2,8.0,0,0,1010.0,-0.8999999999999773,-3.4000000000000004,-3.0,1.0,0.0,0.0,0.0,0.9897936029670716,0.14250832791617088,晴,晴時々曇
2023-03-25,0.0,0.0,0.0,5.2,11.7,1.1,71,42.0,1.4,4.3,8.8,9.4,0,0,1020.2,10.200000000000045,-3.499999999999999,0.0,1.0,0.0,0.0,0.0,0.992098522791769,0.12546123335273648,雨,雨時々曇
2023-03-26,28.0,4.0,1.0,4.1,6.5,0.6,94,72.0,1.3,2.7,5.2,0.0,0,0,1014.9,-5.300000000000068,-1.1000000000000005,23.0,0.0,0.0,1.0,0.0,0.9941098647022418,0.10837701279187609,曇,曇時々晴一時雨
2023-03-27,1.0,0.5,0.5,5.7,9.9,0.6,66,36.0,2.9,5.6,10.8,6.0,0,0,1016.9,2.0,1.6000000000000005,-28.0,0.0,1.0,0.0,0.0,0.9958270335100595,0.09126072172931188,晴,晴後一時曇
2023-03-28,0.0,0.0,0.0,4.9,11.4,-0.9,66,36.0,2.0,4.8,8.4,10.0,0,0,1025.4,8.500000000000114,-0.7999999999999998,0.0,1.0,0.0,0.0,0.0,0.9972495210773451,0.07411742515094437,晴,晴
2023-03-29,0.0,0.0,0.0,5.9,13.2,-0.3,65,24.0,1.9,4.4,8.3,11.7,0,0,1024.2,-1.2000000000000455,1.0,-1.0,1.0,0.0,0.0,0.0,0.998376906467142,0.056952196034039754,晴,晴
2023-03-30,0.0,0.0,0.0,7.9,16.2,0.6,57,22.0,1.6,4.4,7.6,11.9,0,0,1020.5,-3.7000000000000455,2.0,-8.0,1.0,0.0,0.0,0.0,0.9992088560679753,0.03977011384605572,雨,雨時々曇後晴
2023-03-31,0.0,0.0,0.0,9.4,17.6,2.7,55,27.0,2.2,5.3,9.7,8.7,0,0,1015.8,-4.7000000000000455,1.5,-2.0,0.0,0.0,1.0,0.0,0.9997451236925734,0.022576263041545485,晴,晴
2023-04-01,0.0,0.0,0.0,6.6,12.1,0.9,65,31.0,2.5,5.5,10.5,12.0,0,0,1019.5,3.7000000000000455,-2.8000000000000007,10.0,1.0,0.0,0.0,0.0,0.9999855506507186,0.005375731557583884,晴,晴
2023-04-02,0.0,0.0,0.0,6.6,13.6,0.8,72,42.0,1.7,3.8,7.0,12.0,0,0,1022.5,3.0,0.0,7.0,1.0,0.0,0.0,0.0,0.9999300657962057,-0.011826390691832589,晴,晴
2023-04-03,0.0,0.0,0.0,7.6,17.0,0.4,69,14.0,1.7,4.2,7.1,11.7,0,0,1024.8,2.2999999999999545,1.0,-3.0,1.0,0.0,0.0,0.0,0.9995786855478958,-0.029025013321975237,晴,晴
2023-04-04,0.0,0.0,0.0,9.6,18.6,1.7,58,29.0,1.6,3.6,6.9,11.8,0,0,1024.0,-0.7999999999999545,2.0,-11.0,1.0,0.0,0.0,0.0,0.9989315138848577,-0.046215046983708354,曇,曇後一時晴
2023-04-05,0.0,0.0,0.0,12.7,20.0,4.4,55,27.0,1.7,4.5,9.7,0.9,0,0,1020.6,-3.3999999999999773,3.0999999999999996,-3.0,0.0,1.0,0.0,0.0,0.9979887423155984,-0.06339140486951038,雨,雨時々曇
2023-04-06,0.0,0.0,0.0,14.8,20.2,10.7,71,38.0,2.1,6.3,11.9,1.1,0,0,1011.6,-9.0,2.1000000000000014,16.0,0.0,0.0,1.0,0.0,0.9967506498213929,-0.08054900421874167,雨,雨
2023-04-07,19.0,4.0,1.0,12.4,16.3,9.1,99,81.0,1.2,3.7,6.6,0.0,0,0,1005.8,-5.800000000000068,-2.4000000000000004,28.0,0.0,0.0,1.0,0.0,0.9952176027737294,-0.09768276782171598,曇,曇一時晴後雨
2023-04-08,0.0,0.5,0.0,8.3,13.9,4.4,80,38.0,1.6,4.5,9.2,1.5,0,0,1005.0,-0.7999999999999545,-4.1,-19.0,0.0,1.0,0.0,0.0,0.9933900548258936,-0.11478762552212701,雨,雨後曇時々晴、みぞれを伴う
2023-04-09,1.0,1.0,0.5,6.3,10.6,3.8,52,30.0,3.5,7.3,14.3,6.1,0,0,1012.4,7.399999999999977,-2.000000000000001,-28.0,0.0,0.0,1.0,0.0,0.9912685467787256,-0.13185851571739118,晴,晴
2023-04-10,0.0,0.0,0.0,11.5,17.9,2.6,57,28.0,3.0,7.9,15.2,11.6,0,0,1015.0,2.6000000000000227,5.2,5.0,1.0,0.0,0.0,0.0,0.9888537064205885,-0.1488903868564548,曇,曇時々晴
2023-04-11,0.0,0.0,0.0,15.6,20.1,8.4,51,35.0,3.4,9.2,18.2,7.0,0,0,1011.9,-3.1000000000000227,4.1,-6.0,0.0,1.0,0.0,0.0,0.986146248341595,-0.16587819893463143,曇,曇時々雨一時晴
2023-04-12,9.5,5.0,1.5,10.5,18.4,4.4,56,19.0,3.1,6.7,12.1,6.5,0,0,1008.3,-3.6000000000000227,-5.1,5.0,0.0,1.0,0.0,0.0,0.9831469737221499,-0.1828169249850199,晴,晴一時雨後曇
2023-04-13,1.5,1.5,1.0,11.7,15.8,4.5,40,17.0,4.5,9.2,19.1,8.8,0,0,1012.1,3.800000000000068,1.1999999999999993,-16.0,1.0,0.0,0.0,0.0,0.9798567700958665,-0.1997015525660636,曇,曇
2023-04-14,0.0,0.0,0.0,13.5,17.5,9.2,58,41.0,3.2,8.6,16.4,1.6,0,0,1012.7,0.6000000000000227,1.8000000000000007,18.0,0.0,1.0,0.0,0.0,0.9762766110869321,-0.21652708524481437,曇,曇時々晴後雨
2023-04-15,3.0,1.0,0.5,9.9,16.5,7.0,81,45.0,1.8,4.6,8.6,1.8,0,0,1010.1,-2.6000000000000227,-3.5999999999999996,23.0,0.0,1.0,0.0,0.0,0.9724075561219968,-0.23328854407545518,雨,雨時々曇
2023-04-16,4.0,2.0,0.5,9.0,15.0,4.5,84,61.0,3.2,9.3,20.1,3.0,0,0,993.7,-16.399999999999977,-0.9000000000000004,3.0,0.0,0.0,1.0,0.0,0.9682507501166718,-0.2499809690726521,雨,雨時々曇
2023-04-17,1.0,0.5,0.5,5.7,9.6,3.9,79,55.0,2.8,7.5,14.9,2.0,0,0,1010.4,16.699999999999932,-3.3,-5.0,0.0,0.0,1.0,0.0,0.9638074231367307,-0.26659942067929354,曇,曇時々晴一時雨
2023-04-18,0.0,0.0,0.0,10.1,15.2,4.3,64,38.0,2.1,5.3,11.3,8.3,0,0,1016.1,5.7000000000000455,4.3999999999999995,-15.0,0.0,1.0,0.0,0.0,0.9590788900341131,-0.28313898122818354,曇,曇一時雨後晴
2023-04-19,4.0,2.5,1.0,10.8,15.5,7.3,66,42.0,2.6,6.2,11.4,7.6,0,0,1010.2,-5.899999999999977,0.7000000000000011,2.0,0.0,1.0,0.0,0.0,0.9540665500578387,-0.2995947563972602,曇,曇時々晴
2023-04-20,0.0,0.0,0.0,15.1,23.3,4.3,54,18.0,2.6,7.1,12.3,8.8,0,0,1006.3,-3.900000000000091,4.299999999999999,-12.0,0.0,1.0,0.0,0.0,0.9487718864399473,-0.31596187665790293,晴,晴時々曇
2023-04-21,0.0,0.0,0.0,11.8,16.0,6.0,39,17.0,3.4,6.5,13.2,11.2,0,0,1006.4,0.10000000000002274,-3.299999999999999,-15.0,1.0,0.0,0.0,0.0,0.9431964659565866,-0.33223549871590435,曇,曇一時雨
2023-04-22,0.0,0.0,0.0,8.1,11.6,4.3,44,33.0,3.4,7.3,15.0,3.3,0,0,1013.6,7.2000000000000455,-3.700000000000001,5.0,0.0,1.0,0.0,0.0,0.9373419384643772,-0.3484108069446808,晴,晴時々曇
2023-04-23,0.0,0.0,0.0,8.6,14.0,4.4,40,20.0,3.7,7.6,15.3,6.7,0,0,1018.2,4.600000000000023,0.5,-4.0,1.0,0.0,0.0,0.0,0.9312100364121947,-0.3644830148102912,曇,曇時々晴一時雨
2023-04-25,0.0,0.0,0.0,9.5,16.4,0.2,41,17.0,1.8,4.2,7.4,10.3,0,0,1021.2,-0.1999999999999318,1.5,-2.0,,,,,0.9181214482844365,-0.39629913726891813,雨,雨
2023-04-26,3.5,1.0,0.5,11.9,16.6,7.9,82,45.0,2.0,3.9,8.8,0.0,0,0,1006.0,-15.200000000000045,2.4000000000000004,41.0,0.0,0.0,1.0,0.0,0.9111686353326631,-0.41203363695942635,晴,晴
2023-04-27,0.0,0.0,0.0,11.0,16.2,5.4,42,16.0,3.2,6.0,11.2,12.4,0,0,1016.4,10.399999999999977,-0.9000000000000004,-40.0,1.0,0.0,0.0,0.0,0.9039461929224011,-0.42764620926777464,晴,晴
2023-04-28,0.0,0.0,0.0,13.5,21.1,4.4,50,22.0,2.5,5.6,10.7,9.9,0,0,1018.9,2.5,2.5,8.0,1.0,0.0,0.0,0.0,0.8964562582905575,-0.44313223418263453,晴,晴後曇一時雨
2023-04-29,0.0,0.0,0.0,16.0,24.0,6.6,56,26.0,1.7,4.3,7.8,5.0,0,0,1012.0,-6.899999999999977,2.5,6.0,1.0,0.0,0.0,0.0,0.8887010478292915,-0.45848712914008766,雨,雨後曇時々晴
2023-04-30,3.5,1.0,0.5,14.9,19.2,12.4,70,44.0,2.9,7.1,13.2,1.4,0,0,1001.3,-10.700000000000045,-1.0999999999999996,14.0,0.0,0.0,1.0,0.0,0.8806828564301475,-0.47370635037968,晴,晴後雨時々曇
2023-05-01,4.5,2.0,1.0,12.9,18.5,7.3,65,31.0,3.1,6.7,12.4,6.5,0,0,1009.7,8.400000000000091,-2.0,-5.0,1.0,0.0,0.0,0.0,0.8724040568049612,-0.48878539428899265,曇,曇時々晴
2023-05-02,0.5,0.5,0.5,11.0,16.8,5.6,65,37.0,2.0,4.1,8.4,6.7,0,0,1021.2,11.5,-1.9000000000000004,0.0,0.0,1.0,0.0,0.0,0.8638670987837349,-0.503719798736334,晴,晴
2023-05-03,0.0,0.0,0.0,14.2,22.2,5.4,47,19.0,2.6,5.4,10.2,12.5,0,0,1021.8,0.599999999999909,3.1999999999999993,-18.0,1.0,0.0,0.0,0.0,0.8550745085896932,-0.518505144391157,晴,晴時々曇
2023-05-04,0.0,0.0,0.0,16.8,23.4,7.9,46,28.0,2.7,6.6,12.0,11.8,0,0,1016.3,-5.5,2.6000000000000014,-1.0,1.0,0.0,0.0,0.0,0.8460288880917339,-0.533137056031809,曇,曇時々晴一時雨
2023-05-05,2.5,1.5,0.5,18.6,25.1,12.8,61,37.0,2.5,6.0,9.8,8.5,0,0,1011.4,-4.899999999999977,1.8000000000000007,15.0,0.0,1.0,0.0,0.0,0.8367329140344921,-0.5476112038402312,雨,雨
2023-05-06,26.0,3.0,1.0,13.0,17.1,8.6,100,95.0,1.4,3.3,6.4,0.0,0,0,1005.9,-5.5,-5.600000000000001,39.0,0.0,0.0,1.0,0.0,0.8271893372462497,-0.5619233046832195,曇,曇後一時晴
2023-05-07,0.5,0.5,0.5,10.1,13.5,7.8,76,43.0,2.5,6.0,12.9,0.1,0,0,1013.3,7.399999999999977,-2.9000000000000004,-24.0,0.0,1.0,0.0,0.0,0.8174009818249189,-0.5760691233798758,雨,雨後一時曇
2023-05-08,14.0,2.0,0.5,5.7,9.0,2.8,92,50.0,2.0,6.5,13.7,2.5,0,0,1012.4,-0.8999999999999773,-4.3999999999999995,16.0,0.0,0.0,1.0,0.0,0.8073707443023492,-0.5900444739548627,晴,晴一時雨
2023-05-09,0.0,0.0,0.0,11.7,20.1,1.9,61,23.0,2.3,5.5,10.3,13.4,0,0,1014.2,1.8000000000000682,5.999999999999999,-31.0,1.0,0.0,0.0,0.0,0.7971015927871943,-0.6038452208771035,晴,晴時々曇一時雨
2023-05-10,0.0,0.0,0.0,12.9,19.8,5.5,51,15.0,2.2,5.2,11.7,9.9,0,0,1015.0,0.7999999999999545,1.200000000000001,-10.0,1.0,0.0,0.0,0.0,0.7865965660866021,-0.6174672802835514,晴,晴
2023-05-11,0.0,0.0,0.0,9.7,15.8,3.5,68,43.0,2.4,5.2,9.9,13.1,0,0,1020.0,5.0,-3.200000000000001,17.0,1.0,0.0,0.0,0.0,0.7758587728069828,-0.6309066211876704,晴,晴一時曇
2023-05-12,0.0,0.0,0.0,11.0,18.5,2.8,62,28.0,2.2,5.7,10.3,13.5,0,0,1022.1,2.1000000000000227,1.3000000000000007,-6.0,1.0,0.0,0.0,0.0,0.7648913904341226,-0.6441592666722685,晴,晴時々曇
2023-05-13,0.0,0.0,0.0,13.6,21.7,4.8,60,27.0,1.7,3.7,6.8,9.0,0,0,1019.7,-2.3999999999999773,2.5999999999999996,-2.0,1.0,0.0,0.0,0.0,0.753697664392914,-0.6572212950663319,曇,曇一時晴後雨
2023-05-14,4.0,3.0,1.5,13.8,20.0,7.4,86,54.0,1.0,3.2,5.3,2.9,0,0,1015.3,-4.400000000000091,0.20000000000000107,26.0,0.0,1.0,0.0,0.0,0.742280907086982,-0.6700888411055113,雨,雨時々曇
2023-05-15,17.5,8.0,4.5,14.9,18.0,12.2,97,79.0,1.0,2.5,4.6,0.0,0,0,1012.3,-3.0,1.0999999999999996,11.0,0.0,0.0,1.0,0.0,0.7306444969184916,-0.6827580970759147,曇,曇一時雨後晴
2023-05-16,0.0,0.0,0.0,16.0,22.7,10.7,84,44.0,1.5,4.0,6.8,10.7,0,0,1012.7,0.40000000000009095,1.0999999999999996,-13.0,0.0,1.0,0.0,0.0,0.7187918772884232,-0.6952253139408723,曇,曇一時雨後晴
2023-05-17,0.0,0.0,0.0,19.6,27.6,11.0,70,42.0,2.3,6.7,11.3,12.7,0,0,1010.5,-2.2000000000000455,3.6000000000000014,-14.0,0.0,1.0,0.0,0.0,0.7067265555776159,-0.7074868024503348,晴,晴
2023-05-18,0.0,0.0,0.0,21.8,29.8,14.7,59,25.0,2.6,5.3,10.4,11.9,0,0,1011.8,1.2999999999999545,2.1999999999999993,-11.0,1.0,0.0,0.0,0.0,0.6944521021088763,-0.719538934232584,雨,雨時々曇
2023-05-19,6.5,3.0,1.0,16.2,20.7,13.1,95,74.0,1.3,3.4,6.6,0.0,0,0,1012.8,1.0,-5.600000000000001,36.0,0.0,0.0,1.0,0.0,0.6819721490904629,-0.7313781428679254,晴,晴
2023-05-20,0.0,0.0,0.0,16.0,21.6,11.8,80,52.0,2.2,5.4,11.3,8.4,0,0,1011.8,-1.0,-0.1999999999999993,-15.0,1.0,0.0,0.0,0.0,0.6692903895412567,-0.7430009249440493,曇,曇一時晴後雨
2023-05-21,2.0,1.5,1.0,15.9,23.0,10.4,88,62.0,1.7,6.1,10.2,0.5,0,0,1006.0,-5.7999999999999545,-0.09999999999999964,8.0,0.0,1.0,0.0,0.0,0.6564105761979381,-0.7544038410927472,曇,曇時々晴
2023-05-22,0.0,0.0,0.0,15.8,20.7,10.5,64,39.0,2.4,5.6,9.7,6.9,0,0,1005.0,-1.0,-0.09999999999999964,-24.0,0.0,1.0,0.0,0.0,0.6433365204044917,-0.765583517007675,晴,晴
2023-05-23,0.0,0.0,0.0,13.2,19.8,7.2,73,45.0,1.9,4.1,8.2,3.9,0,0,1006.6,1.6000000000000227,-2.6000000000000014,9.0,1.0,0.0,0.0,0.0,0.6300720909843687,-0.7765366444428655,晴,晴
2023-05-24,0.0,0.0,0.0,12.9,18.4,6.7,73,41.0,2.1,5.6,9.3,10.9,0,0,1012.6,6.0,-0.29999999999999893,0.0,1.0,0.0,0.0,0.0,0.6166212130956382,-0.7872599821916922,晴,晴
2023-05-25,0.0,0.0,0.0,15.3,22.7,6.8,62,35.0,1.8,3.9,7.1,13.7,0,0,1021.4,8.799999999999955,2.4000000000000004,-11.0,1.0,0.0,0.0,0.0,0.6029878670694714,-0.7977503570459932,曇,曇時々晴後雨
2023-05-26,0.0,0.0,0.0,17.5,24.9,10.2,67,35.0,1.5,4.6,8.3,4.9,0,0,1021.6,0.20000000000004547,2.1999999999999993,5.0,0.0,1.0,0.0,0.0,0.5891760872322963,-0.8080046647350754,晴,晴時々曇
2023-05-27,0.0,0.0,0.0,19.5,26.1,13.7,67,37.0,1.9,4.5,9.2,10.1,0,0,1021.1,-0.5,2.0,0.0,1.0,0.0,0.0,0.0,0.5751899607119775,-0.8180198708443175,雨,雨一時曇
2023-05-28,5.0,1.5,0.5,17.5,19.2,14.7,92,73.0,0.9,3.0,5.2,0.0,0,0,1014.5,-6.600000000000023,-2.0,25.0,0.0,0.0,1.0,0.0,0.5610336262283677,-0.8277930117131022,曇,曇後時々晴
2023-05-29,0.0,0.0,0.0,17.6,22.0,14.7,91,71.0,2.0,4.4,7.5,5.6,0,0,1009.6,-4.899999999999977,0.10000000000000142,-1.0,0.0,1.0,0.0,0.0,0.5467112728685939,-0.8373211953118121,曇,曇一時雨後晴
2023-05-30,0.0,0.0,0.0,15.2,20.1,10.0,74,45.0,1.9,4.8,10.0,9.4,0,0,1009.6,0.0,-2.400000000000002,-17.0,0.0,1.0,0.0,0.0,0.5322271388474397,-0.8466016020976267,晴,晴一時曇
2023-05-31,0.0,0.0,0.0,16.2,22.5,9.0,54,29.0,2.3,4.9,10.1,11.4,0,0,1011.5,1.8999999999999773,1.0,-20.0,1.0,0.0,0.0,0.0,0.5175855102531889,-0.8556314858488706,晴,晴時々曇
2023-06-01,0.0,0.0,0.0,19.0,26.5,10.1,47,20.0,2.2,5.6,10.7,11.4,0,0,1009.8,-1.7000000000000455,2.8000000000000007,-7.0,1.0,0.0,0.0,0.0,0.5027907197793043,-0.8644081744776648,雨,雨時々曇
2023-06-02,3.0,2.0,0.5,18.5,21.7,14.6,87,64.0,1.2,2.6,5.3,0.0,0,0,999.5,-10.299999999999955,-0.5,40.0,0.0,0.0,1.0,0.0,0.4878471454423119,-0.8729290708206411,雨,雨時々曇一時晴
2023-06-03,1.0,1.0,0.5,16.5,19.7,12.4,79,52.0,1.9,4.8,10.3,5.4,0,0,998.0,-1.5,-2.0,-8.0,0.0,0.0,1.0,0.0,0.47275920928627757,-0.881191653407483,晴,晴一時曇後一時雨
2023-06-04,0.0,0.0,0.0,16.8,23.7,10.8,70,39.0,3.1,7.6,15.1,7.5,0,0,1002.2,4.2000000000000455,0.3000000000000007,-9.0,1.0,0.0,0.0,0.0,0.4575313760742512,-0.8891934772070711,晴,晴後一時雨
2023-06-05,0.5,0.5,0.5,18.3,24.5,10.4,54,27.0,2.7,5.9,10.8,12.2,0,0,1006.6,4.399999999999977,1.5,-16.0,1.0,0.0,0.0,0.0,0.44216815196707204,-0.8969321743510065,曇,曇時々晴
2023-06-06,0.0,0.0,0.0,20.2,28.8,11.8,59,24.0,2.1,5.1,9.1,8.0,0,0,1006.7,0.10000000000002274,1.8999999999999986,5.0,0.0,1.0,0.0,0.0,0.42667408318992467,-0.9044054548343001,雨,雨時々晴後曇、雷を伴う
2023-06-07,9.5,7.5,7.5,18.5,24.6,13.8,81,54.0,1.6,4.7,9.1,4.5,0,0,1008.0,1.2999999999999545,-1.6999999999999993,22.0,0.0,0.0,1.0,0.0,0.4110537546870351,-0.9116111071930239,晴,晴
2023-06-08,0.0,0.0,0.0,20.0,28.0,12.5,78,38.0,1.5,4.3,7.9,12.1,0,0,1012.0,4.0,1.5,-3.0,1.0,0.0,0.0,0.0,0.3953117887649151,-0.9185469991587165,雨,雨時々曇
2023-06-09,3.0,2.0,0.5,19.3,23.0,16.8,84,61.0,2.0,4.9,10.3,0.0,0,0,1007.2,-4.7999999999999545,-0.6999999999999993,6.0,0.0,0.0,1.0,0.0,0.37945284372454435,-0.925211078289358,曇,曇時々雨一時晴
2023-06-10,0.0,0.0,0.0,19.8,24.7,16.2,87,67.0,1.5,4.3,7.5,5.8,0,0,1011.9,4.699999999999932,0.5,3.0,0.0,1.0,0.0,0.0,0.36348161248290634,-0.9316013725767187,曇,曇後一時晴
2023-06-11,0.0,0.0,0.0,18.5,23.8,14.6,91,72.0,1.3,2.9,5.8,1.4,0,0,1013.5,1.6000000000000227,-1.3000000000000007,4.0,0.0,1.0,0.0,0.0,0.3474028211842774,-0.9377159910299093,曇,曇時々雨
2023-06-12,0.0,0.0,0.0,19.9,24.8,16.8,91,73.0,1.2,2.6,4.3,0.7,0,0,1008.9,-4.600000000000023,1.3999999999999986,0.0,0.0,1.0,0.0,0.0,0.3312212278016865,-0.9435531242349544,曇,曇後一時雨、雷・霧を伴う
2023-06-13,9.0,8.5,5.0,20.3,26.1,17.6,93,71.0,1.4,5.1,8.9,2.5,0,0,1005.3,-3.6000000000000227,0.40000000000000213,2.0,0.0,1.0,0.0,0.0,0.31494162072895193,-0.9491110448902284,晴,晴時々曇
2023-06-14,0.0,0.0,0.0,21.9,27.6,18.0,83,59.0,1.5,3.8,7.3,9.0,0,0,1007.7,2.400000000000091,1.5999999999999979,-10.0,1.0,0.0,0.0,0.0,0.2985688173637202,-0.9543881083175908,曇,曇時々雨
2023-06-15,0.5,0.5,0.5,20.2,25.9,17.7,93,65.0,1.3,3.8,6.8,0.1,0,0,1008.6,0.8999999999999773,-1.6999999999999993,10.0,0.0,1.0,0.0,0.0,0.2821076626819194,-0.9593827529490743,雨,雨後一時曇
2023-06-16,8.5,2.5,1.0,18.3,20.4,15.7,99,86.0,1.2,2.3,4.6,0.0,0,0,1008.3,-0.3000000000000682,-1.8999999999999986,6.0,0.0,0.0,1.0,0.0,0.26556302780405594,-0.9640935007889755,晴,晴時々曇
2023-06-17,0.5,0.5,0.5,22.4,26.4,15.0,70,50.0,3.7,8.7,16.1,10.4,0,0,1007.9,-0.39999999999997726,4.099999999999998,-29.0,1.0,0.0,0.0,0.0,0.24893980855376657,-0.9685189578512204,晴,晴
2023-06-18,0.0,0.0,0.0,21.4,26.4,14.1,62,37.0,2.5,6.3,12.3,11.2,0,0,1005.9,-2.0,-1.0,-8.0,1.0,0.0,0.0,0.0,0.23224292400907015,-0.9726578145718654,晴,晴一時雨
2023-06-19,0.0,0.0,0.0,18.2,24.4,12.1,71,44.0,2.0,5.6,9.7,14.4,0,0,1008.0,2.1000000000000227,-3.1999999999999993,9.0,1.0,0.0,0.0,0.0,0.21547731504673012,-0.976508846196619,晴,晴
2023-06-20,0.0,0.0,0.0,19.1,26.3,11.7,64,23.0,2.0,5.0,8.3,13.5,0,0,1011.5,3.5,0.9000000000000021,-7.0,1.0,0.0,0.0,0.0,0.19864794288017112,-0.9800709131432666,晴,晴時々曇
2023-06-21,0.0,0.0,0.0,21.5,29.6,13.0,59,34.0,1.8,4.9,8.3,10.7,0,0,1011.4,-0.10000000000002274,2.3999999999999986,-5.0,1.0,0.0,0.0,0.0,0.18175978759137534,-0.9833429613388902,曇,曇後一時雨
2023-06-22,0.0,0.0,0.0,20.3,24.0,16.0,80,51.0,1.2,3.1,5.8,0.0,0,0,1008.5,-2.8999999999999773,-1.1999999999999993,21.0,0.0,1.0,0.0,0.0,0.16481784665719793,-0.9863240225317866,雨,雨時々曇
2023-06-23,3.5,1.0,1.0,18.8,21.7,16.7,95,74.0,1.3,2.8,5.2,0.0,0,0,1008.3,-0.20000000000004547,-1.5,15.0,0.0,0.0,1.0,0.0,0.14782713347053048,-0.9890132145779883,晴,晴後曇一時雨
2023-06-24,15.0,14.0,5.5,19.8,26.2,16.3,93,65.0,1.2,5.1,8.3,1.8,0,0,1013.5,5.2000000000000455,1.0,-2.0,1.0,0.0,0.0,0.0,0.13079267585675922,-0.9914097417023038,曇,曇時々雨
2023-06-25,0.5,0.5,0.5,19.9,24.8,16.9,92,70.0,1.2,3.3,5.6,0.0,0,0,1016.0,2.5,0.09999999999999787,-1.0,0.0,1.0,0.0,0.0,0.11371951458594969,-0.9935128947338007,曇,曇一時雨後晴
2023-06-26,0.0,0.0,0.0,21.6,27.4,15.5,84,64.0,1.6,4.3,8.1,10.1,0,0,1015.1,-0.8999999999999773,1.7000000000000028,-8.0,0.0,1.0,0.0,0.0,0.0966127018812031,-0.9953220513156602,曇,曇一時晴後一時雨
2023-06-27,8.5,5.0,1.5,23.2,31.0,16.5,79,42.0,1.6,4.8,8.4,7.1,0,0,1012.4,-2.7000000000000455,1.5999999999999979,-5.0,0.0,1.0,0.0,0.0,0.07947729992362097,-0.9968366760893436,曇,曇後時々晴
2023-06-28,2.0,1.0,0.5,25.3,30.5,21.2,80,54.0,2.5,5.6,11.1,6.2,0,0,1007.4,-5.0,2.1000000000000014,1.0,0.0,1.0,0.0,0.0,0.062318379354325076,-0.998056320853012,雨,雨時々曇
2023-06-29,3.5,2.5,1.0,23.5,28.6,20.9,86,56.0,1.3,4.5,8.9,1.9,0,0,1004.5,-2.8999999999999773,-1.8000000000000007,6.0,0.0,0.0,1.0,0.0,0.04514101777397193,-0.9989806246941579,雨,雨時々曇
2023-06-30,3.0,2.5,1.0,24.4,26.8,20.6,82,74.0,2.4,6.2,11.5,0.0,0,0,999.7,-4.7999999999999545,0.8999999999999986,-4.0,0.0,0.0,1.0,0.0,0.02795029824021032,-0.999609314096404,曇,曇時々雨一時晴
2023-07-01,0.0,0.0,0.0,22.4,27.3,19.1,83,64.0,2.0,5.6,9.4,5.0,0,0,1002.8,3.099999999999909,-2.0,1.0,0.0,1.0,0.0,0.0,0.01075130776352193,-0.9999422030204416,曇,曇時々雨
2023-07-02,1.0,1.0,1.0,20.6,23.6,18.4,88,69.0,1.2,3.2,5.4,1.1,0,0,1008.1,5.300000000000068,-1.7999999999999972,5.0,0.0,1.0,0.0,0.0,-0.00645086419810515,-0.9999791929590823,曇,曇時々雨
2023-07-03,9.5,5.0,2.0,20.5,25.4,18.1,95,80.0,1.3,3.7,7.1,0.5,0,0,1007.5,-0.6000000000000227,-0.10000000000000142,7.0,0.0,1.0,0.0,0.0,-0.023651127245231586,-0.9997202729664083,晴,晴
2023-07-04,0.0,0.0,0.0,20.9,26.1,16.6,85,59.0,1.6,4.2,7.7,11.9,0,0,1006.6,-0.8999999999999773,0.3999999999999986,-10.0,1.0,0.0,0.0,0.0,-0.04084439154329611,-0.9991655196610109,晴,晴時々曇
2023-07-05,2.0,1.0,0.5,21.6,29.0,16.2,85,57.0,1.6,3.5,6.3,10.5,0,0,1003.1,-3.5,0.7000000000000028,0.0,1.0,0.0,0.0,0.0,-0.05802556932878035,-0.9983150972033183,晴,晴一時雨
2023-07-06,0.5,1.0,0.5,24.8,30.1,19.2,70,48.0,3.3,7.2,14.9,9.5,0,0,999.4,-3.7000000000000455,3.1999999999999993,-15.0,1.0,0.0,0.0,0.0,-0.07518957641475855,-0.9971692572470178,晴,晴時々曇
2023-07-07,0.0,0.0,0.0,25.8,31.4,18.6,66,41.0,1.7,4.3,7.9,8.9,0,0,1006.7,7.300000000000068,1.0,-4.0,1.0,0.0,0.0,0.0,-0.09233133369539123,-0.9957283388645872,曇,曇後晴
2023-07-08,0.0,0.0,0.0,25.1,32.4,20.3,68,33.0,1.5,3.8,6.6,6.1,0,0,1006.3,-0.40000000000009095,-0.6999999999999993,2.0,0.0,1.0,0.0,0.0,-0.10944576864891556,-0.993992768446958,雨,雨時々曇
2023-07-09,3.0,1.5,1.0,24.1,27.2,21.0,87,72.0,1.1,3.1,5.1,0.2,0,0,1004.5,-1.7999999999999545,-1.0,19.0,0.0,0.0,1.0,0.0,-0.12652781683868314,-0.9919630595773397,曇,曇後一時雨
2023-07-10,0.0,0.0,0.0,25.1,30.4,22.2,82,64.0,1.6,3.6,7.0,2.9,0,0,1004.9,0.39999999999997726,1.0,-5.0,0.0,1.0,0.0,0.0,-0.1435724234118113,-0.9896398128792412,曇,曇時々雨、雷を伴う
2023-07-11,2.0,2.0,1.0,26.2,30.3,21.8,82,65.0,1.8,5.1,9.3,6.9,0,0,1004.9,0.0,1.0999999999999979,0.0,0.0,1.0,0.0,0.0,-0.16057454459499376,-0.9870237158387383,雨,大雨後一時曇
2023-07-12,26.0,8.5,2.5,23.0,25.5,21.0,95,80.0,1.1,2.6,4.8,0.0,0,0,1002.4,-2.5,-3.1999999999999993,13.0,0.0,0.0,1.0,0.0,-0.17752914918703497,-0.984115542601034,曇,曇時々晴一時雨
2023-07-13,0.0,0.0,0.0,22.9,27.3,18.3,78,55.0,2.1,4.5,10.2,6.7,0,0,1004.0,1.6000000000000227,-0.10000000000000142,-17.0,0.0,1.0,0.0,0.0,-0.19443122004766195,-0.9809161537413774,曇,曇時々晴一時雨
2023-07-14,3.5,2.5,1.0,22.6,27.2,18.0,84,67.0,1.5,3.2,5.6,9.1,0,0,1007.6,3.6000000000000227,-0.29999999999999716,6.0,0.0,1.0,0.0,0.0,-0.2112757555821793,-0.9774264960104055,雨,雨
2023-07-15,32.5,7.0,1.5,23.0,25.2,21.0,99,91.0,1.1,3.0,5.8,0.0,0,0,1003.3,-4.300000000000068,0.3999999999999986,15.0,0.0,0.0,1.0,0.0,-0.2280577712215198,-0.9736476020539838,雨,雨時々曇
2023-07-16,9.0,4.5,1.0,24.0,27.5,21.9,95,77.0,1.2,2.9,5.4,0.0,0,0,1007.8,4.5,1.0,-4.0,0.0,0.0,1.0,0.0,-0.24477230089725957,-0.9695805901076308,曇,曇一時晴後時々雨
2023-07-17,0.0,0.0,0.0,25.7,30.6,21.3,86,68.0,1.6,4.7,8.6,6.2,0,0,1011.6,3.800000000000068,1.6999999999999993,-9.0,0.0,1.0,0.0,0.0,-0.2614143985111562,-0.965226663665613,曇,曇一時雨
2023-07-18,1.0,1.0,1.0,24.3,27.4,22.5,92,80.0,1.4,3.0,5.1,0.3,0,0,1011.2,-0.39999999999997726,-1.3999999999999986,6.0,0.0,1.0,0.0,0.0,-0.2779791393987801,-0.9605871111248129,曇,曇後一時雨
2023-07-19,0.0,0.0,0.0,23.5,27.4,21.4,89,67.0,1.3,3.0,5.7,0.3,0,0,1006.5,-4.7000000000000455,-0.8000000000000007,-3.0,0.0,1.0,0.0,0.0,-0.2944616217868012,-0.9556633054034704,曇,曇後晴
2023-07-20,0.5,0.5,0.5,23.1,28.2,19.1,86,66.0,1.7,3.7,6.7,2.9,0,0,1008.5,2.0,-0.3999999999999986,-3.0,0.0,1.0,0.0,0.0,-0.3108569682435036,-0.9504567035349151,晴,晴時々曇
2023-07-21,0.0,0.0,0.0,22.8,28.8,18.4,87,66.0,1.5,4.0,6.7,8.0,0,0,1015.5,7.0,-0.3000000000000007,1.0,1.0,0.0,0.0,0.0,-0.3271603271220951,-0.9449688462364056,曇,曇後晴
2023-07-22,0.0,0.0,0.0,23.9,30.2,18.9,88,68.0,1.3,2.9,5.8,7.2,0,0,1018.1,2.6000000000000227,1.0999999999999979,1.0,0.0,1.0,0.0,0.0,-0.34336687399638804,-0.939201357453208,晴,晴一時曇
2023-07-23,0.0,0.0,0.0,25.8,31.8,20.3,86,59.0,1.4,4.5,7.2,11.2,0,0,1015.3,-2.800000000000068,1.9000000000000021,-2.0,1.0,0.0,0.0,0.0,-0.3594718130884232,-0.9331559438780432,晴,晴後時々曇
2023-07-24,0.0,0.0,0.0,28.1,34.9,21.5,70,45.0,1.6,3.2,7.1,13.0,0,0,1013.0,-2.2999999999999545,2.3000000000000007,-16.0,1.0,0.0,0.0,0.0,-0.3754703786876202,-0.9268343944460494,晴,晴時々曇一時雨
2023-07-25,0.0,0.0,0.0,28.0,33.2,22.5,75,54.0,2.0,4.7,8.7,11.6,0,0,1013.7,0.7000000000000455,-0.10000000000000142,5.0,1.0,0.0,0.0,0.0,-0.3913578365610259,-0.9202385798054075,晴,晴後曇一時雨
2023-07-26,0.0,0.0,0.0,28.0,32.9,23.5,78,62.0,1.9,4.8,9.3,10.5,0,0,1014.3,0.599999999999909,0.0,3.0,1.0,0.0,0.0,0.0,-0.4071294853542516,-0.9133704517637858,晴,晴時々曇
2023-07-27,0.0,0.0,0.0,27.6,33.3,22.5,76,51.0,2.0,5.4,10.1,10.6,0,0,1013.6,-0.6999999999999318,-0.3999999999999986,-2.0,1.0,0.0,0.0,0.0,-0.4227806579826773,-0.9062320427107697,曇,曇後晴一時雨
2023-07-28,0.0,0.0,0.0,28.0,33.5,23.1,72,51.0,2.1,4.9,9.2,11.1,0,0,1014.3,0.6999999999999318,0.3999999999999986,-4.0,0.0,1.0,0.0,0.0,-0.4383067230125192,-0.898825465016444,晴,晴後一時曇
2023-07-29,0.0,0.0,0.0,28.8,35.5,22.0,67,43.0,2.1,4.6,8.0,13.3,0,0,1014.7,0.40000000000009095,0.8000000000000007,-5.0,1.0,0.0,0.0,0.0,-0.45370308603134424,-0.8911529104063088,晴,晴時々曇
2023-07-30,0.0,0.0,0.0,29.0,34.9,22.2,66,42.0,1.9,4.6,8.1,12.5,0,0,1013.2,-1.5,0.1999999999999993,-1.0,1.0,0.0,0.0,0.0,-0.46896519100763184,-0.8832166493127127,曇,曇時々雨、雷を伴う
2023-07-31,11.0,9.0,3.5,26.2,31.4,21.9,83,58.0,1.5,4.3,9.4,0.3,0,0,1011.3,-1.900000000000091,-2.8000000000000007,17.0,0.0,1.0,0.0,0.0,-0.48408852163897587,-0.8750190302029955,晴,晴
2023-08-01,0.0,0.0,0.0,26.3,32.3,20.1,75,48.0,1.8,4.3,7.4,13.2,0,0,1011.3,0.0,0.10000000000000142,-8.0,1.0,0.0,0.0,0.0,-0.4990686026885319,-0.8665624788845385,晴,晴時々曇
2023-08-02,0.0,0.0,0.0,27.2,32.5,21.2,73,51.0,1.8,5.0,9.3,10.8,0,0,1009.4,-1.8999999999999773,0.8999999999999986,-2.0,1.0,0.0,0.0,0.0,-0.5139010013093103,-0.8578494977869301,曇,曇一時雨
2023-08-03,0.0,0.0,0.0,28.5,33.5,23.4,75,55.0,1.7,3.9,7.5,4.9,0,0,1007.5,-1.8999999999999773,1.3000000000000007,2.0,0.0,1.0,0.0,0.0,-0.5285813283559292,-0.8488826652214553,晴,晴後一時雨一時曇
2023-08-04,0.0,0.0,0.0,29.2,34.7,23.4,73,52.0,1.8,4.5,8.3,9.2,0,0,1005.1,-2.3999999999999773,0.6999999999999993,-2.0,1.0,0.0,0.0,0.0,-0.5431052396834317,-0.8396646346181327,曇,曇一時晴
2023-08-05,0.0,0.0,0.0,29.5,35.0,24.4,73,51.0,1.7,3.5,6.5,8.6,0,0,1003.0,-2.1000000000000227,0.3000000000000007,0.0,0.0,1.0,0.0,0.0,-0.5574684374327892,-0.8301981337405212,晴,晴時々曇、雷を伴う
2023-08-06,0.0,0.0,0.0,28.7,34.1,24.3,78,59.0,1.9,4.2,8.0,9.3,0,0,1002.4,-0.6000000000000227,-0.8000000000000007,5.0,1.0,0.0,0.0,0.0,-0.5716666713027052,-0.8204859638785327,曇,曇時々晴一時雨、雷を伴う
2023-08-07,0.0,0.0,0.0,27.0,33.6,23.4,86,62.0,1.6,3.8,6.7,5.1,0,0,1005.7,3.300000000000068,-1.6999999999999993,8.0,0.0,1.0,0.0,0.0,-0.5856957398073508,-0.8105309990194823,晴,晴時々曇
2023-08-08,0.0,0.0,0.0,27.4,33.2,22.7,84,65.0,1.8,4.4,8.0,8.7,0,0,1009.1,3.3999999999999773,0.3999999999999986,-2.0,1.0,0.0,0.0,0.0,-0.5995514915196489,-0.8003361849976323,曇,曇一時雨後晴、雷を伴う
2023-08-09,0.0,0.0,0.0,29.8,36.2,25.0,80,53.0,1.4,3.8,7.6,8.2,0,0,1010.3,1.1999999999999318,2.400000000000002,-4.0,0.0,1.0,0.0,0.0,-0.6132298262997502,-0.7899045386224707,晴,晴
2023-08-10,0.0,0.0,0.0,31.1,39.3,25.1,64,27.0,1.6,4.2,7.7,13.1,0,0,1009.8,-0.5,1.3000000000000007,-16.0,1.0,0.0,0.0,0.0,-0.6267266965083301,-0.7792391467859886,晴,晴
2023-08-11,0.0,0.0,0.0,28.6,35.7,21.5,69,39.0,1.9,4.3,8.0,13.1,0,0,1008.9,-0.8999999999999773,-2.5,5.0,1.0,0.0,0.0,0.0,-0.6400381082043503,-0.7683431655492202,雨,雨
2023-08-12,5.0,5.0,3.0,25.0,28.3,22.8,88,70.0,2.1,5.2,9.4,2.1,0,0,1006.7,-2.199999999999932,-3.6000000000000014,19.0,0.0,0.0,1.0,0.0,-0.65316012232693,-0.7572198192083127,曇,曇後一時晴
2023-08-13,0.0,0.0,0.0,25.2,31.6,21.7,84,63.0,1.8,4.2,7.7,7.6,0,0,1007.1,0.39999999999997726,0.1999999999999993,-4.0,0.0,1.0,0.0,0.0,-0.666088855860977,-0.7458723993404063,曇,曇時々晴
2023-08-14,0.0,0.0,0.0,25.4,31.7,21.1,79,55.0,2.5,6.6,12.3,10.3,0,0,1009.3,2.199999999999932,0.1999999999999993,-5.0,0.0,1.0,0.0,0.0,-0.6788204829862357,-0.734304263829602,雨,雨時々曇
2023-08-15,0.0,0.0,0.0,27.0,33.3,22.1,79,57.0,2.5,5.9,11.0,10.0,0,0,1008.0,-1.2999999999999545,1.6000000000000014,0.0,0.0,0.0,1.0,0.0,-0.6913512362094071,-0.722518835873311,曇,曇時々晴一時雨
2023-08-16,0.0,0.0,0.0,29.3,36.2,22.9,70,40.0,2.2,5.2,9.5,5.4,0,0,1003.5,-4.5,2.3000000000000007,-9.0,0.0,1.0,0.0,0.0,-0.7036774074790128,-0.7105196029692745,晴,晴時々曇
2023-08-17,0.0,0.0,0.0,28.2,33.1,23.4,74,55.0,2.3,6.1,11.7,5.1,0,0,1006.2,2.7000000000000455,-1.1000000000000014,4.0,1.0,0.0,0.0,0.0,-0.7157953492826642,-0.6983101158835584,曇,曇時々晴一時雨、雷を伴う
2023-08-18,0.0,0.0,0.0,26.7,32.6,22.3,85,64.0,1.2,3.9,6.7,3.0,0,0,1010.8,4.599999999999909,-1.5,11.0,0.0,1.0,0.0,0.0,-0.7277014757264236,-0.6858939875998223,曇,曇一時晴後雨、雷を伴う
2023-08-19,7.5,3.5,2.0,26.6,32.8,24.2,93,65.0,1.1,4.2,6.6,3.4,0,0,1012.3,1.5,-0.09999999999999787,8.0,0.0,1.0,0.0,0.0,-0.7393922635959241,-0.673274892250183,雨,雨時々曇一時晴、雷を伴う
2023-08-20,6.5,6.5,3.5,26.6,31.0,23.8,93,76.0,1.5,4.0,7.0,5.7,0,0,1012.5,0.20000000000004547,0.0,0.0,0.0,0.0,1.0,0.0,-0.7508642533989489,-0.6604565640279754,晴,晴後一時曇
2023-08-21,0.0,0.0,0.0,27.3,31.8,23.4,86,68.0,1.3,3.3,6.6,10.3,0,0,1011.7,-0.7999999999999545,0.6999999999999993,-7.0,1.0,0.0,0.0,0.0,-0.7621140503891487,-0.6474427960827475,晴,晴
2023-08-22,0.0,0.0,0.0,29.0,35.3,23.5,83,57.0,1.4,4.1,7.3,11.9,0,0,1010.7,-1.0,1.6999999999999993,-3.0,1.0,0.0,0.0,0.0,-0.7731383255706027,-0.6342374393978054,晴,晴
2023-08-23,0.0,0.0,0.0,30.3,37.3,24.9,78,51.0,1.4,4.0,6.5,10.8,0,0,1011.0,0.2999999999999545,1.3000000000000007,-5.0,1.0,0.0,0.0,0.0,-0.7839338166829201,-0.620844401650647,晴,晴後一時曇
2023-08-24,0.0,0.0,0.0,30.2,36.6,25.6,78,53.0,1.5,3.6,6.3,8.5,0,0,1011.2,0.20000000000004547,-0.10000000000000142,0.0,1.0,0.0,0.0,0.0,-0.7944973291665992,-0.6072676460566135,晴,晴一時雨、雷を伴う
2023-08-25,0.0,0.0,0.0,29.3,35.4,24.7,82,58.0,1.5,3.5,7.1,11.1,0,0,1010.2,-1.0,-0.8999999999999986,4.0,1.0,0.0,0.0,0.0,-0.8048257371083452,-0.593511190196115,晴,晴後雨時々曇、雷を伴う
2023-08-26,0.0,0.0,0.0,28.9,35.5,24.7,80,51.0,1.8,4.9,8.7,9.4,0,0,1010.5,0.2999999999999545,-0.40000000000000213,-2.0,1.0,0.0,0.0,0.0,-0.8149159841660791,-0.5795791048257612,曇,曇後晴時々雨、雷を伴う
2023-08-27,7.0,5.5,3.0,26.4,33.6,23.5,89,60.0,1.4,5.2,10.5,5.9,0,0,1009.7,-0.7999999999999545,-2.5,9.0,0.0,1.0,0.0,0.0,-0.8247650844733614,-0.5654755126737576,晴,晴時々曇一時雨
2023-08-28,0.0,0.0,0.0,27.0,32.3,23.3,85,58.0,1.6,4.4,8.1,7.2,0,0,1008.5,-1.2000000000000455,0.6000000000000014,-4.0,1.0,0.0,0.0,0.0,-0.8343701235229537,-0.5512045872199277,晴,晴後時々曇
2023-08-29,0.0,0.0,0.0,27.4,33.6,22.6,83,56.0,1.4,3.5,5.7,8.7,0,0,1013.2,4.7000000000000455,0.3999999999999986,-2.0,1.0,0.0,0.0,0.0,-0.8437282590292712,-0.5367705514607103,晴,晴、雷を伴う
2023-08-30,0.0,0.0,0.0,28.4,34.9,23.0,82,47.0,1.4,3.3,6.2,9.8,0,0,1015.0,1.7999999999999545,1.0,-1.0,1.0,0.0,0.0,0.0,-0.8528367217694595,-0.522177676659508,晴,晴後曇一時雨、雷を伴う
2023-08-31,0.0,0.0,0.0,29.3,36.7,24.1,74,44.0,1.6,5.0,9.2,9.6,0,0,1014.3,-0.7000000000000455,0.9000000000000021,-8.0,1.0,0.0,0.0,0.0,-0.8616928164028521,-0.5074302810827518,曇,曇時々晴後雨
2023-09-01,5.0,3.0,1.5,26.7,33.8,22.7,82,51.0,1.4,4.9,12.4,1.8,0,0,1012.2,-2.099999999999909,-2.6000000000000014,8.0,0.0,1.0,0.0,0.0,-0.8702939222685674,-0.49253272872205434,曇,曇時々雨
2023-09-02,17.5,8.5,3.5,23.8,28.1,19.9,89,69.0,1.2,2.6,4.7,0.9,0,0,1013.0,0.7999999999999545,-2.8999999999999986,7.0,0.0,1.0,0.0,0.0,-0.8786374941610001,-0.4774894280028391,晴,晴一時曇
2023-09-03,0.0,0.0,0.0,24.4,31.5,18.1,81,55.0,1.6,2.9,5.6,12.3,0,0,1015.7,2.7000000000000455,0.5999999999999979,-8.0,1.0,0.0,0.0,0.0,-0.886721063082993,-0.46230483047981086,晴,晴後時々曇
2023-09-04,0.0,0.0,0.0,26.7,33.0,21.2,85,61.0,1.4,3.0,5.4,8.3,0,0,1013.4,-2.300000000000068,2.3000000000000007,4.0,1.0,0.0,0.0,0.0,-0.8945422369764496,-0.4469834295196742,曇,曇一時雨後晴
2023-09-05,0.0,0.0,0.0,26.4,32.4,23.6,87,62.0,1.9,4.5,7.9,9.8,0,0,1009.2,-4.199999999999932,-0.3000000000000007,2.0,0.0,1.0,0.0,0.0,-0.9020987014301837,-0.4315297589714715,曇,曇後一時雨
2023-09-06,0.0,0.0,0.0,24.6,27.5,22.1,88,71.0,1.3,3.4,7.6,0.0,0,0,1007.3,-1.900000000000091,-1.7999999999999972,1.0,0.0,1.0,0.0,0.0,-0.9093882203647925,-0.4159483918249421,晴,晴一時曇
2023-09-07,0.0,0.0,0.0,22.6,27.6,17.1,77,50.0,1.7,4.1,7.7,9.3,0,0,1012.5,5.2000000000000455,-2.0,-11.0,1.0,0.0,0.0,0.0,-0.9164086366943458,-0.4002439388573056,晴,晴時々曇
2023-09-08,0.0,0.0,0.0,22.8,29.5,15.8,74,41.0,2.0,4.5,8.0,7.9,0,0,1014.3,1.7999999999999545,0.1999999999999993,-3.0,1.0,0.0,0.0,0.0,-0.9231578729647039,-0.38442104726885545,雨,雨後曇時々晴
2023-09-09,4.5,2.5,1.0,23.6,29.6,20.2,93,72.0,1.1,2.9,5.3,1.9,0,0,1010.0,-4.2999999999999545,0.8000000000000007,19.0,0.0,0.0,1.0,0.0,-0.9296339319682695,-0.3684843993077793,晴,晴時々雨一時曇
2023-09-10,0.0,0.0,0.0,25.4,31.7,22.4,86,56.0,1.1,2.9,6.0,6.4,0,0,1012.1,2.1000000000000227,1.7999999999999972,-7.0,1.0,0.0,0.0,0.0,-0.9358348973349941,-0.35243871088460327,曇,曇一時雨
2023-09-11,0.0,0.0,0.0,25.8,31.8,21.0,89,67.0,1.2,3.0,5.8,3.8,0,0,1011.7,-0.39999999999997726,0.40000000000000213,3.0,0.0,1.0,0.0,0.0,-0.9417589340994617,-0.33628873017668287,曇,曇時々雨一時晴、雷を伴う
2023-09-12,0.0,0.0,0.0,26.5,31.8,23.3,86,59.0,1.3,3.8,7.8,1.7,0,0,1011.5,-0.20000000000004547,0.6999999999999993,-3.0,0.0,1.0,0.0,0.0,-0.9474042892438845,-0.32003923622313857,曇,曇一時雨後晴
2023-09-13,7.0,6.5,4.0,24.9,30.1,22.3,86,62.0,1.2,3.7,6.7,3.8,0,0,1014.0,2.5,-1.6000000000000014,0.0,0.0,1.0,0.0,0.0,-0.9527692922168511,-0.30369503751065885,曇,曇時々雨
2023-09-14,1.5,1.0,1.0,24.2,27.7,21.6,91,73.0,1.1,3.9,7.8,0.0,0,0,1011.6,-2.3999999999999773,-0.6999999999999993,5.0,0.0,1.0,0.0,0.0,-0.9578523554276669,-0.28726097055059635,曇,曇時々晴
2023-09-15,0.0,0.0,0.0,23.4,28.7,19.6,81,53.0,1.3,3.2,6.4,7.5,0,0,1015.2,3.6000000000000227,-0.8000000000000007,-10.0,0.0,1.0,0.0,0.0,-0.9626519747161487,-0.2707418984477642,曇,曇時々晴一時雨
2023-09-16,0.0,0.0,0.0,23.1,30.0,19.6,82,38.0,1.5,4.8,9.3,6.9,0,0,1014.5,-0.7000000000000455,-0.29999999999999716,1.0,0.0,1.0,0.0,0.0,-0.9671667297977312,-0.2541427094613622,曇,曇一時晴
2023-09-17,0.0,0.0,0.0,23.8,29.8,18.6,81,55.0,1.2,3.0,5.1,4.6,0,0,1013.6,-0.8999999999999773,0.6999999999999993,-1.0,0.0,1.0,0.0,0.0,-0.97139528468375,-0.23746831555846842,曇,曇一時雨後晴
2023-09-18,1.0,1.0,1.0,25.4,31.5,20.2,79,53.0,2.2,6.1,12.2,11.1,0,0,1012.0,-1.6000000000000227,1.5999999999999979,-2.0,0.0,1.0,0.0,0.0,-0.9753363880767837,-0.2207236509605022,雨,雨時々曇一時晴、雷を伴う
2023-09-19,22.0,18.0,6.0,23.0,30.5,20.0,91,60.0,1.4,6.5,11.8,3.5,0,0,1011.1,-0.8999999999999773,-2.3999999999999986,12.0,0.0,0.0,1.0,0.0,-0.9789888737409319,-0.20391367068311472,曇,曇時々雨一時晴
2023-09-20,0.0,0.5,0.0,21.5,27.0,17.7,84,62.0,1.5,3.8,10.1,2.4,0,0,1011.7,0.6000000000000227,-1.5,-7.0,0.0,1.0,0.0,0.0,-0.9823516608469237,-0.18704334906991657,雨,大雨
2023-09-21,46.0,11.5,2.5,17.7,18.5,17.1,98,93.0,1.1,4.1,7.8,0.0,0,0,1009.6,-2.1000000000000227,-3.8000000000000007,14.0,0.0,0.0,1.0,0.0,-0.9854237542919524,-0.17011767832049052,晴,晴一時雨
2023-09-22,1.5,1.5,0.5,19.3,24.9,14.2,83,55.0,1.7,4.3,8.3,9.6,0,0,1012.6,3.0,1.6000000000000014,-15.0,1.0,0.0,0.0,0.0,-0.9882042449941422,-0.15314166701312007,晴,晴後雨時々曇、雷を伴う
2023-09-23,0.0,0.0,0.0,17.5,25.6,12.7,81,43.0,1.4,4.1,8.2,8.1,0,0,1017.7,5.100000000000023,-1.8000000000000007,-2.0,1.0,0.0,0.0,0.0,-0.9906923101615609,-0.13612033862266704,晴,晴
2023-09-24,0.0,0.0,0.0,16.9,23.8,12.0,74,30.0,1.6,2.9,5.7,11.3,0,0,1022.7,5.0,-0.6000000000000014,-7.0,1.0,0.0,0.0,0.0,-0.9928872135356962,-0.11905873003404988,曇,曇時々晴
2023-09-25,0.0,0.0,0.0,17.8,24.8,11.9,80,39.0,1.5,2.6,4.9,4.1,0,0,1020.3,-2.400000000000091,0.9000000000000021,6.0,0.0,1.0,0.0,0.0,-0.994788305609327,-0.10196189005174576,曇,曇一時雨
2023-09-26,0.0,0.0,0.0,19.6,23.9,16.3,86,67.0,1.2,3.4,5.6,0.5,0,0,1015.3,-5.0,1.8000000000000007,6.0,0.0,1.0,0.0,0.0,-0.9963950238187231,-0.08483487790576538,晴,晴時々曇
2023-09-27,0.0,0.0,0.0,20.7,27.5,16.2,81,48.0,1.5,3.4,6.0,7.9,0,0,1012.4,-2.8999999999999773,1.0999999999999979,-5.0,1.0,0.0,0.0,0.0,-0.9977068927101168,-0.06768276175455162,雨,雨
2023-09-28,15.5,6.5,2.0,19.0,20.9,17.4,97,88.0,1.3,2.7,6.1,0.0,0,0,1007.6,-4.7999999999999545,-1.6999999999999993,16.0,0.0,0.0,1.0,0.0,-0.9987235240803972,-0.050510617185222886,晴,晴時々雨一時曇
2023-09-29,2.0,2.0,1.5,19.2,25.7,13.2,75,38.0,2.0,4.3,9.9,10.6,0,0,1011.7,4.100000000000023,0.1999999999999993,-22.0,1.0,0.0,0.0,0.0,-0.9994446170919858,-0.033323525711631344,曇,曇一時晴後一時雨
2023-09-30,0.0,0.0,0.0,18.4,24.5,12.7,77,51.0,1.2,2.9,5.6,3.0,0,0,1010.2,-1.5,-0.8000000000000007,2.0,0.0,1.0,0.0,0.0,-0.9998699583618592,-0.016126573270657762,曇,曇時々晴後雨、雷を伴う
2023-10-01,3.0,2.0,1.5,19.1,25.9,15.6,86,54.0,1.4,3.8,7.7,3.9,0,0,1005.5,-4.7000000000000455,0.7000000000000028,9.0,0.0,1.0,0.0,0.0,-0.9999994220246925,0.001075151282798226,雨,雨時々曇一時晴、雷を伴う
2023-10-02,4.5,1.5,1.0,15.8,21.7,12.5,83,45.0,2.1,4.7,10.9,5.0,0,0,1010.4,4.899999999999977,-3.3000000000000007,-3.0,0.0,0.0,1.0,0.0,-0.999832969770105,0.018276557681691223,晴,晴時々雨
2023-10-03,0.5,0.5,0.5,17.3,22.9,12.5,64,33.0,2.3,6.3,12.7,10.4,0,0,1016.2,5.800000000000068,1.5,-19.0,1.0,0.0,0.0,0.0,-0.9993706508539969,0.03547255575312556,晴,晴一時曇
2023-10-04,0.0,0.0,0.0,16.9,24.0,11.7,72,30.0,1.5,3.3,5.9,9.2,0,0,1012.7,-3.5,-0.40000000000000213,8.0,1.0,0.0,0.0,0.0,-0.9986126020839734,0.052658056924614005,雨,雨時々曇、雷を伴う
2023-10-05,31.5,9.5,8.0,14.8,20.9,12.5,90,64.0,1.9,5.0,9.3,1.3,0,0,997.4,-15.300000000000068,-2.099999999999998,18.0,0.0,0.0,1.0,0.0,-0.9975590477788613,0.06982797572987089,雨,雨
2023-10-06,24.5,7.0,2.5,13.7,17.1,11.6,83,65.0,3.0,5.1,11.0,1.0,0,0,1001.0,3.6000000000000227,-1.1000000000000014,-7.0,0.0,0.0,1.0,0.0,-0.9962102997023297,0.0869772313136861,晴,晴後曇時々雨
2023-10-07,14.5,5.0,3.0,14.1,18.5,11.0,83,55.0,2.3,5.2,11.2,4.3,0,0,1016.0,15.0,0.40000000000000036,0.0,1.0,0.0,0.0,0.0,-0.9945667569706337,0.1041007489354256,晴,晴時々曇一時雨
2023-10-08,0.0,0.0,0.0,13.5,19.6,9.4,80,39.0,1.4,3.1,5.3,10.3,0,0,1026.3,10.299999999999955,-0.5999999999999996,-3.0,1.0,0.0,0.0,0.0,-0.9926289059345095,0.12119346147073601,晴,晴後一時雨一時曇
2023-10-09,0.0,0.0,0.0,15.7,23.3,8.6,78,42.0,1.4,2.8,6.4,7.5,0,0,1021.1,-5.199999999999932,2.1999999999999993,-2.0,1.0,0.0,0.0,0.0,-0.9903973200352558,0.13825031091098192,雨,雨時々曇
2023-10-10,10.5,6.5,3.0,15.1,17.3,12.6,99,89.0,1.0,3.0,5.4,0.0,0,0,1011.4,-9.700000000000045,-0.5999999999999996,21.0,0.0,0.0,1.0,0.0,-0.9878726596350429,0.15526624985999563,晴,晴
2023-10-11,0.0,0.0,0.0,13.7,19.3,9.6,75,34.0,1.8,3.4,8.2,10.3,0,0,1020.1,8.700000000000045,-1.4000000000000004,-24.0,1.0,0.0,0.0,0.0,-0.9850556718215013,0.172236243027682,晴,晴
2023-10-12,0.0,0.0,0.0,13.9,21.6,8.6,71,34.0,2.0,3.8,7.3,10.6,0,0,1020.7,0.6000000000000227,0.20000000000000107,-4.0,1.0,0.0,0.0,0.0,-0.981947190186646,0.18915526872004093,晴,晴
2023-10-13,0.0,0.0,0.0,15.8,23.3,9.7,70,34.0,2.1,4.4,9.3,10.5,0,0,1014.7,-6.0,1.9000000000000004,-1.0,1.0,0.0,0.0,0.0,-0.9785481345802031,0.20601832032517084,晴,晴一時曇
2023-10-14,0.0,0.0,0.0,15.8,23.4,9.8,71,35.0,1.7,3.6,7.4,10.0,0,0,1010.1,-4.600000000000023,0.0,1.0,1.0,0.0,0.0,0.0,-0.9748595108374125,0.22282040779479959,曇,曇時々晴後雨
2023-10-15,1.5,1.0,0.5,14.5,20.1,9.8,85,52.0,1.5,2.7,4.7,3.9,0,0,1005.2,-4.899999999999977,-1.3000000000000007,14.0,0.0,1.0,0.0,0.0,-0.9708824104813836,0.2395565591209271,曇,曇一時雨後晴
2023-10-16,3.5,1.5,1.0,13.9,18.8,9.2,82,54.0,1.9,4.0,8.6,5.1,0,0,1005.8,0.599999999999909,-0.5999999999999996,-3.0,0.0,1.0,0.0,0.0,-0.9666180104000972,0.2562218218071163,雨,雨時々晴後曇
2023-10-17,0.0,0.5,0.0,12.0,17.0,8.0,66,32.0,2.4,6.7,13.5,3.9,0,0,1011.9,6.100000000000023,-1.9000000000000004,-16.0,0.0,0.0,1.0,0.0,-0.9620675724981452,0.27281126433401914,曇,曇時々晴
2023-10-18,0.0,0.0,0.0,13.4,20.8,8.1,75,44.0,1.6,4.4,8.2,8.9,0,0,1019.1,7.2000000000000455,1.4000000000000004,9.0,0.0,1.0,0.0,0.0,-0.957232443323312,0.2893199776186952,曇,曇時々雨、雷を伴う
2023-10-19,2.5,1.0,0.5,16.6,23.4,9.2,84,50.0,1.9,4.8,9.0,0.8,0,0,1013.6,-5.5,3.200000000000001,9.0,0.0,1.0,0.0,0.0,-0.9521140536681102,0.3057430764672831,雨,雨
2023-10-20,36.5,7.0,3.0,13.5,16.2,9.7,97,75.0,1.6,4.9,10.2,0.0,0,0,1004.2,-9.399999999999977,-3.1000000000000014,13.0,0.0,0.0,1.0,0.0,-0.9467139181463862,0.3220757010206104,雨,雨時々曇
2023-10-21,5.5,2.0,0.5,7.9,11.6,4.2,85,66.0,1.7,4.3,11.1,0.1,0,0,1009.3,5.099999999999909,-5.6,-12.0,0.0,0.0,1.0,0.0,-0.9410336347451197,0.3383130181923075,雨,雨時々曇、雷を伴う
2023-10-22,16.5,8.0,2.5,9.1,13.3,4.1,86,51.0,2.0,4.6,11.1,2.7,0,0,1016.3,7.0,1.1999999999999993,1.0,0.0,0.0,1.0,0.0,-0.9350748843515574,0.3544502230989869,晴,晴時々曇
2023-10-23,0.0,0.0,0.0,11.4,17.9,6.7,72,40.0,2.2,4.4,8.6,8.7,0,0,1021.3,5.0,2.3000000000000007,-14.0,1.0,0.0,0.0,0.0,-0.9288394302558068,0.3704825404820963,晴,晴一時曇
2023-10-24,0.0,0.0,0.0,12.1,20.0,6.0,74,33.0,1.5,2.6,4.5,10.1,0,0,1021.0,-0.2999999999999545,0.6999999999999993,2.0,1.0,0.0,0.0,0.0,-0.9223291176290545,0.3864052261209853,曇,曇時々晴
2023-10-25,0.0,0.0,0.0,13.4,20.5,7.5,81,45.0,1.4,2.7,4.3,4.8,0,0,1016.4,-4.600000000000023,1.3000000000000007,7.0,0.0,1.0,0.0,0.0,-0.9155458729775467,0.40221356823680365,晴,晴
2023-10-26,0.0,0.0,0.0,13.6,20.5,8.5,83,54.0,1.7,3.5,6.6,9.7,0,0,1013.7,-2.699999999999932,0.1999999999999993,2.0,1.0,0.0,0.0,0.0,-0.9084917035725082,0.41790288888678667,曇,曇時々雨一時晴
2023-10-27,0.0,0.0,0.0,13.1,18.7,9.0,87,56.0,1.2,3.5,7.3,1.9,0,0,1010.6,-3.1000000000000227,-0.5,4.0,0.0,1.0,0.0,0.0,-0.9011686968561569,0.4334685453485363,晴,晴後曇一時雨、雷を伴う
2023-10-28,5.5,3.0,1.0,13.1,17.9,8.3,88,63.0,1.3,3.6,8.6,5.1,0,0,1011.8,1.1999999999999318,0.0,1.0,1.0,0.0,0.0,0.0,-0.8935790198239952,0.4489059314938798,雨,雨時々曇一時晴
2023-10-29,0.5,0.5,0.5,12.5,17.8,9.0,93,70.0,1.4,4.2,7.1,0.8,0,0,1016.8,5.0,-0.5999999999999996,5.0,0.0,0.0,1.0,0.0,-0.8857249183835637,0.4642104791518923,晴,晴
2023-10-30,0.0,0.0,0.0,11.8,18.1,6.4,86,65.0,1.5,4.0,7.7,7.5,0,0,1021.4,4.600000000000023,-0.6999999999999993,-7.0,1.0,0.0,0.0,0.0,-0.8776087166898392,0.4793776594606945,晴,晴
2023-10-31,0.0,0.0,0.0,11.6,19.2,6.0,79,44.0,1.5,3.2,5.4,9.5,0,0,1022.2,0.8000000000000682,-0.20000000000000107,-7.0,1.0,0.0,0.0,0.0,-0.8692328164574792,0.4944029842076182,晴,晴一時曇
2023-11-01,8.0,7.0,1.5,14.7,22.3,6.4,77,42.0,2.4,5.2,13.9,8.2,0,0,1015.8,-6.400000000000091,3.0999999999999996,-2.0,1.0,0.0,0.0,0.0,-0.8605996962501181,0.5092820071573356,晴,晴時々曇一時雨
2023-11-02,7.5,4.5,2.0,12.6,17.0,8.4,88,65.0,1.6,4.3,8.1,5.1,0,0,1016.6,0.8000000000000682,-2.0999999999999996,11.0,1.0,0.0,0.0,0.0,-0.8517119107469189,0.5240103253675756,晴,晴、雷を伴う
2023-11-03,0.5,0.5,0.5,17.1,23.7,8.5,78,51.0,2.4,6.3,11.5,9.1,0,0,1014.6,-2.0,4.500000000000002,-10.0,1.0,0.0,0.0,0.0,-0.8425720899866032,0.5385835804920232,曇,曇時々雨
2023-11-04,1.5,1.5,0.5,11.0,15.6,5.2,89,72.0,1.8,4.2,8.9,0.4,0,0,1023.3,8.699999999999932,-6.100000000000001,11.0,0.0,1.0,0.0,0.0,-0.8331829385891785,0.5529974600700271,晴,晴
2023-11-05,0.0,0.0,0.0,8.6,15.4,3.3,81,48.0,1.4,2.4,4.9,9.6,0,0,1029.1,5.7999999999999545,-2.4000000000000004,-8.0,1.0,0.0,0.0,0.0,-0.8235472349556007,0.5672476988027229,曇,曇後一時雨
2023-11-06,0.5,0.5,0.5,15.8,23.3,6.3,80,49.0,1.4,4.1,8.6,0.1,0,0,1013.2,-15.899999999999864,7.200000000000001,-1.0,0.0,1.0,0.0,0.0,-0.8136678304455991,0.5813300798152042,曇,曇時々晴後雨、大風を伴う
2023-11-07,24.5,6.0,1.5,14.8,19.7,8.8,76,42.0,3.4,10.1,20.7,6.2,0,0,1005.8,-7.400000000000091,-1.0,-4.0,0.0,1.0,0.0,0.0,-0.8035476485339116,0.5952404359043674,雨,雨時々曇一時晴
2023-11-08,0.0,0.0,0.0,8.5,11.5,5.6,84,66.0,1.5,4.5,9.3,0.0,0,0,1022.9,17.100000000000023,-6.300000000000001,8.0,0.0,0.0,1.0,0.0,-0.7931896839451843,0.6089746507720486,晴,晴
2023-11-09,0.0,0.0,0.0,9.9,16.6,3.1,78,46.0,1.2,2.8,5.8,9.5,0,0,1023.7,0.8000000000000682,1.4000000000000004,-6.0,1.0,0.0,0.0,0.0,-0.7825970017677834,0.6225286602431057,雨,雨時々曇
2023-11-10,17.5,5.0,1.5,14.5,20.5,7.0,76,52.0,2.8,5.3,10.8,0.1,0,0,1013.9,-9.800000000000068,4.6,-2.0,0.0,0.0,1.0,0.0,-0.7717727365467837,0.6358984534680745,雨,雨時々みぞれ
2023-11-11,1.0,0.5,0.5,4.5,7.9,1.9,78,43.0,2.4,5.5,11.8,3.9,0,0,1020.3,6.399999999999977,-10.0,2.0,0.0,0.0,1.0,0.0,-0.7607200913564104,0.6490800741100398,雨,雨時々曇一時晴
2023-11-12,1.5,1.0,0.5,3.3,5.7,1.7,93,75.0,1.4,3.0,5.3,0.0,0,0,1018.6,-1.6999999999999318,-1.2000000000000002,15.0,0.0,0.0,1.0,0.0,-0.7494423368521953,0.6620696215153815,雨,雨時々曇
2023-11-13,5.0,1.0,0.5,3.6,6.7,1.4,90,63.0,1.7,4.5,9.1,0.8,0,0,1012.9,-5.7000000000000455,0.30000000000000027,-3.0,0.0,0.0,1.0,0.0,-0.7379428103031386,0.6748632518680403,曇,曇時々雨
2023-11-14,1.5,1.5,0.5,5.9,9.1,4.0,76,47.0,2.1,4.9,10.2,2.5,0,0,1019.4,6.5,2.3000000000000003,-14.0,0.0,1.0,0.0,0.0,-0.7262249146041543,0.6874571793269664,晴,晴時々曇
2023-11-15,0.0,0.0,0.0,6.0,13.0,1.2,78,34.0,1.4,3.1,5.1,8.3,0,0,1025.6,6.199999999999932,0.09999999999999964,2.0,1.0,0.0,0.0,0.0,-0.7142921172691032,0.699847677146407,晴,晴後時々曇
2023-11-16,0.0,0.0,0.0,7.4,15.3,1.2,81,44.0,1.4,3.1,5.4,8.4,0,0,1025.6,0.0,1.4000000000000004,3.0,1.0,0.0,0.0,0.0,-0.7021479494046978,0.712031078778713,雨,雨時々曇
2023-11-17,14.0,4.0,1.0,10.2,13.9,6.4,94,61.0,1.3,3.6,7.4,0.0,0,0,1005.3,-20.299999999999955,2.799999999999999,13.0,0.0,0.0,1.0,0.0,-0.6897960046655887,0.7240037789593305,雨,雨時々曇一時晴
2023-11-18,21.5,4.5,2.0,6.0,9.0,3.9,94,76.0,1.6,4.8,8.8,0.6,0,0,996.1,-9.199999999999932,-4.199999999999999,0.0,0.0,0.0,1.0,0.0,-0.6772399381909491,0.7357622347736525,雨,雨後曇時々晴
2023-11-19,10.0,2.5,1.0,8.8,13.9,4.2,82,38.0,2.0,4.5,10.7,4.7,0,0,1003.4,7.2999999999999545,2.8000000000000007,-12.0,0.0,0.0,1.0,0.0,-0.6644834655228552,0.7473029667054297,雨,雨時々曇
2023-11-20,3.0,2.5,0.5,6.3,8.3,4.9,81,56.0,2.3,5.8,11.9,0.4,0,0,1010.0,6.600000000000023,-2.500000000000001,-1.0,0.0,0.0,1.0,0.0,-0.6515303615068021,0.75862255966641,曇,曇時々晴
2023-11-21,0.0,0.0,0.0,9.1,13.4,3.3,68,40.0,2.0,5.4,8.9,5.4,0,0,1019.0,9.0,2.8,-13.0,0.0,1.0,0.0,0.0,-0.6383844591746642,0.769717664006921,晴,晴
2023-11-22,0.0,0.0,0.0,12.6,17.3,7.8,78,53.0,1.7,4.2,8.2,2.8,0,0,1016.0,-3.0,3.5,10.0,1.0,0.0,0.0,0.0,-0.6250496486104377,0.7805849965070866,曇,曇一時晴後一時雨
2023-11-23,2.0,2.0,1.0,15.1,18.9,10.9,72,55.0,3.1,6.2,11.9,1.7,0,0,1007.9,-8.100000000000023,2.5,-6.0,0.0,1.0,0.0,0.0,-0.6115298757991053,0.7912213413483807,雨,雨、みぞれを伴う
2023-11-24,10.0,3.0,1.0,5.7,12.0,0.2,82,54.0,2.5,5.8,12.1,0.5,0,0,1007.9,0.0,-9.399999999999999,10.0,0.0,0.0,1.0,0.0,-0.5978291414589552,0.801623551065242,雪,雪
2023-11-25,12.0,1.5,1.0,-0.9,1.8,-2.5,88,64.0,2.9,6.1,12.2,1.3,11,10,1022.6,14.700000000000045,-6.6000000000000005,6.0,0.0,0.0,0.0,1.0,-0.5839514998576998,0.8117885474764613,曇,曇時々雪後みぞれ
2023-11-26,0.0,0.0,0.0,2.5,6.1,0.2,80,49.0,1.7,3.3,7.5,1.7,0,8,1022.9,0.2999999999999545,3.4,-8.0,0.0,1.0,0.0,0.0,-0.5699010576127624,0.821713322596059,曇,曇時々雨
2023-11-27,2.0,2.0,1.0,4.5,7.4,1.9,94,80.0,0.9,2.3,3.2,0.3,0,0,1014.3,-8.600000000000023,2.0,14.0,0.0,1.0,0.0,0.0,-0.5556819724760489,0.8313949395234058,雨,雨時々曇、雷を伴う
2023-11-28,13.0,2.5,1.0,6.6,10.6,1.7,92,64.0,1.9,5.8,11.1,0.2,0,0,1004.2,-10.099999999999909,2.0999999999999996,-2.0,0.0,0.0,1.0,0.0,-0.5412984521036173,0.8408305333122887,雪,雪時々みぞれ
2023-11-29,2.0,0.5,0.5,1.2,3.6,-0.7,80,35.0,2.7,7.2,15.1,0.3,1,1,1012.6,8.399999999999977,-5.3999999999999995,-12.0,0.0,0.0,0.0,1.0,-0.5267547528105542,0.8500173118187018,雪,雪
2023-11-30,11.0,3.0,1.5,-1.4,0.4,-3.0,95,66.0,1.9,4.6,9.7,0.1,12,11,1014.1,1.5,-2.5999999999999996,15.0,0.0,0.0,0.0,1.0,-0.5120551783114646,0.8589525565270845,雪,雪後時々みぞれ
2023-12-01,2.0,1.0,0.5,-0.4,2.2,-3.0,90,63.0,1.6,3.6,7.7,1.4,3,12,1015.1,1.0,0.9999999999999999,-5.0,0.0,0.0,0.0,1.0,-0.4972040784469378,0.8676336233547726,曇,曇一時雪後みぞれ
2023-12-02,0.0,0.0,0.0,1.1,3.9,-1.1,91,68.0,1.1,2.5,4.1,0.5,0,5,1018.5,3.3999999999999773,1.5,1.0,0.0,1.0,0.0,0.0,-0.4822058478963526,0.8760579434344281,曇,曇一時晴後一時雨
2023-12-03,0.5,0.5,0.5,1.9,3.9,0.1,95,82.0,1.3,2.6,4.1,0.0,0,0,1018.4,-0.10000000000002274,0.7999999999999998,4.0,0.0,1.0,0.0,0.0,-0.46706492487743034,0.8842230238742036,曇,曇時々晴
2023-12-04,0.0,0.0,0.0,3.5,8.9,-0.9,89,59.0,1.2,2.4,4.3,2.0,0,0,1021.0,2.6000000000000227,1.6,-6.0,0.0,1.0,0.0,0.0,-0.451785789832884,0.8921264484954345,雨,雨後曇時々晴
2023-12-05,1.5,1.0,0.5,5.1,12.1,0.8,95,70.0,1.4,3.4,5.1,1.9,0,0,1017.7,-3.2999999999999545,1.5999999999999996,6.0,0.0,0.0,1.0,0.0,-0.4363729641045924,0.8997658785476209,曇,曇後時々晴
2023-12-06,0.0,0.0,0.0,6.3,13.5,1.7,91,57.0,1.1,2.0,4.1,3.4,0,0,1012.2,-5.5,1.2000000000000002,-4.0,0.0,1.0,0.0,0.0,-0.42083100859565564,0.9071390534005044,雨,雨時々曇
2023-12-07,6.0,1.5,1.0,6.6,14.2,2.4,79,39.0,3.0,9.8,17.0,1.3,0,0,1002.1,-10.100000000000023,0.2999999999999998,-12.0,0.0,0.0,1.0,0.0,-0.4051645224207563,0.9142437912130223,雪,みぞれ時々曇後晴
2023-12-08,0.0,0.0,0.0,6.5,11.7,2.9,62,34.0,2.7,7.2,14.9,7.8,0,0,1015.5,13.399999999999977,-0.09999999999999964,-17.0,0.0,0.0,0.0,1.0,-0.3893781415452015,0.9210779895789526,晴,晴後雨時々曇
2023-12-09,3.5,2.0,0.5,10.0,14.1,5.3,88,62.0,2.0,6.1,11.1,0.2,0,0,1015.3,-0.20000000000004547,3.5,26.0,1.0,0.0,0.0,0.0,-0.37347653741307074,0.9276396261490467,曇,曇後雨一時晴、みぞれを伴う
2023-12-10,0.0,0.0,0.0,5.0,8.3,-0.1,72,45.0,2.0,4.7,9.0,0.3,0,0,1023.1,7.800000000000068,-5.0,-16.0,0.0,1.0,0.0,0.0,-0.3574644155648614,0.9339267592294762,曇,曇時々雪、みぞれを伴う
2023-12-11,0.0,0.0,0.0,2.1,5.9,-0.4,69,45.0,1.8,4.9,9.4,6.2,0,0,1026.5,3.3999999999999773,-2.9,-3.0,0.0,1.0,0.0,0.0,-0.34134651424503615,0.9399375283564133,雪,みぞれ後雨時々曇
2023-12-12,13.5,3.5,1.0,1.1,3.1,-0.4,95,76.0,1.4,4.1,7.6,0.0,8,8,1016.7,-9.799999999999955,-1.0,26.0,0.0,0.0,0.0,1.0,-0.3251276029999093,0.9456701548465688,雪,雪時々曇
2023-12-13,0.5,0.5,0.5,1.7,2.8,0.5,75,54.0,2.1,4.5,9.5,0.4,0,1,1025.0,8.299999999999955,0.5999999999999999,-20.0,0.0,0.0,0.0,1.0,-0.30881248126625377,0.9511229423235357,曇,曇時々晴
2023-12-14,0.0,0.0,0.0,1.8,4.4,0.0,58,45.0,2.5,5.4,9.7,7.6,0,0,1028.9,3.900000000000091,0.10000000000000009,-17.0,0.0,1.0,0.0,0.0,-0.29240597695107734,0.9562942772197719,雪,雪時々曇後みぞれ
2023-12-15,13.0,3.0,0.5,0.0,1.1,-1.4,94,63.0,1.0,2.2,4.0,0.0,7,6,1017.2,-11.700000000000045,-1.8,36.0,0.0,0.0,0.0,1.0,-0.27591294500296043,0.9611826292540837,雨,雨時々曇
2023-12-16,9.0,3.5,1.5,3.1,10.3,0.7,95,50.0,1.6,8.5,15.2,0.0,0,5,1003.3,-13.900000000000091,3.1,1.0,0.0,0.0,1.0,0.0,-0.2593382659754056,0.9657865518844574,雪,雪、みぞれを伴う
2023-12-17,9.0,2.0,0.5,-0.7,5.4,-4.7,75,40.0,4.7,9.3,17.1,1.0,3,3,1008.2,4.900000000000091,-3.8,-20.0,0.0,0.0,0.0,1.0,-0.2426868445825954,0.9701046827361175,雪,雪時々曇
2023-12-18,9.5,2.5,1.0,-4.1,-2.7,-5.0,90,68.0,2.4,4.8,10.0,0.0,13,16,1022.4,14.199999999999932,-3.3999999999999995,15.0,0.0,0.0,0.0,1.0,-0.22596360824801906,0.974135744004672,雪,雪後時々曇一時晴
2023-12-19,1.0,0.5,0.5,-1.1,1.9,-3.8,77,46.0,1.5,3.3,6.4,2.1,1,15,1023.9,1.5,2.9999999999999996,-13.0,0.0,0.0,0.0,1.0,-0.20917350564635637,0.9778785428342386,雪,雪
2023-12-20,8.0,1.5,0.5,-2.4,-1.0,-3.2,94,79.0,0.9,3.1,5.2,0.0,11,21,1015.6,-8.299999999999955,-1.2999999999999998,17.0,0.0,0.0,0.0,1.0,-0.19232150523909483,0.9813319716704275,曇,曇時々雪
2023-12-21,0.0,0.0,0.0,-2.5,1.4,-4.6,77,37.0,1.5,3.7,6.7,1.8,0,18,1014.0,-1.6000000000000227,-0.10000000000000009,-17.0,0.0,1.0,0.0,0.0,-0.17541259380427843,0.9844950085880858,雪,雪時々曇
2023-12-22,3.0,1.5,0.5,-3.1,-0.8,-5.6,88,65.0,1.2,3.0,6.5,0.0,6,18,1018.2,4.2000000000000455,-0.6000000000000001,11.0,0.0,0.0,0.0,1.0,-0.15845177496083632,0.9873667175937016,雪,雪時々曇
2023-12-23,10.0,2.0,1.0,-4.1,-3.0,-5.0,93,78.0,1.9,4.7,9.5,0.0,14,30,1024.6,6.399999999999864,-0.9999999999999996,5.0,0.0,0.0,0.0,1.0,-0.14144406768794202,0.9899462489023779,雪,雪時々曇
2023-12-24,0.5,0.5,0.5,-1.4,2.5,-5.1,89,63.0,1.1,3.0,4.4,1.7,0,28,1026.7,2.1000000000001364,2.6999999999999997,-4.0,0.0,0.0,0.0,1.0,-0.12439450483979998,0.9922328391893008,晴,晴一時雪後曇
2023-12-25,0.0,0.0,0.0,-0.4,5.1,-5.5,88,48.0,0.9,2.0,3.4,5.5,0,20,1021.6,-5.100000000000023,0.9999999999999999,-1.0,1.0,0.0,0.0,0.0,-0.10730813165636247,0.9942258118156161,曇,曇時々雪一時みぞれ後雨
2023-12-26,5.0,1.5,0.5,1.5,5.1,-4.1,86,53.0,2.1,7.8,14.1,0.0,0,17,1017.9,-3.7000000000000455,1.9,-2.0,0.0,1.0,0.0,0.0,-0.09019000427034513,0.9959245770286599,雪,雪一時曇
2023-12-27,3.0,1.0,0.5,-0.3,1.6,-1.6,80,59.0,2.5,5.5,10.4,0.0,6,17,1025.9,8.000000000000114,-1.8,-6.0,0.0,0.0,0.0,1.0,-0.07304518821104743,0.9973286321364752,曇,曇一時雪
2023-12-28,0.0,0.0,0.0,1.7,6.4,-1.9,76,44.0,1.5,4.4,7.8,2.7,0,14,1024.6,-1.300000000000182,2.0,-4.0,0.0,1.0,0.0,0.0,-0.05587875690537313,0.9984375616565666,曇,曇時々みぞれ一時雨
2023-12-29,0.5,0.5,0.5,2.0,4.8,0.1,86,61.0,1.1,3.7,8.5,0.4,1,10,1021.5,-3.099999999999909,0.30000000000000004,10.0,0.0,1.0,0.0,0.0,-0.03869579017652689,0.9992510374388481,雨,雨時々曇一時みぞれ
2023-12-30,0.0,0.0,0.0,3.1,5.8,1.1,86,68.0,1.5,3.3,6.0,0.0,0,7,1020.1,-1.3999999999999773,1.1,0.0,0.0,0.0,1.0,0.0,-0.021501372740813793,0.999768818762748,雨,雨時々曇、みぞれを伴う
2023-12-31,3.0,1.0,0.5,2.9,6.6,1.1,97,87.0,1.3,5.3,9.9,0.0,0,5,1008.6,-11.5,-0.20000000000000018,11.0,0.0,0.0,1.0,0.0,-0.004300592702981974,0.9999907524084426,曇,曇時々雪
2024-01-01,2.0,1.0,0.5,0.5,1.9,-0.9,76,52.0,1.4,4.1,6.7,1.3,2,3,1021.7,13.100000000000023,-2.4,-21.0,0.0,1.0,0.0,0.0,0.017201575418260506,0.9998520419557735,曇,曇後雨一時晴、みぞれを伴う
2024-01-02,6.5,3.0,1.0,2.5,5.3,-0.8,94,82.0,1.1,3.4,5.4,0.4,0,2,1017.6,-4.100000000000023,2.0,18.0,0.0,1.0,0.0,0.0,0.03439806061360801,0.9994082116062598,曇,曇一時晴
2024-01-03,0.5,0.5,0.5,3.0,5.6,1.5,86,60.0,1.1,2.7,4.8,0.2,0,0,1015.1,-2.5,0.5,-8.0,0.0,1.0,0.0,0.0,0.051584366869408364,0.9986686402879997,曇,曇後晴一時雨
2024-01-04,0.0,0.0,0.0,2.3,6.5,-0.9,85,53.0,1.2,2.3,3.7,8.0,0,0,1016.3,1.1999999999999318,-0.7000000000000002,-1.0,0.0,1.0,0.0,0.0,0.06875540848113941,0.9976335468520451,雨,雨時々曇
2024-01-05,6.5,3.5,1.0,3.7,7.6,-0.7,89,68.0,1.6,5.5,11.0,0.1,0,0,1014.4,-1.8999999999999773,1.4000000000000004,4.0,0.0,0.0,1.0,0.0,0.08590610426133272,0.9963032375991965,雪,みぞれ時々雨一時曇
2024-01-06,0.5,0.5,0.5,2.7,6.3,0.9,90,51.0,1.4,4.1,7.0,2.1,0,0,1011.9,-2.5,-1.0,1.0,0.0,0.0,0.0,1.0,0.10303137904317879,0.9946781061893646,雪,雪時々曇、みぞれを伴う
2024-01-07,4.0,2.0,1.0,-0.5,1.1,-2.6,85,57.0,2.3,5.5,9.6,2.1,4,4,1009.8,-2.1000000000000227,-3.2,-5.0,0.0,0.0,0.0,1.0,0.1201261651823505,0.9927586335250793,雪,雪時々曇
2024-01-08,3.5,1.5,0.5,-2.3,0.7,-4.0,87,58.0,2.3,6.0,11.2,3.4,6,7,1015.7,5.900000000000091,-1.7999999999999998,2.0,0.0,0.0,0.0,1.0,0.13718540405660057,0.9905453876091833,雪,みぞれ時々曇
2024-01-09,6.0,2.5,1.0,0.2,3.8,-4.0,94,73.0,1.3,3.9,6.5,1.1,1,6,1013.3,-2.400000000000091,2.5,7.0,0.0,0.0,0.0,1.0,0.1542040475626894,0.988039023376751,雪,雪時々曇
2024-01-10,3.0,1.5,1.0,-2.1,0.7,-3.9,85,66.0,1.9,4.8,8.7,0.4,9,10,1014.8,1.5,-2.3000000000000003,-9.0,0.0,0.0,0.0,1.0,0.17117705961019986,0.985240282501282,曇,曇時々晴
2024-01-11,0.0,0.0,0.0,-1.2,3.9,-5.5,76,52.0,1.7,3.4,6.7,8.3,1,7,1014.1,-0.6999999999999318,0.9000000000000001,-9.0,0.0,1.0,0.0,0.0,0.18809941761179758,0.9821499931752291,雪,みぞれ後雪時々曇、雷を伴う
2024-01-12,7.5,1.5,0.5,1.0,3.7,-1.7,89,51.0,2.0,5.0,10.9,2.3,6,7,1005.7,-8.399999999999977,2.2,13.0,0.0,0.0,0.0,1.0,0.20496611396949532,0.9787690698649216,雪,雪時々晴一時曇
2024-01-13,1.0,1.0,0.5,-0.7,2.4,-3.0,82,44.0,1.9,4.7,8.9,5.8,3,7,1013.3,7.599999999999909,-1.7,-7.0,0.0,0.0,0.0,1.0,0.22177215755648186,0.975098513039961,曇,曇一時雪後みぞれ時々雨
2024-01-14,9.5,3.5,1.0,1.2,4.3,-3.8,86,63.0,1.6,4.4,8.7,0.0,0,7,1014.3,1.0,1.9,4.0,0.0,1.0,0.0,0.0,0.23851257519407648,0.9711394088771653,雪,雪
2024-01-15,9.5,2.5,1.0,-4.1,2.7,-6.4,88,70.0,3.2,6.0,12.3,0.0,13,15,1009.7,-4.599999999999909,-5.3,2.0,0.0,0.0,0.0,1.0,0.2551824131233728,0.9668929289391521,雪,雪
2024-01-16,13.0,2.0,0.5,-3.6,-0.2,-5.8,88,62.0,2.8,6.0,13.0,0.1,8,23,1017.8,8.099999999999909,0.49999999999999956,0.0,0.0,0.0,0.0,1.0,0.2717767384711357,0.9623603298276545,曇,曇時々みぞれ後雨一時晴
2024-01-17,2.0,1.5,0.5,3.7,9.0,-1.1,79,52.0,1.4,4.1,6.3,2.5,0,20,1020.8,3.0,7.300000000000001,-9.0,0.0,1.0,0.0,0.0,0.2882906407095177,0.9575429528116719,曇,曇時々晴一時雨
2024-01-18,1.0,0.5,0.5,3.7,9.0,1.5,80,60.0,1.8,5.7,8.9,3.7,0,9,1019.4,-1.3999999999999773,0.0,1.0,0.0,1.0,0.0,0.0,0.3047192331091634,0.9524422234305676,曇,曇一時晴後時々雪
2024-01-19,6.0,2.5,0.5,0.8,2.6,-0.9,81,50.0,1.1,2.4,4.2,0.0,11,16,1028.1,8.699999999999932,-2.9000000000000004,1.0,0.0,1.0,0.0,0.0,0.321057654185271,0.9470596510722283,曇,曇後一時雪一時晴
2024-01-20,0.0,0.5,0.0,-1.7,1.4,-5.9,84,51.0,0.9,2.2,3.9,0.2,0,16,1032.2,4.100000000000136,-2.5,3.0,0.0,1.0,0.0,0.0,0.3373010691361842,0.9413968285264122,雪,みぞれ一時雨
2024-01-21,3.0,1.5,0.5,0.3,2.3,-4.9,92,85.0,1.6,3.0,5.1,0.0,0,11,1023.9,-8.300000000000068,2.0,8.0,0.0,0.0,0.0,1.0,0.3534446712740877,0.9354554315134164,曇,曇時々雨
2024-01-22,6.5,2.0,0.5,3.9,7.8,0.9,87,63.0,1.6,4.5,8.6,0.0,0,8,1015.2,-8.699999999999932,3.6,-5.0,0.0,1.0,0.0,0.0,0.3694836834473831,0.9292372181882051,雪,みぞれ時々雨後雪一時曇
2024-01-23,4.5,1.5,0.5,1.9,4.3,-1.5,82,46.0,2.2,6.1,11.8,1.8,2,4,1002.7,-12.5,-2.0,-5.0,0.0,0.0,0.0,1.0,0.38541335945432564,0.9227440286201427,雪,雪時々曇、雷を伴う
2024-01-24,11.5,2.0,0.5,-0.2,2.5,-2.4,81,54.0,3.6,8.3,14.9,0.6,7,11,995.8,-6.900000000000091,-2.1,-1.0,0.0,0.0,0.0,1.0,0.4012289854475009,0.9159777842484877,雪,雪
2024-01-25,6.5,1.0,0.5,-1.0,1.2,-3.1,82,59.0,3.5,6.7,14.4,0.0,6,17,1004.4,8.600000000000023,-0.8,1.0,0.0,0.0,0.0,1.0,0.4169258813287287,0.908940487313808,曇,曇一時雪後みぞれ
2024-01-26,5.0,1.5,0.5,1.1,3.5,-0.2,83,65.0,2.7,5.1,10.0,0.0,2,19,1011.9,7.5,2.1,1.0,0.0,1.0,0.0,0.0,0.4324994021339788,0.901634220265486,雪,みぞれ後一時雨
2024-01-27,1.5,1.5,1.0,1.7,4.6,0.1,82,53.0,2.4,4.6,9.6,1.6,2,16,1017.3,5.399999999999977,0.5999999999999999,-1.0,0.0,0.0,0.0,1.0,0.44794493940789115,0.8940611451454876,曇,曇時々雪後晴一時みぞれ
2024-01-28,2.0,1.0,0.5,1.6,4.6,-0.8,88,56.0,1.0,3.0,4.4,6.1,0,13,1021.3,4.0,-0.09999999999999987,6.0,0.0,1.0,0.0,0.0,0.4632579225674917,0.88622350294858,曇,曇時々みぞれ一時雪
2024-01-29,1.5,1.0,0.5,2.1,5.5,-0.7,86,57.0,1.0,2.6,4.1,2.5,1,11,1027.1,5.7999999999999545,0.5,-2.0,0.0,1.0,0.0,0.0,0.4784338202547012,0.8781236129591848,曇,曇時々晴一時雪、みぞれを伴う
2024-01-30,0.0,0.0,0.0,2.3,6.4,-1.4,75,45.0,1.5,3.9,7.3,0.8,0,9,1028.6,1.5,0.19999999999999973,-11.0,0.0,1.0,0.0,0.0,0.49346814167723735,0.8697638720650646,曇,曇一時晴後雨
2024-01-31,3.0,1.5,0.5,3.5,9.6,-0.2,87,52.0,1.3,5.3,10.2,1.1,1,7,1021.0,-7.599999999999909,1.2000000000000002,12.0,0.0,1.0,0.0,0.0,0.5083564379375122,0.8611467540480452,雪,雪後時々曇
2024-02-01,3.0,1.5,0.5,-2.4,3.8,-6.2,83,53.0,3.3,6.7,12.8,1.1,6,8,1018.0,-3.0,-5.9,-4.0,0.0,0.0,0.0,1.0,0.5230943033491326,0.8522748088519838,雪,雪
2024-02-02,2.0,0.5,0.5,-2.1,0.6,-4.7,79,56.0,2.8,6.0,11.6,0.2,3,8,1022.8,4.7999999999999545,0.2999999999999998,-4.0,0.0,0.0,0.0,1.0,0.5376773767406141,0.8431506618282,雪,雪時々曇一時晴
2024-02-03,2.5,1.0,0.5,-2.7,-0.7,-4.6,82,64.0,1.8,5.5,10.6,0.0,7,14,1026.6,3.7999999999999545,-0.6000000000000001,3.0,0.0,0.0,0.0,1.0,0.5521013427459208,0.8337770129585915,雪,雪時々曇
2024-02-04,0.0,0.0,0.0,0.2,3.2,-2.5,74,49.0,2.3,4.5,7.7,0.2,2,10,1023.5,-3.099999999999909,2.9000000000000004,-8.0,0.0,0.0,0.0,1.0,0.5663619330814524,0.8241566360566663,曇,曇後時々雪一時晴
2024-02-05,0.0,0.0,0.0,-1.5,1.1,-5.1,76,48.0,1.1,2.6,5.1,0.8,0,7,1023.8,0.2999999999999545,-1.7,2.0,0.0,1.0,0.0,0.0,0.580454927809098,0.8142923779467267,晴,晴時々雪後曇
2024-02-06,0.0,0.0,0.0,-2.5,1.3,-6.1,72,47.0,1.3,3.2,5.9,7.2,0,7,1020.8,-3.0,-1.0,-4.0,1.0,0.0,0.0,0.0,0.5943761565849831,0.804187157621448,曇,曇時々雪後みぞれ一時晴
2024-02-07,3.0,1.0,0.5,-0.4,2.4,-2.4,86,71.0,1.4,3.5,6.7,0.6,5,11,1015.8,-5.0,2.1,14.0,0.0,1.0,0.0,0.0,0.6081214998935418,0.7938439653781019,曇,曇時々雪
2024-02-08,0.0,0.0,0.0,1.5,4.3,-0.7,69,42.0,2.0,5.0,10.4,0.0,1,6,1015.6,-0.1999999999999318,1.9,-17.0,0.0,1.0,0.0,0.0,0.6216868902665479,0.7832658619336791,雪,雪時々晴後曇
2024-02-09,0.0,0.0,0.0,0.2,3.1,-2.9,70,47.0,1.6,4.0,7.2,2.6,0,6,1020.2,4.600000000000023,-1.3,1.0,0.0,0.0,0.0,1.0,0.6350683134867438,0.7724559775191742,曇,曇一時晴後時々雪
2024-02-10,2.0,1.5,0.5,-0.9,3.9,-5.2,81,47.0,1.5,3.4,5.4,1.0,5,9,1016.1,-4.100000000000023,-1.1,11.0,0.0,1.0,0.0,0.0,0.6482618097757122,0.7614175109532997,雪,雪時々曇一時晴
2024-02-11,5.5,2.0,1.0,-0.6,1.4,-2.9,91,64.0,1.7,5.6,9.9,0.8,9,16,1018.2,2.1000000000000227,0.30000000000000004,10.0,0.0,0.0,0.0,1.0,0.6612634749656386,0.7501537286959042,雪,雪時々曇後みぞれ一時晴
2024-02-12,1.5,0.5,0.5,-0.1,4.4,-3.8,85,52.0,1.4,3.9,7.4,1.6,4,18,1023.9,5.699999999999932,0.5,-6.0,0.0,0.0,0.0,1.0,0.6740694616546162,0.7386679638813748,雨,雨時々曇一時晴
2024-02-13,0.0,0.0,0.0,6.9,11.3,-2.6,71,49.0,2.7,6.4,16.6,3.8,0,9,1021.7,-2.199999999999932,7.0,-14.0,0.0,0.0,1.0,0.0,0.6866759803451553,0.726963615332308,晴,晴時々曇一時雨
2024-02-14,0.0,0.0,0.0,11.5,14.0,9.4,59,50.0,3.5,7.3,13.3,5.7,0,0,1017.9,-3.800000000000068,4.6,-12.0,1.0,0.0,0.0,0.0,0.6990793005655562,0.7150441465537444,雨,雨時々曇、みぞれを伴う
2024-02-15,28.5,5.0,1.0,4.9,10.8,0.2,94,68.0,1.8,4.5,7.7,0.0,11,11,1011.6,-6.2999999999999545,-6.6,35.0,0.0,0.0,1.0,0.0,0.7112757519738152,0.7029130847082615,雪,雪時々曇一時晴
2024-02-16,12.0,3.0,1.0,-0.9,0.9,-2.3,87,63.0,2.4,5.3,13.4,1.3,11,22,1019.3,7.699999999999932,-5.800000000000001,-7.0,0.0,0.0,0.0,1.0,0.7232617254437388,0.6905740195722293,晴,晴時々曇
2024-02-17,0.0,0.0,0.0,0.1,4.3,-3.9,81,42.0,1.2,2.1,3.7,5.3,0,16,1026.7,7.400000000000091,1.0,-6.0,1.0,0.0,0.0,0.0,0.7350336741329412,0.6780306024735382,晴,晴
2024-02-18,0.0,0.0,0.0,1.5,9.0,-5.4,88,60.0,1.0,1.9,3.6,6.3,0,11,1026.3,-0.40000000000009095,1.4,7.0,1.0,0.0,0.0,0.0,0.746588114532413,0.6652865452111116,晴,晴後曇一時雨
2024-02-19,2.0,1.5,0.5,9.5,17.8,1.7,80,38.0,1.9,5.5,10.9,2.8,0,7,1015.2,-11.099999999999909,8.0,-8.0,1.0,0.0,0.0,0.0,0.7579216274973472,0.6523456189565257,曇,曇一時雨後時々雪
2024-02-20,1.0,0.5,0.5,2.5,9.6,-1.0,75,53.0,3.5,9.0,16.3,2.4,0,0,1020.4,5.199999999999932,-7.0,-5.0,0.0,1.0,0.0,0.0,0.7690308592589181,0.6392116531380588,曇,曇後一時雪
2024-02-21,3.0,1.0,0.5,-1.9,0.0,-3.3,84,60.0,1.5,3.9,6.5,0.0,4,4,1025.7,5.300000000000068,-4.4,9.0,0.0,1.0,0.0,0.0,0.7799125224167177,0.6258885343075018,雪,雪時々曇
2024-02-22,0.5,0.5,0.5,-2.0,-0.4,-3.2,79,62.0,1.9,5.6,9.8,0.0,2,5,1024.0,-1.7000000000000455,-0.10000000000000009,-5.0,0.0,0.0,0.0,1.0,0.7905633969115482,0.612380204990065,雪,雪後時々曇
2024-02-23,6.0,2.0,1.0,-2.4,-0.5,-3.7,87,58.0,1.4,4.5,8.5,0.0,16,16,1025.5,1.5,-0.3999999999999999,8.0,0.0,0.0,0.0,1.0,0.8009803309782905,0.5986906625177214,雪,雪時々曇
2024-02-24,4.0,2.0,0.5,-1.9,0.5,-4.7,85,61.0,1.2,3.3,5.7,1.0,10,24,1028.5,3.0,0.5,-2.0,0.0,0.0,0.0,1.0,0.8111602420785621,0.5848239578463322,曇,曇
2024-02-25,5.5,1.5,0.5,-0.2,2.5,-3.3,79,50.0,1.1,3.1,5.3,0.1,12,15,1024.2,-4.2999999999999545,1.7,-6.0,0.0,1.0,0.0,0.0,0.8211001178128892,0.5707841943569036,雪,みぞれ時々雪
2024-02-26,6.5,2.0,0.5,0.7,2.3,-0.5,95,81.0,1.5,3.6,6.6,0.0,5,19,1018.9,-5.300000000000068,0.8999999999999999,16.0,0.0,0.0,0.0,1.0,0.8307970168121247,0.5565755266413303,雪,みぞれ後曇一時雪
2024-02-27,7.5,2.0,0.5,0.7,1.8,-0.3,98,91.0,1.6,3.2,5.6,0.0,6,17,1020.0,1.1000000000000227,0.0,3.0,0.0,0.0,0.0,1.0,0.8402480696078469,0.5422021592729844,晴,晴一時曇
2024-02-28,0.0,0.0,0.0,1.5,4.0,-0.2,75,47.0,2.1,5.8,11.2,7.1,1,12,1025.0,5.0,0.8,-23.0,1.0,0.0,0.0,0.0,0.8494504794814806,0.527668345562516,雪,雪後曇時々晴、みぞれを伴う
2024-02-29,1.5,0.5,0.5,1.4,4.3,-0.6,77,49.0,1.3,3.0,6.8,5.0,3,10,1024.9,-0.09999999999990905,-0.10000000000000009,2.0,0.0,0.0,0.0,1.0,0.8584015232918917,0.512978386299228,雪,みぞれ一時雪後雨
2024-03-01,8.0,1.5,1.0,0.4,3.6,-3.5,95,81.0,1.4,6.0,10.8,0.0,9,12,1006.6,-18.300000000000068,-0.9999999999999999,18.0,0.0,0.0,0.0,1.0,0.8670985522812081,0.4981366284784055,雪,雪時々曇
2024-03-02,4.0,2.0,0.5,-3.5,-2.1,-5.3,72,38.0,4.4,8.9,16.8,0.0,9,17,1008.3,1.6999999999999318,-3.9,-23.0,0.0,0.0,0.0,1.0,0.8755389928586302,0.4831474640149687,雪,雪後一時曇
2024-03-03,3.0,1.0,0.5,-1.9,1.6,-4.4,87,51.0,1.7,4.8,9.4,0.0,6,17,1011.9,3.6000000000000227,1.6,15.0,0.0,0.0,0.0,1.0,0.8837203473619977,0.4680153284438345,雪,雪時々曇
2024-03-04,11.0,3.0,1.5,-2.0,0.6,-4.1,93,71.0,2.0,5.2,9.2,0.9,19,29,1016.7,4.800000000000068,-0.10000000000000009,6.0,0.0,0.0,0.0,1.0,0.8916401947968874,0.45274469960737107,曇,曇時々晴後雪
2024-03-05,1.5,1.0,0.5,0.1,3.0,-3.5,77,48.0,1.8,4.6,7.6,0.5,2,31,1020.9,4.199999999999932,2.1,-16.0,0.0,1.0,0.0,0.0,0.8992961915530253,0.4373400963303323,雪,雪時々曇、みぞれを伴う
2024-03-06,0.0,0.0,0.0,0.4,3.3,-2.2,81,66.0,1.5,3.4,6.1,3.2,0,20,1014.8,-6.100000000000023,0.30000000000000004,4.0,0.0,0.0,0.0,1.0,0.9066860720977985,0.4218060770826634,雪,雪一時晴後曇
2024-03-07,1.0,0.5,0.5,-0.7,2.6,-3.7,75,49.0,1.9,4.5,8.5,2.8,4,19,1016.3,1.5,-1.1,-6.0,0.0,0.0,0.0,1.0,0.9138076496466615,0.4061472386305789,晴,晴後時々曇
2024-03-08,0.0,0.0,0.0,-1.1,4.1,-6.3,70,33.0,1.5,3.0,5.4,9.7,0,14,1011.2,-5.099999999999909,-0.40000000000000013,-5.0,1.0,0.0,0.0,0.0,0.9206588168102428,0.3903682146763026,曇,曇時々晴
2024-03-09,0.0,0.0,0.0,-0.4,2.9,-3.8,68,40.0,1.6,4.3,7.5,0.8,0,12,1011.9,0.6999999999999318,0.7000000000000001,-2.0,0.0,1.0,0.0,0.0,0.9272375462179537,0.374473674486883,雪,雪時々曇
2024-03-10,2.0,1.0,0.5,0.0,2.9,-2.7,78,54.0,2.0,4.6,8.3,0.5,4,16,1022.0,10.100000000000023,0.4,10.0,0.0,0.0,0.0,1.0,0.9335418911179212,0.35846832151248087,曇,曇時々みぞれ一時雪後雨
2024-03-11,8.5,3.0,1.0,3.4,8.5,-0.9,87,53.0,1.7,5.1,10.2,2.5,0,13,1020.4,-1.6000000000000227,3.4,9.0,0.0,1.0,0.0,0.0,0.9395699859530622,0.342356891994542,曇,曇一時晴後雨
2024-03-12,6.5,4.5,1.5,3.6,7.4,1.7,95,68.0,1.7,4.5,7.4,1.4,0,7,1010.7,-9.699999999999932,0.20000000000000018,8.0,0.0,1.0,0.0,0.0,0.945320046913132,0.3261441535642696,晴,晴後曇一時雪
2024-03-13,1.0,1.0,0.5,1.3,3.3,-1.1,76,42.0,2.8,7.2,14.8,1.5,2,5,1009.1,-1.6000000000000227,-2.3,-19.0,1.0,0.0,0.0,0.0,0.9507903724625832,0.3098349038318025,雨,雨時々晴一時曇、雷を伴う
2024-03-14,11.0,5.0,2.0,4.0,9.3,-1.5,80,52.0,2.1,6.4,11.1,4.9,0,5,1011.7,2.6000000000000227,2.7,4.0,0.0,0.0,1.0,0.0,0.9559793438440766,0.2934339689665273,曇,曇時々雨、雷を伴う
2024-03-15,2.0,1.0,0.5,7.0,10.8,2.3,69,49.0,3.8,9.8,20.3,0.5,0,0,1009.6,-2.1000000000000227,3.0,-11.0,0.0,1.0,0.0,0.0,0.9608854255574977,0.27694620226893646,曇,曇時々晴後雨
2024-03-16,2.0,2.0,1.0,4.9,9.4,0.8,64,40.0,2.4,6.0,11.0,5.9,0,0,1019.5,9.899999999999977,-2.0999999999999996,-5.0,0.0,1.0,0.0,0.0,0.9655071658143364,0.2603764827344581,曇,曇時々晴後雨、雷を伴う
2024-03-17,5.0,3.5,1.5,5.8,14.5,-0.2,73,26.0,2.8,6.7,13.6,4.5,0,0,1005.6,-13.899999999999977,0.8999999999999995,9.0,0.0,1.0,0.0,0.0,0.969843196967294,0.24372971360968387,雪,みぞれ時々雪
2024-03-18,5.5,1.0,0.5,0.6,3.0,-0.9,88,62.0,3.7,6.5,13.7,0.0,2,1,1007.4,1.7999999999999545,-5.2,15.0,0.0,0.0,0.0,1.0,0.9738922359149924,0.22701082094141847,晴,晴一時雪後曇
2024-03-19,0.0,0.0,0.0,2.6,7.2,-1.3,54,34.0,2.9,5.9,11.3,7.5,0,0,1014.4,7.0,2.0,-34.0,1.0,0.0,0.0,0.0,0.9776530844816641,0.2102247521189836,曇,曇時々雪
2024-03-20,1.0,0.5,0.5,-0.1,2.1,-1.5,77,49.0,2.5,5.4,11.1,0.0,1,1,1007.2,-7.199999999999932,-2.7,23.0,0.0,1.0,0.0,0.0,0.981124629771712,0.19337647441020586,曇,曇
2024-03-21,0.5,0.5,0.5,1.5,5.2,-1.4,75,50.0,2.3,5.7,10.5,0.0,0,0,1009.8,2.599999999999909,1.6,-2.0,0.0,1.0,0.0,0.0,0.984305844499033,0.17647097349152166,曇,曇一時雪、みぞれを伴う
2024-03-22,1.5,1.0,0.5,2.3,5.7,0.0,84,52.0,2.1,5.1,9.6,1.2,0,0,1018.5,8.700000000000045,0.7999999999999998,9.0,0.0,1.0,0.0,0.0,0.9871957872910085,0.15951325197263655,曇,曇時々晴
2024-03-23,0.0,0.0,0.0,3.9,10.4,-0.6,65,27.0,1.6,3.2,6.5,3.1,0,0,1019.8,1.2999999999999545,1.6,-19.0,0.0,1.0,0.0,0.0,0.9897936029670716,0.14250832791617088,晴,晴
2024-03-24,0.0,0.0,0.0,5.6,13.4,-1.7,70,38.0,1.5,4.9,7.5,11.1,0,0,1020.6,0.8000000000000682,1.6999999999999997,5.0,1.0,0.0,0.0,0.0,0.992098522791769,0.12546123335273648,曇,曇時々晴
2024-03-25,0.0,0.0,0.0,5.1,10.1,0.5,69,43.0,2.2,5.8,9.3,6.6,0,0,1018.3,-2.300000000000068,-0.5,-1.0,0.0,1.0,0.0,0.0,0.9941098647022418,0.10837701279187609,曇,曇
2024-03-26,0.0,0.0,0.0,3.0,8.0,-1.5,58,19.0,1.8,4.6,8.8,0.0,0,0,1016.5,-1.7999999999999545,-2.0999999999999996,-11.0,0.0,1.0,0.0,0.0,0.9958270335100595,0.09126072172931188,晴,晴
2024-03-27,0.0,0.0,0.0,3.6,10.2,-2.0,57,20.0,2.2,4.5,8.5,11.7,0,0,1022.5,6.0,0.6000000000000001,-1.0,1.0,0.0,0.0,0.0,0.9972495210773451,0.07411742515094437,曇,曇時々晴
2024-03-28,0.0,0.0,0.0,7.0,15.7,-2.8,40,13.0,1.7,4.2,8.2,9.0,0,0,1021.5,-1.0,3.4,-17.0,0.0,1.0,0.0,0.0,0.998376906467142,0.056952196034039754,雨,雨後晴時々曇
2024-03-29,10.0,2.5,1.0,10.5,17.8,5.3,81,52.0,2.5,8.8,15.3,3.8,0,0,1003.3,-18.200000000000045,3.5,41.0,0.0,0.0,1.0,0.0,0.9992088560679753,0.03977011384605572,雨,雨後曇時々晴
2024-03-30,2.0,1.0,0.5,8.7,12.1,3.8,63,26.0,3.4,8.2,14.7,6.1,0,0,1007.1,3.800000000000068,-1.8000000000000007,-18.0,0.0,0.0,1.0,0.0,0.9997451236925734,0.022576263041545485,雨,雨時々曇後晴
2024-03-31,0.0,0.0,0.0,5.9,11.4,0.9,63,26.0,2.6,5.7,9.9,9.9,0,0,1008.6,1.5,-2.799999999999999,0.0,0.0,0.0,1.0,0.0,0.9999855506507186,0.005375731557583884,晴,晴後曇時々雨
2024-04-01,0.0,0.0,0.0,6.1,12.3,0.4,56,25.0,2.9,7.4,14.1,7.0,0,0,1008.5,-0.10000000000002274,0.1999999999999993,-7.0,1.0,0.0,0.0,0.0,0.9999300657962057,-0.011826390691832589,曇,曇一時みぞれ後雨
2024-04-02,0.0,0.0,0.0,7.0,11.5,2.0,49,34.0,3.5,6.8,13.3,2.9,0,0,1015.3,6.7999999999999545,0.9000000000000004,-7.0,0.0,1.0,0.0,0.0,0.9995786855478958,-0.029025013321975237,晴,晴後曇一時雨
2024-04-03,0.0,0.0,0.0,7.6,14.6,-0.8,60,31.0,1.2,3.5,5.3,5.8,0,0,1013.7,-1.599999999999909,0.5999999999999996,11.0,1.0,0.0,0.0,0.0,0.9989315138848577,-0.046215046983708354,晴,晴時々曇
2024-04-04,0.0,0.0,0.0,7.3,14.3,3.0,68,36.0,2.2,6.4,14.8,8.1,0,0,1010.9,-2.800000000000068,-0.2999999999999998,8.0,1.0,0.0,0.0,0.0,0.9979887423155984,-0.06339140486951038,晴,晴一時曇
2024-04-05,0.0,0.0,0.0,7.4,14.1,2.1,50,21.0,2.6,6.0,10.0,11.9,0,0,1020.3,9.399999999999977,0.10000000000000053,-18.0,1.0,0.0,0.0,0.0,0.9967506498213929,-0.08054900421874167,晴,晴
2024-04-06,0.0,0.0,0.0,8.5,18.4,0.2,51,17.0,1.9,5.8,9.7,11.8,0,0,1020.9,0.6000000000000227,1.0999999999999996,1.0,1.0,0.0,0.0,0.0,0.9952176027737294,-0.09768276782171598,晴,晴一時曇
2024-04-07,0.0,0.0,0.0,12.3,22.8,3.0,55,22.0,1.8,4.4,7.8,11.1,0,0,1018.5,-2.3999999999999773,3.8000000000000007,4.0,1.0,0.0,0.0,0.0,0.9933900548258936,-0.11478762552212701,晴,晴後一時曇
2024-04-08,0.0,0.0,0.0,14.0,24.6,5.1,49,17.0,1.9,5.7,8.8,10.3,0,0,1018.1,-0.39999999999997726,1.6999999999999993,-6.0,1.0,0.0,0.0,0.0,0.9912685467787256,-0.13185851571739118,雨,雨後一時曇
2024-04-09,22.0,4.5,1.0,7.1,11.9,2.8,82,59.0,2.2,6.4,12.5,0.0,0,0,1014.3,-3.800000000000068,-6.9,33.0,0.0,0.0,1.0,0.0,0.9888537064205885,-0.1488903868564548,晴,晴
2024-04-10,0.0,0.0,0.0,6.6,12.5,0.3,58,34.0,3.0,7.0,12.3,12.3,0,0,1026.1,11.799999999999955,-0.5,-24.0,1.0,0.0,0.0,0.0,0.986146248341595,-0.16587819893463143,晴,晴後時々曇
2024-04-11,0.0,0.0,0.0,9.2,19.6,-0.3,54,15.0,1.8,4.9,9.0,8.5,0,0,1026.8,0.7000000000000455,2.5999999999999996,-4.0,1.0,0.0,0.0,0.0,0.9831469737221499,-0.1828169249850199,曇,曇後時々晴
2024-04-12,0.0,0.0,0.0,12.6,19.8,7.1,63,32.0,1.5,5.5,8.3,3.9,0,0,1021.7,-5.099999999999909,3.4000000000000004,9.0,0.0,1.0,0.0,0.0,0.9798567700958665,-0.1997015525660636,晴,晴
2024-04-13,0.0,0.0,0.0,12.8,21.9,5.8,63,34.0,1.9,6.7,10.5,12.2,0,0,1019.6,-2.1000000000000227,0.20000000000000107,0.0,1.0,0.0,0.0,0.0,0.9762766110869321,-0.21652708524481437,晴,晴
2024-04-14,0.0,0.0,0.0,14.3,23.7,5.6,61,29.0,1.7,5.2,8.7,9.4,0,0,1021.5,1.8999999999999773,1.5,-2.0,1.0,0.0,0.0,0.0,0.9724075561219968,-0.23328854407545518,晴,晴
2024-04-15,0.0,0.0,0.0,17.0,27.8,8.3,50,20.0,1.8,4.8,7.8,12.6,0,0,1020.5,-1.0,2.6999999999999993,-11.0,1.0,0.0,0.0,0.0,0.9682507501166718,-0.2499809690726521,曇,曇後時々雨一時晴
2024-04-16,0.0,0.0,0.0,16.0,24.9,8.3,59,29.0,1.7,4.6,8.8,2.3,0,0,1014.1,-6.399999999999977,-1.0,9.0,0.0,1.0,0.0,0.0,0.9638074231367307,-0.26659942067929354,雨,雨時々曇
2024-04-17,2.0,1.0,0.5,13.5,18.7,8.8,88,55.0,1.3,4.1,7.2,2.9,0,0,1010.1,-4.0,-2.5,29.0,0.0,0.0,1.0,0.0,0.9590788900341131,-0.28313898122818354,曇,曇時々晴
2024-04-18,0.0,0.0,0.0,11.9,17.4,7.1,87,53.0,1.9,5.3,8.3,2.9,0,0,1008.0,-2.1000000000000227,-1.5999999999999996,-1.0,0.0,1.0,0.0,0.0,0.9540665500578387,-0.2995947563972602,曇,曇時々雨
2024-04-19,0.0,0.0,0.0,10.7,13.9,8.8,86,70.0,2.1,5.1,10.1,0.6,0,0,1006.6,-1.3999999999999773,-1.200000000000001,-1.0,0.0,1.0,0.0,0.0,0.9487718864399473,-0.31596187665790293,雨,雨後晴時々曇
2024-04-20,0.0,0.0,0.0,9.6,14.1,5.5,75,48.0,3.1,5.7,12.5,6.5,0,0,1013.6,7.0,-1.0999999999999996,-11.0,0.0,0.0,1.0,0.0,0.9431964659565866,-0.33223549871590435,晴,晴時々曇
2024-04-22,0.0,0.0,0.0,11.3,19.4,3.3,60,27.0,2.1,5.2,10.0,12.4,0,0,1016.4,-0.20000000000004547,1.700000000000001,-10.0,,,,,0.9312100364121947,-0.3644830148102912,晴,晴
2024-04-23,0.0,0.0,0.0,12.1,20.5,4.6,71,43.0,2.4,5.5,8.9,11.8,0,0,1018.0,1.6000000000000227,0.7999999999999989,11.0,1.0,0.0,0.0,0.0,0.9248025743285089,-0.38044736628785164,曇,曇一時晴後雨
2024-04-24,3.5,2.5,1.0,14.4,21.6,6.3,70,38.0,2.7,5.7,11.4,3.2,0,0,1011.5,-6.5,2.3000000000000007,-1.0,0.0,1.0,0.0,0.0,0.9181214482844365,-0.39629913726891813,曇,曇時々雨
2024-04-25,0.5,2.5,0.5,13.6,17.3,10.4,79,54.0,2.6,6.9,13.4,0.3,0,0,1004.9,-6.600000000000023,-0.8000000000000007,9.0,0.0,1.0,0.0,0.0,0.9111686353326631,-0.41203363695942635,晴,晴時々曇
2024-04-26,0.0,0.0,0.0,17.2,25.2,9.2,55,29.0,2.4,5.6,9.2,10.0,0,0,1011.0,6.100000000000023,3.5999999999999996,-24.0,1.0,0.0,0.0,0.0,0.9039461929224011,-0.42764620926777464,晴,晴時々曇
2024-04-27,0.0,0.0,0.0,16.2,24.6,8.6,57,26.0,2.1,6.0,10.4,11.4,0,0,1011.6,0.6000000000000227,-1.0,2.0,1.0,0.0,0.0,0.0,0.8964562582905575,-0.44313223418263453,晴,晴
2024-04-28,0.0,0.0,0.0,15.1,26.3,8.4,66,28.0,2.1,6.6,11.3,12.6,0,0,1013.9,2.2999999999999545,-1.0999999999999996,9.0,1.0,0.0,0.0,0.0,0.8887010478292915,-0.45848712914008766,晴,晴
2024-04-29,0.0,0.0,0.0,14.8,22.3,7.5,51,20.0,1.7,4.1,7.2,12.3,0,0,1013.6,-0.2999999999999545,-0.29999999999999893,-15.0,1.0,0.0,0.0,0.0,0.8806828564301475,-0.47370635037968,雨,雨
2024-04-30,1.5,0.5,0.5,12.6,15.3,10.5,88,52.0,1.0,3.6,8.1,0.0,0,0,1003.8,-9.800000000000068,-2.200000000000001,37.0,0.0,0.0,1.0,0.0,0.8724040568049612,-0.48878539428899265,晴,晴
2024-05-01,0.0,0.0,0.0,10.7,15.9,6.0,67,38.0,3.0,5.4,9.4,11.8,0,0,1010.5,6.7000000000000455,-1.9000000000000004,-21.0,1.0,0.0,0.0,0.0,0.8638670987837349,-0.503719798736334,晴,晴
2024-05-02,0.0,0.0,0.0,12.3,21.1,3.9,52,16.0,2.1,5.8,10.4,13.1,0,0,1017.2,6.7000000000000455,1.6000000000000014,-15.0,1.0,0.0,0.0,0.0,0.8550745085896932,-0.518505144391157,晴,晴
2024-05-03,0.0,0.0,0.0,13.3,19.2,4.5,54,21.0,3.4,7.9,15.3,13.1,0,0,1015.7,-1.5,1.0,2.0,1.0,0.0,0.0,0.0,0.8460288880917339,-0.533137056031809,晴,晴
2024-05-04,0.0,0.0,0.0,17.5,26.1,9.1,50,23.0,1.9,5.6,9.8,13.0,0,0,1018.6,2.8999999999999773,4.199999999999999,-4.0,1.0,0.0,0.0,0.0,0.8367329140344921,-0.5476112038402312,晴,晴時々曇
2024-05-05,0.0,0.0,0.0,20.2,30.2,9.9,42,16.0,1.8,4.9,10.3,10.7,0,0,1018.9,0.2999999999999545,2.6999999999999993,-8.0,1.0,0.0,0.0,0.0,0.8271893372462497,-0.5619233046832195,曇,曇後時々雨
2024-05-06,1.5,1.0,0.5,17.9,22.6,14.2,67,40.0,1.5,4.8,9.4,0.0,0,0,1012.8,-6.100000000000023,-2.3000000000000007,25.0,0.0,1.0,0.0,0.0,0.8174009818249189,-0.5760691233798758,雨,雨時々曇
2024-05-07,5.5,2.0,0.5,15.9,19.9,8.9,91,73.0,1.5,5.1,8.4,0.2,0,0,1005.3,-7.5,-1.9999999999999982,24.0,0.0,0.0,1.0,0.0,0.8073707443023492,-0.5900444739548627,曇,曇時々雨
2024-05-08,0.0,0.0,0.0,9.3,12.6,7.7,77,63.0,2.7,5.9,10.2,0.6,0,0,1010.0,4.7000000000000455,-6.6,-14.0,0.0,1.0,0.0,0.0,0.7971015927871943,-0.6038452208771035,雨,雨後曇時々晴
2024-05-09,1.0,1.0,0.5,9.9,15.3,7.0,76,56.0,1.7,4.4,7.8,4.5,0,0,1014.7,4.7000000000000455,0.5999999999999996,-1.0,0.0,0.0,1.0,0.0,0.7865965660866021,-0.6174672802835514,晴,晴時々曇
2024-05-10,0.0,0.0,0.0,15.0,20.0,9.1,59,46.0,4.0,8.3,16.0,9.7,0,0,1016.9,2.199999999999932,5.1,-17.0,1.0,0.0,0.0,0.0,0.7758587728069828,-0.6309066211876704,晴,晴時々曇
2024-05-11,0.0,0.0,0.0,18.7,27.7,7.7,45,23.0,2.7,6.4,12.1,10.9,0,0,1017.7,0.8000000000000682,3.6999999999999993,-14.0,1.0,0.0,0.0,0.0,0.7648913904341226,-0.6441592666722685,曇,曇後一時雨
2024-05-12,0.0,0.0,0.0,18.9,25.6,11.9,59,35.0,2.4,5.9,11.2,1.3,0,0,1012.1,-5.600000000000023,0.1999999999999993,14.0,0.0,1.0,0.0,0.0,0.753697664392914,-0.6572212950663319,雨,雨後時々曇
2024-05-13,4.5,1.5,1.0,14.0,18.8,7.8,88,53.0,1.6,5.1,9.3,0.1,0,0,1008.5,-3.6000000000000227,-4.899999999999999,29.0,0.0,0.0,1.0,0.0,0.742280907086982,-0.6700888411055113,晴,晴
2024-05-14,0.0,0.0,0.0,14.1,23.7,5.6,70,25.0,2.1,6.0,9.6,13.4,0,0,1017.7,9.200000000000045,0.09999999999999964,-18.0,1.0,0.0,0.0,0.0,0.7306444969184916,-0.6827580970759147,晴,晴
2024-05-15,0.0,0.0,0.0,17.4,26.6,8.1,64,28.0,1.8,5.7,8.9,12.8,0,0,1014.7,-3.0,3.299999999999999,-6.0,1.0,0.0,0.0,0.0,0.7187918772884232,-0.6952253139408723,曇,曇一時晴後一時雨
2024-05-16,0.5,0.5,0.5,17.7,27.4,10.6,73,44.0,2.4,8.0,15.8,4.0,0,0,1004.5,-10.200000000000045,0.3000000000000007,9.0,0.0,1.0,0.0,0.0,0.7067265555776159,-0.7074868024503348,雨,雨時々曇
2024-05-17,7.0,2.5,1.0,14.5,17.9,12.4,74,59.0,3.6,7.7,17.7,2.5,0,0,1006.1,1.6000000000000227,-3.1999999999999993,1.0,0.0,0.0,1.0,0.0,0.6944521021088763,-0.719538934232584,晴,晴
2024-05-18,0.0,0.0,0.0,18.4,25.1,11.1,51,28.0,3.2,6.5,11.4,13.8,0,0,1015.5,9.399999999999977,3.8999999999999986,-23.0,1.0,0.0,0.0,0.0,0.6819721490904629,-0.7313781428679254,晴,晴
2024-05-19,0.0,0.0,0.0,20.6,28.9,13.9,46,20.0,2.1,4.7,7.5,11.3,0,0,1015.8,0.2999999999999545,2.200000000000003,-5.0,1.0,0.0,0.0,0.0,0.6692903895412567,-0.7430009249440493,曇,曇後一時雨
2024-05-20,0.0,0.0,0.0,17.6,22.0,12.9,60,30.0,1.9,4.6,7.5,1.9,0,0,1012.3,-3.5,-3.0,14.0,0.0,1.0,0.0,0.0,0.6564105761979381,-0.7544038410927472,雨,雨後曇時々晴
2024-05-21,0.5,0.5,0.5,14.3,19.5,7.8,67,27.0,2.8,6.2,13.2,7.1,0,0,1015.8,3.5,-3.3000000000000007,7.0,0.0,0.0,1.0,0.0,0.6433365204044917,-0.765583517007675,晴,晴後時々曇
2024-05-22,0.0,0.0,0.0,15.5,26.2,5.6,57,15.0,1.6,4.8,7.9,13.8,0,0,1017.2,1.400000000000091,1.1999999999999993,-10.0,1.0,0.0,0.0,0.0,0.6300720909843687,-0.7765366444428655,晴,晴
2024-05-23,0.0,0.0,0.0,21.1,27.4,12.9,55,28.0,2.8,6.4,14.4,12.9,0,0,1008.4,-8.800000000000068,5.600000000000001,-2.0,1.0,0.0,0.0,0.0,0.6166212130956382,-0.7872599821916922,曇,曇時々雨
2024-05-24,0.5,0.5,0.5,15.5,19.8,9.4,83,68.0,1.8,5.2,9.6,0.9,0,0,1006.3,-2.1000000000000227,-5.600000000000001,28.0,0.0,1.0,0.0,0.0,0.6029878670694714,-0.7977503570459932,晴,晴時々曇
2024-05-25,0.5,0.5,0.5,12.7,18.0,8.8,64,33.0,3.3,6.6,10.8,10.9,0,0,1015.8,9.5,-2.8000000000000007,-19.0,1.0,0.0,0.0,0.0,0.5891760872322963,-0.8080046647350754,曇,曇一時晴
2024-05-26,0.0,0.0,0.0,13.5,20.3,5.7,61,32.0,1.9,5.2,8.6,6.9,0,0,1014.5,-1.2999999999999545,0.8000000000000007,-3.0,0.0,1.0,0.0,0.0,0.5751899607119775,-0.8180198708443175,曇,曇時々雨
2024-05-27,0.0,0.0,0.0,18.1,24.8,11.6,74,47.0,1.9,6.3,11.4,0.9,0,0,1001.2,-13.299999999999955,4.600000000000001,13.0,0.0,1.0,0.0,0.0,0.5610336262283677,-0.8277930117131022,曇,曇後一時雨
2024-05-28,9.5,3.0,1.0,15.4,19.0,12.9,86,66.0,2.0,5.0,7.4,1.9,0,0,1004.6,3.3999999999999773,-2.700000000000001,12.0,0.0,1.0,0.0,0.0,0.5467112728685939,-0.8373211953118121,雨,雨時々曇一時晴
2024-05-29,3.0,2.0,0.5,13.7,18.1,10.5,79,47.0,2.2,5.2,9.6,6.2,0,0,1008.1,3.5,-1.700000000000001,-7.0,0.0,0.0,1.0,0.0,0.5322271388474397,-0.8466016020976267,曇,曇
2024-05-30,0.0,0.0,0.0,16.6,22.1,10.2,76,56.0,1.9,5.0,8.9,1.3,0,0,1013.5,5.399999999999977,2.900000000000002,-3.0,0.0,1.0,0.0,0.0,0.5175855102531889,-0.8556314858488706,曇,曇
2024-05-31,0.0,0.0,0.0,15.9,21.3,12.7,88,66.0,1.6,3.8,7.1,0.5,0,0,1010.5,-3.0,-0.7000000000000011,12.0,0.0,1.0,0.0,0.0,0.5027907197793043,-0.8644081744776648,雨,雨時々曇後晴
2024-06-01,0.0,0.0,0.0,15.6,22.8,12.1,81,56.0,1.8,4.2,7.0,8.5,0,0,1010.5,0.0,-0.3000000000000007,-7.0,0.0,0.0,1.0,0.0,0.4878471454423119,-0.8729290708206411,曇,曇一時晴後時々雨
2024-06-02,6.5,2.0,1.5,15.0,20.7,10.8,86,63.0,1.4,4.5,7.0,1.0,0,0,1010.4,-0.10000000000002274,-0.5999999999999996,5.0,0.0,1.0,0.0,0.0,0.47275920928627757,-0.881191653407483,雨,雨時々曇
2024-06-03,6.5,1.5,1.0,13.9,15.8,12.7,95,86.0,1.7,3.7,6.3,0.4,0,0,1012.2,1.8000000000000682,-1.0999999999999996,9.0,0.0,0.0,1.0,0.0,0.4575313760742512,-0.8891934772070711,雨,雨時々曇後晴
2024-06-04,0.0,0.0,0.0,15.6,20.9,11.3,79,54.0,1.9,4.1,7.3,6.1,0,0,1015.3,3.099999999999909,1.6999999999999993,-16.0,0.0,0.0,1.0,0.0,0.44216815196707204,-0.8969321743510065,曇,曇一時晴後一時雨
2024-06-05,0.0,0.0,0.0,14.7,20.1,9.7,85,63.0,1.9,5.2,9.0,3.4,0,0,1018.3,3.0,-0.9000000000000004,6.0,0.0,1.0,0.0,0.0,0.42667408318992467,-0.9044054548343001,曇,曇一時雨
2024-06-06,0.0,0.0,0.0,14.6,19.5,10.1,82,57.0,2.0,5.3,8.9,6.2,0,0,1020.5,2.2000000000000455,-0.09999999999999964,-3.0,0.0,1.0,0.0,0.0,0.4110537546870351,-0.9116111071930239,晴,晴
2024-06-07,0.0,0.0,0.0,17.8,26.4,9.8,74,46.0,1.6,4.5,7.6,13.9,0,0,1018.3,-2.2000000000000455,3.200000000000001,-8.0,1.0,0.0,0.0,0.0,0.3953117887649151,-0.9185469991587165,曇,曇一時雨後晴
2024-06-08,0.0,0.0,0.0,20.5,28.5,12.7,76,44.0,1.8,5.1,8.4,11.5,0,0,1015.8,-2.5,2.6999999999999993,2.0,0.0,1.0,0.0,0.0,0.37945284372454435,-0.925211078289358,曇,曇時々雨
2024-06-09,8.0,8.0,5.0,19.9,25.4,16.4,82,48.0,1.2,3.2,5.8,0.4,0,0,1012.3,-3.5,-0.6000000000000014,6.0,0.0,1.0,0.0,0.0,0.36348161248290634,-0.9316013725767187,曇,曇時々雨後晴
2024-06-10,2.0,1.5,1.5,20.3,25.0,16.5,87,66.0,1.5,4.3,6.3,4.0,0,0,1008.8,-3.5,0.40000000000000213,5.0,0.0,1.0,0.0,0.0,0.3474028211842774,-0.9377159910299093,曇,曇時々晴
2024-06-11,0.0,0.0,0.0,20.2,26.4,14.5,77,51.0,1.9,5.0,9.8,8.9,0,0,1008.4,-0.39999999999997726,-0.10000000000000142,-10.0,0.0,1.0,0.0,0.0,0.3312212278016865,-0.9435531242349544,晴,晴
2024-06-12,0.0,0.0,0.0,23.3,31.2,14.1,68,43.0,1.7,4.0,8.0,14.3,0,0,1006.7,-1.6999999999999318,3.1000000000000014,-9.0,1.0,0.0,0.0,0.0,0.31494162072895193,-0.9491110448902284,晴,晴一時曇
2024-06-13,0.0,0.0,0.0,23.0,31.2,16.5,76,38.0,2.1,5.3,8.5,12.5,0,0,1003.9,-2.800000000000068,-0.3000000000000007,8.0,1.0,0.0,0.0,0.0,0.2985688173637202,-0.9543881083175908,曇,曇一時雨後晴
2024-06-14,0.0,0.0,0.0,20.4,24.6,18.6,87,72.0,2.0,4.5,6.8,7.2,0,0,1008.4,4.5,-2.6000000000000014,11.0,0.0,1.0,0.0,0.0,0.2821076626819194,-0.9593827529490743,晴,晴時々曇、雷を伴う
2024-06-15,0.0,0.0,0.0,22.2,29.5,17.2,81,55.0,1.7,3.8,6.6,11.5,0,0,1007.4,-1.0,1.8000000000000007,-6.0,1.0,0.0,0.0,0.0,0.26556302780405594,-0.9640935007889755,曇,曇時々晴後雨、雷を伴う
2024-06-16,0.0,0.0,0.0,22.6,29.7,18.1,79,45.0,1.6,4.6,9.9,4.3,0,0,1001.9,-5.5,0.40000000000000213,-2.0,0.0,1.0,0.0,0.0,0.24893980855376657,-0.9685189578512204,晴,晴一時曇
2024-06-17,0.0,0.0,0.0,22.7,27.8,15.9,62,37.0,2.8,6.7,13.5,13.2,0,0,1005.3,3.3999999999999773,0.09999999999999787,-17.0,1.0,0.0,0.0,0.0,0.23224292400907015,-0.9726578145718654,晴,晴時々曇
2024-06-18,0.0,0.0,0.0,24.2,29.7,17.2,56,33.0,2.3,4.9,9.7,9.2,0,0,1004.1,-1.1999999999999318,1.5,-6.0,1.0,0.0,0.0,0.0,0.21547731504673012,-0.976508846196619,晴,晴
2024-06-19,0.0,0.0,0.0,20.8,26.4,15.4,71,36.0,2.5,5.6,9.6,11.2,0,0,1008.7,4.600000000000023,-3.3999999999999986,15.0,1.0,0.0,0.0,0.0,0.19864794288017112,-0.9800709131432666,晴,晴
2024-06-20,0.0,0.0,0.0,22.2,30.5,13.8,60,33.0,1.9,4.2,6.8,14.0,0,0,1009.5,0.7999999999999545,1.3999999999999986,-11.0,1.0,0.0,0.0,0.0,0.18175978759137534,-0.9833429613388902,曇,曇時々晴
2024-06-21,0.0,0.0,0.0,23.3,30.4,15.5,59,35.0,1.5,3.5,6.3,5.6,0,0,1005.4,-4.100000000000023,1.1000000000000014,-1.0,0.0,1.0,0.0,0.0,0.16481784665719793,-0.9863240225317866,曇,曇時々晴
2024-06-22,0.0,0.0,0.0,21.6,26.3,16.6,85,69.0,2.0,4.7,7.6,11.0,0,0,1005.5,0.10000000000002274,-1.6999999999999993,26.0,0.0,1.0,0.0,0.0,0.14782713347053048,-0.9890132145779883,曇,曇時々雨一時晴
2024-06-23,0.0,0.0,0.0,23.4,30.3,19.0,81,46.0,1.8,4.2,8.1,3.3,0,0,1000.2,-5.2999999999999545,1.7999999999999972,-4.0,0.0,1.0,0.0,0.0,0.13079267585675922,-0.9914097417023038,雨,雨時々曇一時晴、雷を伴う
2024-06-24,13.5,6.0,3.0,22.1,25.8,19.6,93,73.0,1.5,4.9,9.0,3.3,0,0,1000.2,0.0,-1.2999999999999972,12.0,0.0,0.0,1.0,0.0,0.11371951458594969,-0.9935128947338007,曇,曇後一時晴
2024-06-25,0.0,0.0,0.0,21.9,28.4,18.1,84,51.0,2.1,5.2,9.3,8.0,0,0,1004.8,4.599999999999909,-0.20000000000000284,-9.0,0.0,1.0,0.0,0.0,0.0966127018812031,-0.9953220513156602,曇,曇時々雨
2024-06-26,0.0,0.0,0.0,18.3,21.8,14.8,82,65.0,2.5,5.8,9.9,4.6,0,0,1012.1,7.300000000000068,-3.599999999999998,-2.0,0.0,1.0,0.0,0.0,0.07947729992362097,-0.9968366760893436,晴,晴時々曇
2024-06-27,0.0,0.0,0.0,21.4,27.7,13.4,63,39.0,2.1,4.3,8.5,10.3,0,0,1013.6,1.5,3.099999999999998,-19.0,1.0,0.0,0.0,0.0,0.062318379354325076,-0.998056320853012,晴,晴後一時曇
2024-06-28,0.0,0.0,0.0,23.0,31.2,15.5,58,33.0,1.9,5.4,8.5,11.9,0,0,1010.6,-3.0,1.6000000000000014,-5.0,1.0,0.0,0.0,0.0,0.04514101777397193,-0.9989806246941579,晴,晴一時曇
2024-06-29,0.0,0.0,0.0,23.0,30.2,16.3,67,42.0,2.2,5.4,8.7,11.5,0,0,1009.4,-1.2000000000000455,0.0,9.0,1.0,0.0,0.0,0.0,0.02795029824021032,-0.999609314096404,曇,曇時々晴後雨
2024-06-30,26.5,7.0,2.0,22.8,29.7,16.7,76,39.0,1.7,3.7,7.3,5.1,0,0,1002.8,-6.600000000000023,-0.1999999999999993,9.0,0.0,1.0,0.0,0.0,0.01075130776352193,-0.9999422030204416,雨,雨
2024-07-01,0.0,1.0,0.5,21.8,25.5,13.5,78,62.0,3.2,8.2,16.6,9.0,0,0,997.5,-5.2999999999999545,-1.0,2.0,0.0,0.0,1.0,0.0,-0.00645086419810515,-0.9999791929590823,晴,晴
2024-07-02,0.0,0.0,0.0,20.9,27.7,11.9,57,34.0,2.5,6.0,11.8,13.8,0,0,1008.5,11.0,-0.9000000000000021,-21.0,1.0,0.0,0.0,0.0,-0.023651127245231586,-0.9997202729664083,曇,曇時々晴後雨
2024-07-03,9.5,3.0,2.5,21.0,28.3,16.2,73,34.0,1.5,3.2,7.3,5.6,0,0,1009.4,0.8999999999999773,0.10000000000000142,16.0,0.0,1.0,0.0,0.0,-0.04084439154329611,-0.9991655196610109,曇,曇時々晴
2024-07-04,0.0,0.0,0.0,24.1,29.7,19.1,79,50.0,2.1,6.7,12.4,5.8,0,0,1003.7,-5.699999999999932,3.1000000000000014,6.0,0.0,1.0,0.0,0.0,-0.05802556932878035,-0.9983150972033183,曇,曇一時晴後一時雨
2024-07-05,0.0,0.0,0.0,25.1,29.6,19.5,77,56.0,2.2,5.3,9.7,1.9,0,0,1003.7,0.0,1.0,-2.0,0.0,1.0,0.0,0.0,-0.07518957641475855,-0.9971692572470178,曇,曇後一時晴
2024-07-06,0.0,0.0,0.0,26.3,30.3,23.5,65,49.0,3.2,7.1,12.3,5.1,0,0,1004.5,0.7999999999999545,1.1999999999999993,-12.0,0.0,1.0,0.0,0.0,-0.09233133369539123,-0.9957283388645872,曇,曇時々雨、雷を伴う
2024-07-07,9.0,4.5,4.5,24.7,28.8,21.7,88,69.0,1.7,5.2,10.7,2.4,0,0,1002.2,-2.2999999999999545,-1.6000000000000014,23.0,0.0,1.0,0.0,0.0,-0.10944576864891556,-0.993992768446958,曇,曇時々晴
2024-07-08,0.0,0.0,0.0,24.4,28.4,22.4,82,62.0,2.1,4.0,9.0,4.2,0,0,1001.9,-0.3000000000000682,-0.3000000000000007,-6.0,0.0,1.0,0.0,0.0,-0.12652781683868314,-0.9919630595773397,曇,曇時々雨
2024-07-09,0.5,0.5,0.5,24.1,27.9,21.8,90,73.0,1.2,4.7,7.8,1.5,0,0,1002.0,0.10000000000002274,-0.29999999999999716,8.0,0.0,1.0,0.0,0.0,-0.1435724234118113,-0.9896398128792412,曇,曇時々雨
2024-07-10,21.5,8.0,3.0,22.2,24.8,20.9,95,82.0,1.3,3.6,5.8,0.0,0,0,1002.9,0.8999999999999773,-1.9000000000000021,5.0,0.0,1.0,0.0,0.0,-0.16057454459499376,-0.9870237158387383,雨,雨後曇時々晴
2024-07-11,0.5,0.5,0.5,22.1,26.3,17.9,91,77.0,1.8,4.6,7.4,7.0,0,0,1000.0,-2.8999999999999773,-0.09999999999999787,-4.0,0.0,0.0,1.0,0.0,-0.17752914918703497,-0.984115542601034,晴,晴時々曇
2024-07-12,0.0,0.0,0.0,22.8,29.4,17.0,76,44.0,1.7,4.3,7.1,11.6,0,0,1003.2,3.2000000000000455,0.6999999999999993,-15.0,1.0,0.0,0.0,0.0,-0.19443122004766195,-0.9809161537413774,晴,晴時々曇
2024-07-13,0.0,0.0,0.0,22.5,28.1,16.9,84,65.0,1.8,3.9,7.3,12.0,0,0,1009.6,6.399999999999977,-0.3000000000000007,8.0,1.0,0.0,0.0,0.0,-0.2112757555821793,-0.9774264960104055,曇,曇時々晴一時雨
2024-07-14,0.0,0.0,0.0,23.4,29.6,18.2,84,64.0,1.3,3.4,5.7,8.3,0,0,1014.8,5.199999999999932,0.8999999999999986,0.0,0.0,1.0,0.0,0.0,-0.2280577712215198,-0.9736476020539838,晴,晴時々曇
2024-07-15,0.0,0.0,0.0,24.3,29.9,20.1,86,67.0,1.5,4.0,6.7,8.4,0,0,1015.8,1.0,0.9000000000000021,2.0,1.0,0.0,0.0,0.0,-0.24477230089725957,-0.9695805901076308,曇,曇一時雨後晴
2024-07-16,0.0,0.0,0.0,25.1,31.4,19.7,84,56.0,1.4,3.5,6.4,11.5,0,0,1015.5,-0.2999999999999545,0.8000000000000007,-2.0,0.0,1.0,0.0,0.0,-0.2614143985111562,-0.965226663665613,曇,曇一時晴、雷を伴う
2024-07-17,0.0,0.0,0.0,25.4,32.2,20.5,87,56.0,1.5,5.1,8.3,4.1,0,0,1012.1,-3.3999999999999773,0.29999999999999716,3.0,0.0,1.0,0.0,0.0,-0.2779791393987801,-0.9605871111248129,晴,晴時々曇
2024-07-18,0.0,0.0,0.0,26.5,31.3,22.3,87,67.0,1.5,3.5,6.0,4.5,0,0,1010.2,-1.8999999999999773,1.1000000000000014,0.0,1.0,0.0,0.0,0.0,-0.2944616217868012,-0.9556633054034704,曇,曇時々雨
2024-07-19,5.5,5.0,3.5,25.4,29.3,22.7,92,64.0,1.1,4.5,7.7,0.0,0,0,1007.5,-2.7000000000000455,-1.1000000000000014,5.0,0.0,1.0,0.0,0.0,-0.3108569682435036,-0.9504567035349151,雨,雨後曇時々晴
2024-07-20,26.0,8.5,3.0,25.8,30.8,22.8,92,76.0,1.5,4.3,7.0,4.6,0,0,1008.3,0.7999999999999545,0.40000000000000213,0.0,0.0,0.0,1.0,0.0,-0.3271603271220951,-0.9449688462364056,晴,晴時々曇一時雨
2024-07-21,0.0,0.0,0.0,28.0,33.7,21.4,73,51.0,2.1,5.3,11.0,6.3,0,0,1007.8,-0.5,2.1999999999999993,-19.0,1.0,0.0,0.0,0.0,-0.34336687399638804,-0.939201357453208,雨,雨時々曇後晴
2024-07-22,0.0,0.0,0.0,28.1,32.2,23.8,70,51.0,2.5,5.7,9.9,10.4,0,0,1005.5,-2.2999999999999545,0.10000000000000142,-3.0,0.0,0.0,1.0,0.0,-0.3594718130884232,-0.9331559438780432,曇,曇一時雨
2024-07-23,0.0,0.0,0.0,28.6,32.4,23.9,75,60.0,2.3,5.8,11.9,2.3,0,0,1003.6,-1.8999999999999773,0.5,5.0,0.0,1.0,0.0,0.0,-0.3754703786876202,-0.9268343944460494,雨,雨時々曇
2024-07-24,14.5,6.5,3.0,25.8,29.6,21.1,82,69.0,2.6,5.9,11.1,3.4,0,0,1001.3,-2.300000000000068,-2.8000000000000007,7.0,0.0,0.0,1.0,0.0,-0.3913578365610259,-0.9202385798054075,曇,曇時々晴後大雨、雷を伴う
2024-07-25,43.0,17.5,6.5,23.4,30.0,19.8,92,72.0,1.2,5.5,10.2,2.1,0,0,1007.1,5.800000000000068,-2.400000000000002,10.0,0.0,1.0,0.0,0.0,-0.4071294853542516,-0.9133704517637858,曇,曇時々雨
2024-07-26,1.5,1.0,0.5,23.0,25.9,21.6,98,87.0,1.1,2.7,4.6,0.0,0,0,1014.6,7.5,-0.3999999999999986,6.0,0.0,1.0,0.0,0.0,-0.4227806579826773,-0.9062320427107697,雨,大雨
2024-07-27,39.0,10.0,3.0,22.4,22.9,21.9,100,100.0,0.9,2.4,4.1,0.0,0,0,1017.3,2.699999999999932,-0.6000000000000014,2.0,0.0,0.0,1.0,0.0,-0.4383067230125192,-0.898825465016444,雨,雨時々曇
2024-07-28,1.0,0.5,0.5,25.8,30.2,22.3,96,78.0,1.3,3.5,6.7,0.1,0,0,1009.0,-8.299999999999955,3.400000000000002,-4.0,0.0,0.0,1.0,0.0,-0.45370308603134424,-0.8911529104063088,雨,雨後時々曇
2024-07-29,2.0,1.0,0.5,26.5,30.2,23.9,91,77.0,2.0,5.3,10.8,1.7,0,0,1000.2,-8.799999999999955,0.6999999999999993,-5.0,0.0,0.0,1.0,0.0,-0.46896519100763184,-0.8832166493127127,曇,曇時々雨
2024-07-30,0.0,0.0,0.0,26.2,30.5,23.6,90,78.0,2.1,5.2,8.9,6.2,0,0,999.7,-0.5,-0.3000000000000007,-1.0,0.0,1.0,0.0,0.0,-0.48408852163897587,-0.8750190302029955,雨,雨後曇時々晴
2024-07-31,0.0,0.0,0.0,23.8,27.0,21.5,91,79.0,2.2,4.6,7.9,2.3,0,0,1004.7,5.0,-2.3999999999999986,1.0,0.0,0.0,1.0,0.0,-0.4990686026885319,-0.8665624788845385,曇,曇時々雨一時晴
2024-08-01,0.0,0.0,0.0,24.2,28.4,21.4,90,70.0,1.3,3.8,6.3,2.8,0,0,1007.3,2.599999999999909,0.3999999999999986,-1.0,0.0,1.0,0.0,0.0,-0.5139010013093103,-0.8578494977869301,晴,晴
2024-08-02,0.0,0.0,0.0,26.1,32.1,20.2,86,63.0,1.6,4.1,6.4,11.5,0,0,1006.7,-0.599999999999909,1.9000000000000021,-4.0,1.0,0.0,0.0,0.0,-0.5285813283559292,-0.8488826652214553,晴,晴
2024-08-03,0.0,0.0,0.0,27.8,33.8,22.3,81,57.0,1.6,3.8,6.4,9.0,0,0,1007.7,1.0,1.6999999999999993,-5.0,1.0,0.0,0.0,0.0,-0.5431052396834317,-0.8396646346181327,曇,曇時々晴一時雨
2024-08-04,0.0,0.0,0.0,26.7,32.0,23.7,88,70.0,1.9,5.1,7.7,3.5,0,0,1008.4,0.6999999999999318,-1.1000000000000014,7.0,0.0,1.0,0.0,0.0,-0.5574684374327892,-0.8301981337405212,曇,曇
2024-08-05,0.0,0.0,0.0,23.7,27.9,21.2,90,76.0,1.8,4.9,7.8,0.0,0,0,1008.8,0.39999999999997726,-3.0,2.0,0.0,1.0,0.0,0.0,-0.5716666713027052,-0.8204859638785327,晴,晴時々曇
2024-08-06,0.0,0.0,0.0,25.3,31.2,21.1,90,70.0,1.5,4.9,8.1,7.2,0,0,1008.1,-0.6999999999999318,1.6000000000000014,0.0,1.0,0.0,0.0,0.0,-0.5856957398073508,-0.8105309990194823,晴,晴後時々曇
2024-08-07,0.0,0.0,0.0,26.6,31.9,23.9,87,70.0,1.7,5.0,8.2,8.1,0,0,1005.8,-2.300000000000068,1.3000000000000007,-3.0,1.0,0.0,0.0,0.0,-0.5995514915196489,-0.8003361849976323,雨,雨後曇一時晴
2024-08-08,7.0,6.5,3.5,25.3,28.2,22.7,91,77.0,1.5,4.1,7.2,1.7,0,0,1004.3,-1.5,-1.3000000000000007,4.0,0.0,0.0,1.0,0.0,-0.6132298262997502,-0.7899045386224707,曇,曇時々晴
2024-08-09,0.0,0.0,0.0,25.8,32.0,21.7,85,58.0,1.5,5.1,8.6,7.8,0,0,1004.3,0.0,0.5,-6.0,0.0,1.0,0.0,0.0,-0.6267266965083301,-0.7792391467859886,晴,晴
2024-08-10,0.0,0.0,0.0,26.0,31.5,22.3,85,63.0,2.0,5.1,8.5,6.3,0,0,1005.2,0.900000000000091,0.1999999999999993,0.0,1.0,0.0,0.0,0.0,-0.6400381082043503,-0.7683431655492202,雨,雨時々曇
2024-08-11,0.0,0.0,0.0,24.6,28.9,21.9,86,68.0,3.1,7.0,12.9,7.2,0,0,1005.2,0.0,-1.3999999999999986,1.0,0.0,0.0,1.0,0.0,-0.65316012232693,-0.7572198192083127,雨,雨
2024-08-12,7.5,3.5,1.0,25.7,28.5,23.4,91,78.0,3.2,6.0,12.4,0.9,0,0,1002.1,-3.1000000000000227,1.0999999999999979,5.0,0.0,0.0,1.0,0.0,-0.666088855860977,-0.7458723993404063,雨,雨時々曇
2024-08-13,10.0,3.5,1.5,26.6,30.2,24.2,96,80.0,1.1,2.9,4.4,0.0,0,0,1006.3,4.199999999999932,0.9000000000000021,5.0,0.0,0.0,1.0,0.0,-0.6788204829862357,-0.734304263829602,雨,雨時々曇
2024-08-14,0.5,0.5,0.5,26.2,29.0,24.7,97,87.0,1.3,3.3,5.4,0.3,0,0,1007.3,1.0,-0.40000000000000213,1.0,0.0,0.0,1.0,0.0,-0.6913512362094071,-0.722518835873311,曇,曇一時雨後晴
2024-08-15,0.0,0.0,0.0,25.5,28.4,23.9,92,80.0,1.9,4.4,6.8,4.1,0,0,1008.9,1.6000000000000227,-0.6999999999999993,-5.0,0.0,1.0,0.0,0.0,-0.7036774074790128,-0.7105196029692745,晴,晴
2024-08-16,0.0,0.0,0.0,26.9,32.6,23.7,87,67.0,1.6,4.4,7.3,9.4,0,0,1009.3,0.39999999999997726,1.3999999999999986,-5.0,1.0,0.0,0.0,0.0,-0.7157953492826642,-0.6983101158835584,晴,晴一時雨後曇
2024-08-17,0.0,0.0,0.0,24.5,29.3,21.5,88,74.0,1.8,4.5,7.9,5.6,0,0,1008.9,-0.39999999999997726,-2.3999999999999986,1.0,1.0,0.0,0.0,0.0,-0.7277014757264236,-0.6858939875998223,曇,曇一時雨後時々晴
2024-08-18,0.0,0.0,0.0,24.0,28.4,21.4,87,72.0,1.9,5.3,8.7,6.3,0,0,1010.7,1.8000000000000682,-0.5,-1.0,0.0,1.0,0.0,0.0,-0.7393922635959241,-0.673274892250183,晴,晴後一時曇
2024-08-19,0.0,0.0,0.0,24.2,30.3,19.7,84,57.0,1.8,4.3,6.7,11.5,0,0,1013.1,2.3999999999999773,0.1999999999999993,-3.0,1.0,0.0,0.0,0.0,-0.7508642533989489,-0.6604565640279754,曇,曇時々晴一時雨
2024-08-20,0.0,0.0,0.0,24.3,28.8,20.6,87,68.0,1.7,3.9,6.0,4.7,0,0,1014.2,1.1000000000000227,0.10000000000000142,3.0,0.0,1.0,0.0,0.0,-0.7621140503891487,-0.6474427960827475,晴,晴
2024-08-21,0.0,0.0,0.0,24.9,30.8,20.7,83,57.0,1.5,4.1,7.1,6.6,0,0,1013.5,-0.7000000000000455,0.5999999999999979,-4.0,1.0,0.0,0.0,0.0,-0.7731383255706027,-0.6342374393978054,曇,曇一時晴後一時雨
2024-08-22,0.5,0.5,0.5,25.3,31.3,18.9,86,63.0,1.1,4.3,7.0,2.2,0,0,1010.4,-3.1000000000000227,0.40000000000000213,3.0,0.0,1.0,0.0,0.0,-0.7839338166829201,-0.620844401650647,曇,曇時々晴一時雨
2024-08-23,0.0,0.0,0.0,29.3,33.4,24.3,79,62.0,1.7,6.0,10.5,2.9,0,0,1007.4,-3.0,4.0,-7.0,0.0,1.0,0.0,0.0,-0.7944973291665992,-0.6072676460566135,晴,晴一時曇
2024-08-24,0.0,0.0,0.0,28.2,34.0,23.4,75,48.0,1.9,4.3,8.6,12.2,0,0,1010.1,2.7000000000000455,-1.1000000000000014,-4.0,1.0,0.0,0.0,0.0,-0.8048257371083452,-0.593511190196115,晴,晴後曇一時雨
2024-08-25,0.0,0.0,0.0,25.5,31.7,21.2,85,65.0,1.6,3.9,7.0,4.9,0,0,1011.8,1.6999999999999318,-2.6999999999999993,10.0,1.0,0.0,0.0,0.0,-0.8149159841660791,-0.5795791048257612,曇,曇時々晴一時雨
2024-08-26,21.0,20.0,12.0,26.0,32.1,22.2,91,67.0,1.3,4.2,7.1,5.5,0,0,1011.1,-0.6999999999999318,0.5,6.0,0.0,1.0,0.0,0.0,-0.8247650844733614,-0.5654755126737576,雨,雨時々曇、雷を伴う
2024-08-27,6.5,2.0,1.0,24.0,26.7,22.6,98,87.0,1.2,3.3,7.0,0.0,0,0,1007.8,-3.300000000000068,-2.0,7.0,0.0,0.0,1.0,0.0,-0.8343701235229537,-0.5512045872199277,曇,曇一時雨
2024-08-28,1.0,0.5,0.5,24.2,28.6,21.6,89,62.0,1.3,4.0,6.8,0.6,0,0,1012.0,4.2000000000000455,0.1999999999999993,-9.0,0.0,1.0,0.0,0.0,-0.8437282590292712,-0.5367705514607103,曇,曇後一時雨、雷を伴う
2024-08-29,0.0,0.0,0.0,24.5,28.2,20.8,94,81.0,1.2,2.8,4.6,1.1,0,0,1012.3,0.2999999999999545,0.3000000000000007,5.0,0.0,1.0,0.0,0.0,-0.8528367217694595,-0.522177676659508,晴,晴時々曇
2024-08-30,0.0,0.0,0.0,27.0,32.5,22.2,83,59.0,1.7,4.6,9.3,7.1,0,0,1006.9,-5.399999999999977,2.5,-11.0,1.0,0.0,0.0,0.0,-0.8616928164028521,-0.5074302810827518,雨,大雨時々曇、雷を伴う
2024-08-31,56.5,35.0,16.5,23.8,26.9,19.3,96,77.0,1.1,3.1,5.5,0.0,0,0,1001.9,-5.0,-3.1999999999999993,13.0,0.0,0.0,1.0,0.0,-0.8702939222685674,-0.49253272872205434,晴,晴時々曇
2024-09-01,0.0,0.0,0.0,23.7,29.8,17.4,77,50.0,1.6,3.9,6.3,11.6,0,0,1008.1,6.2000000000000455,-0.10000000000000142,-19.0,1.0,0.0,0.0,0.0,-0.8786374941610001,-0.4774894280028391,曇,曇時々雨一時晴
2024-09-02,2.0,2.0,1.0,22.7,26.6,20.0,86,65.0,1.2,3.4,7.3,2.0,0,0,1008.5,0.39999999999997726,-1.0,9.0,0.0,1.0,0.0,0.0,-0.886721063082993,-0.46230483047981086,晴,晴
2024-09-03,0.5,0.5,0.5,23.1,29.4,19.0,82,52.0,1.6,4.7,7.4,11.5,0,0,1012.4,3.8999999999999773,0.40000000000000213,-4.0,1.0,0.0,0.0,0.0,-0.8945422369764496,-0.4469834295196742,晴,晴
2024-09-04,0.0,0.0,0.0,22.8,30.6,16.9,74,28.0,1.6,3.4,6.7,12.2,0,0,1012.3,-0.10000000000002274,-0.3000000000000007,-8.0,1.0,0.0,0.0,0.0,-0.9020987014301837,-0.4315297589714715,晴,晴後一時曇
2024-09-05,0.0,0.0,0.0,24.4,31.5,17.6,77,50.0,1.5,3.8,7.6,10.3,0,0,1007.6,-4.699999999999932,1.5999999999999979,3.0,1.0,0.0,0.0,0.0,-0.9093882203647925,-0.4159483918249421,曇,曇時々雨後晴
2024-09-06,3.0,2.0,1.0,22.6,27.7,16.4,82,60.0,2.0,5.1,8.7,6.7,0,0,1010.2,2.6000000000000227,-1.7999999999999972,5.0,0.0,1.0,0.0,0.0,-0.9164086366943458,-0.4002439388573056,晴,晴
2024-09-07,0.0,0.0,0.0,21.4,28.8,14.4,76,53.0,1.9,4.8,7.3,11.9,0,0,1014.4,4.199999999999932,-1.2000000000000028,-6.0,1.0,0.0,0.0,0.0,-0.9231578729647039,-0.38442104726885545,晴,晴一時雨
2024-09-08,0.0,0.0,0.0,22.5,28.9,17.9,77,55.0,1.6,3.9,6.7,9.4,0,0,1014.8,0.39999999999997726,1.1000000000000014,1.0,1.0,0.0,0.0,0.0,-0.9296339319682695,-0.3684843993077793,晴,晴
2024-09-09,0.0,0.0,0.0,22.3,30.0,15.2,75,37.0,1.8,3.5,5.8,11.5,0,0,1017.1,2.300000000000068,-0.1999999999999993,-2.0,1.0,0.0,0.0,0.0,-0.9358348973349941,-0.35243871088460327,晴,晴時々曇
2024-09-10,0.0,0.0,0.0,25.3,33.4,17.6,75,49.0,1.7,4.6,8.6,10.6,0,0,1016.1,-1.0,3.0,0.0,1.0,0.0,0.0,0.0,-0.9417589340994617,-0.33628873017668287,曇,曇時々晴
2024-09-11,0.0,0.0,0.0,25.5,31.6,21.5,83,61.0,1.7,4.6,7.8,8.1,0,0,1016.6,0.5,0.1999999999999993,8.0,0.0,1.0,0.0,0.0,-0.9474042892438845,-0.32003923622313857,曇,曇後時々晴
2024-09-12,0.0,0.0,0.0,23.3,27.6,17.2,82,63.0,1.6,4.1,6.4,4.8,0,0,1015.6,-1.0,-2.1999999999999993,-1.0,0.0,1.0,0.0,0.0,-0.9527692922168511,-0.30369503751065885,晴,晴後時々曇
2024-09-13,0.0,0.0,0.0,22.8,30.9,16.1,66,34.0,1.7,4.3,7.4,7.1,0,0,1010.0,-5.600000000000023,-0.5,-16.0,1.0,0.0,0.0,0.0,-0.9578523554276669,-0.28726097055059635,曇,曇時々晴後雨
2024-09-14,0.0,0.0,0.0,22.4,26.7,18.6,83,62.0,1.3,3.4,5.3,3.9,0,0,1009.7,-0.2999999999999545,-0.40000000000000213,17.0,0.0,1.0,0.0,0.0,-0.9626519747161487,-0.2707418984477642,曇,曇時々雨
2024-09-15,3.0,1.5,0.5,21.7,26.1,17.1,89,77.0,1.8,5.4,9.9,0.0,0,0,1010.7,1.0,-0.6999999999999993,6.0,0.0,1.0,0.0,0.0,-0.9671667297977312,-0.2541427094613622,晴,晴後一時曇
2024-09-16,0.0,0.0,0.0,19.8,26.8,13.8,79,46.0,1.3,3.8,6.3,10.4,0,0,1019.3,8.599999999999909,-1.8999999999999986,-10.0,1.0,0.0,0.0,0.0,-0.97139528468375,-0.23746831555846842,曇,曇時々雨
2024-09-17,0.0,0.0,0.0,20.9,23.5,17.9,84,70.0,1.4,3.5,6.9,0.0,0,0,1014.4,-4.899999999999977,1.0999999999999979,5.0,0.0,1.0,0.0,0.0,-0.9753363880767837,-0.2207236509605022,曇,曇後一時雨
2024-09-18,0.0,0.0,0.0,21.9,25.2,19.5,83,70.0,1.1,3.1,5.3,0.0,0,0,1014.1,-0.2999999999999545,1.0,-1.0,0.0,1.0,0.0,0.0,-0.9789888737409319,-0.20391367068311472,晴,晴時々曇
2024-09-19,0.0,0.0,0.0,22.6,28.7,17.4,73,43.0,1.8,5.1,8.5,8.6,0,0,1014.9,0.7999999999999545,0.7000000000000028,-10.0,1.0,0.0,0.0,0.0,-0.9823516608469237,-0.18704334906991657,曇,曇時々雨
2024-09-20,3.0,2.0,1.0,21.3,28.5,15.5,84,56.0,2.2,5.9,11.3,2.2,0,0,1010.8,-4.100000000000023,-1.3000000000000007,11.0,0.0,1.0,0.0,0.0,-0.9854237542919524,-0.17011767832049052,雨,雨時々曇
2024-09-21,11.5,2.5,1.0,13.6,15.6,12.1,94,73.0,1.2,2.9,5.2,0.0,0,0,1013.9,3.1000000000000227,-7.700000000000001,10.0,0.0,0.0,1.0,0.0,-0.9882042449941422,-0.15314166701312007,雨,雨
2024-09-22,16.5,3.5,1.0,15.3,18.4,13.2,95,86.0,2.0,4.3,8.9,0.0,0,0,1010.4,-3.5,1.700000000000001,1.0,0.0,0.0,1.0,0.0,-0.9906923101615609,-0.13612033862266704,晴,晴一時曇
2024-09-23,1.0,0.5,0.5,16.9,22.7,12.0,83,44.0,1.5,3.4,6.3,8.4,0,0,1017.6,7.2000000000000455,1.5999999999999979,-12.0,1.0,0.0,0.0,0.0,-0.9928872135356962,-0.11905873003404988,晴,晴
2024-09-24,0.0,0.0,0.0,16.5,23.9,9.6,71,37.0,2.3,4.6,8.4,11.3,0,0,1021.2,3.6000000000000227,-0.3999999999999986,-12.0,1.0,0.0,0.0,0.0,-0.994788305609327,-0.10196189005174576,晴,晴
2024-09-25,0.0,0.0,0.0,17.9,26.2,9.3,76,45.0,2.0,4.4,8.5,10.9,0,0,1019.3,-1.900000000000091,1.3999999999999986,5.0,1.0,0.0,0.0,0.0,-0.9963950238187231,-0.08483487790576538,晴,晴後曇一時雨
2024-09-26,0.0,0.0,0.0,20.7,28.6,14.3,85,53.0,1.5,3.8,6.8,5.6,0,0,1014.4,-4.899999999999977,2.8000000000000007,9.0,1.0,0.0,0.0,0.0,-0.9977068927101168,-0.06768276175455162,晴,晴一時曇
2024-09-27,0.0,0.0,0.0,20.7,26.6,16.3,85,59.0,2.0,5.3,8.6,10.3,0,0,1014.3,-0.10000000000002274,0.0,0.0,1.0,0.0,0.0,0.0,-0.9987235240803972,-0.050510617185222886,晴,晴後一時曇
2024-09-28,0.0,0.0,0.0,19.5,26.1,15.4,83,51.0,1.8,5.6,9.7,8.8,0,0,1017.6,3.300000000000068,-1.1999999999999993,-2.0,1.0,0.0,0.0,0.0,-0.9994446170919858,-0.033323525711631344,晴,晴
2024-09-29,0.0,0.0,0.0,19.0,26.3,13.9,80,46.0,1.5,3.2,6.2,10.5,0,0,1021.6,4.0,-0.5,-3.0,1.0,0.0,0.0,0.0,-0.9998699583618592,-0.016126573270657762,晴,晴一時曇
2024-09-30,0.0,0.0,0.0,19.5,27.4,14.0,79,44.0,1.4,3.4,5.4,8.0,0,0,1017.2,-4.399999999999977,0.5,-1.0,1.0,0.0,0.0,0.0,-0.9999994220246925,0.001075151282798226,晴,晴
2024-10-01,0.0,0.0,0.0,20.8,28.1,15.4,77,43.0,1.3,3.0,6.3,10.6,0,0,1009.9,-7.300000000000068,1.3000000000000007,-2.0,1.0,0.0,0.0,0.0,-0.999832969770105,0.018276557681691223,雨,雨時々曇
2024-10-02,5.0,3.5,1.0,18.4,24.6,15.6,92,74.0,1.5,3.4,8.4,0.0,0,0,1011.0,1.1000000000000227,-2.400000000000002,15.0,0.0,0.0,1.0,0.0,-0.9993706508539969,0.03547255575312556,曇,曇時々雨
2024-10-03,5.5,2.5,0.5,15.4,17.5,13.7,84,65.0,1.2,2.5,4.2,0.0,0,0,1023.1,12.100000000000023,-2.9999999999999982,-8.0,0.0,1.0,0.0,0.0,-0.9986126020839734,0.052658056924614005,雨,雨時々曇
2024-10-04,19.5,5.5,1.5,17.6,23.6,14.0,98,84.0,1.1,3.8,8.3,0.0,0,0,1017.1,-6.0,2.200000000000001,14.0,0.0,0.0,1.0,0.0,-0.9975590477788613,0.06982797572987089,晴,晴
2024-10-05,0.0,0.0,0.0,17.9,22.6,14.3,81,53.0,1.6,3.8,6.8,6.7,0,0,1022.8,5.699999999999932,0.29999999999999716,-17.0,1.0,0.0,0.0,0.0,-0.9962102997023297,0.0869772313136861,晴,晴時々曇
2024-10-06,0.0,0.0,0.0,18.1,24.5,13.9,78,47.0,1.5,4.0,6.6,6.9,0,0,1021.0,-1.7999999999999545,0.20000000000000284,-3.0,1.0,0.0,0.0,0.0,-0.9945667569706337,0.1041007489354256,雨,雨時々曇
2024-10-07,4.0,1.0,0.5,15.6,19.4,12.3,92,72.0,1.2,2.6,4.5,0.0,0,0,1013.6,-7.399999999999977,-2.5000000000000018,14.0,0.0,0.0,1.0,0.0,-0.9926289059345095,0.12119346147073601,曇,曇一時雨後時々晴
2024-10-08,0.0,0.0,0.0,15.9,21.3,12.1,87,58.0,1.5,4.9,8.0,2.6,0,0,1014.1,0.5,0.3000000000000007,-5.0,0.0,1.0,0.0,0.0,-0.9903973200352558,0.13825031091098192,曇,曇後一時晴
2024-10-09,0.0,0.0,0.0,14.4,19.4,11.4,85,62.0,1.6,3.9,6.9,1.2,0,0,1017.0,2.8999999999999773,-1.5,-2.0,0.0,1.0,0.0,0.0,-0.9878726596350429,0.15526624985999563,曇,曇時々雨一時晴
2024-10-10,0.0,0.0,0.0,14.7,19.4,12.1,75,47.0,1.6,4.7,9.9,2.0,0,0,1017.8,0.7999999999999545,0.29999999999999893,-10.0,0.0,1.0,0.0,0.0,-0.9850556718215013,0.172236243027682,曇,曇後晴
2024-10-11,0.0,0.0,0.0,14.6,21.1,10.6,80,51.0,1.4,3.6,7.5,5.5,0,0,1017.4,-0.39999999999997726,-0.09999999999999964,5.0,0.0,1.0,0.0,0.0,-0.981947190186646,0.18915526872004093,晴,晴一時雨
2024-10-12,0.0,0.0,0.0,15.4,23.0,9.4,76,42.0,1.6,3.5,6.3,10.6,0,0,1022.4,5.0,0.8000000000000007,-4.0,1.0,0.0,0.0,0.0,-0.9785481345802031,0.20601832032517084,晴,晴一時雨
2024-10-13,0.0,0.0,0.0,15.0,21.1,9.2,69,32.0,2.3,5.9,10.2,9.3,0,0,1025.6,3.199999999999932,-0.40000000000000036,-7.0,1.0,0.0,0.0,0.0,-0.9748595108374125,0.22282040779479959,晴,晴後一時曇
2024-10-14,0.0,0.0,0.0,14.1,22.1,7.3,77,41.0,1.4,3.1,5.4,9.5,0,0,1026.2,0.6000000000001364,-0.9000000000000004,8.0,1.0,0.0,0.0,0.0,-0.9708824104813836,0.2395565591209271,曇,曇
2024-10-15,0.0,0.0,0.0,17.8,23.4,11.9,80,50.0,1.1,3.3,6.9,0.0,0,0,1020.2,-6.0,3.700000000000001,3.0,0.0,1.0,0.0,0.0,-0.9666180104000972,0.2562218218071163,曇,曇一時雨後晴
2024-10-16,15.5,7.5,2.0,16.4,22.5,9.1,88,68.0,2.1,5.0,9.6,6.3,0,0,1019.5,-0.7000000000000455,-1.4000000000000021,8.0,0.0,1.0,0.0,0.0,-0.9620675724981452,0.27281126433401914,晴,晴後時々曇
2024-10-17,0.0,0.0,0.0,13.6,21.2,7.2,78,44.0,1.6,3.8,7.3,10.3,0,0,1025.1,5.599999999999909,-2.799999999999999,-10.0,1.0,0.0,0.0,0.0,-0.957232443323312,0.2893199776186952,曇,曇時々晴
2024-10-18,1.0,1.0,1.0,16.2,25.0,9.1,83,45.0,1.2,2.6,4.9,7.7,0,0,1021.4,-3.699999999999932,2.5999999999999996,5.0,0.0,1.0,0.0,0.0,-0.9521140536681102,0.3057430764672831,雨,雨時々曇、雷を伴う
2024-10-19,14.5,12.0,6.0,16.0,24.3,9.0,84,49.0,3.5,7.5,14.5,0.0,0,0,1010.4,-11.0,-0.1999999999999993,1.0,0.0,0.0,1.0,0.0,-0.9467139181463862,0.3220757010206104,曇,曇後時々晴
2024-10-20,0.0,0.0,0.0,8.8,12.3,5.6,66,45.0,2.6,5.2,11.0,1.6,0,0,1030.5,20.100000000000023,-7.199999999999999,-18.0,0.0,1.0,0.0,0.0,-0.9410336347451197,0.3383130181923075,晴,晴後一時曇
2024-10-21,0.0,0.0,0.0,10.4,19.1,3.4,75,40.0,1.3,2.3,4.6,9.4,0,0,1031.3,0.7999999999999545,1.5999999999999996,9.0,1.0,0.0,0.0,0.0,-0.9350748843515574,0.3544502230989869,曇,曇時々晴
2024-10-22,0.5,0.5,0.5,15.7,23.3,9.1,74,38.0,1.2,3.0,5.1,2.9,0,0,1024.0,-7.2999999999999545,5.299999999999999,-1.0,0.0,1.0,0.0,0.0,-0.9288394302558068,0.3704825404820963,雨,雨時々曇
2024-10-23,19.0,4.5,1.5,17.4,21.4,13.4,94,68.0,1.5,4.9,11.3,0.0,0,0,1010.3,-13.700000000000045,1.6999999999999993,20.0,0.0,0.0,1.0,0.0,-0.9223291176290545,0.3864052261209853,晴,晴時々曇
2024-10-24,0.0,0.0,0.0,16.4,20.5,9.8,69,51.0,2.5,5.0,10.5,9.6,0,0,1017.1,6.800000000000068,-1.0,-25.0,1.0,0.0,0.0,0.0,-0.9155458729775467,0.40221356823680365,晴,晴時々曇
2024-10-25,0.0,0.0,0.0,12.4,18.7,8.1,83,57.0,1.8,5.1,8.2,9.2,0,0,1026.1,8.999999999999886,-3.9999999999999982,14.0,1.0,0.0,0.0,0.0,-0.9084917035725082,0.41790288888678667,曇,曇時々晴
2024-10-26,0.0,0.0,0.0,12.1,19.1,6.9,82,55.0,1.5,2.9,4.9,7.9,0,0,1023.6,-2.4999999999998863,-0.3000000000000007,-1.0,0.0,1.0,0.0,0.0,-0.9011686968561569,0.4334685453485363,曇,曇時々晴
2024-10-27,0.0,0.0,0.0,12.9,18.6,7.6,87,59.0,1.3,3.2,5.1,5.7,0,0,1013.5,-10.100000000000023,0.8000000000000007,5.0,0.0,1.0,0.0,0.0,-0.8935790198239952,0.4489059314938798,曇,曇一時雨後時々晴
2024-10-28,3.0,2.0,1.0,11.5,16.2,7.1,85,55.0,2.3,5.6,10.2,0.7,0,0,1011.3,-2.2000000000000455,-1.4000000000000004,-2.0,0.0,1.0,0.0,0.0,-0.8857249183835637,0.4642104791518923,晴,晴
2024-10-29,0.0,0.0,0.0,9.3,15.8,5.4,75,41.0,1.2,2.4,4.7,8.5,0,0,1022.4,11.100000000000023,-2.1999999999999993,-10.0,1.0,0.0,0.0,0.0,-0.8776087166898392,0.4793776594606945,晴,晴時々曇
2024-10-30,0.0,0.0,0.0,11.2,17.6,5.6,76,59.0,1.8,4.7,8.3,8.0,0,0,1018.0,-4.399999999999977,1.8999999999999986,1.0,1.0,0.0,0.0,0.0,-0.8692328164574792,0.4944029842076182,晴,晴後一時曇
2024-10-31,0.0,0.0,0.0,13.2,19.0,8.2,73,41.0,2.0,4.2,10.7,8.0,0,0,1023.6,5.600000000000023,2.0,-3.0,1.0,0.0,0.0,0.0,-0.8605996962501181,0.5092820071573356,曇,曇
2024-11-01,0.0,0.0,0.0,13.0,18.4,8.5,80,48.0,1.1,2.2,3.8,1.0,0,0,1022.6,-1.0,-0.1999999999999993,7.0,0.0,1.0,0.0,0.0,-0.8517119107469189,0.5240103253675756,曇,曇
2024-11-02,0.0,0.0,0.0,12.4,16.5,9.5,85,70.0,1.1,2.9,4.8,0.0,0,0,1016.0,-6.600000000000023,-0.5999999999999996,5.0,0.0,1.0,0.0,0.0,-0.8425720899866032,0.5385835804920232,曇,曇時々晴
2024-11-03,0.0,0.0,0.0,10.2,15.2,5.3,69,45.0,2.0,4.9,9.1,4.6,0,0,1020.4,4.399999999999977,-2.200000000000001,-16.0,0.0,1.0,0.0,0.0,-0.8331829385891785,0.5529974600700271,晴,晴後一時雨、雷を伴う
2024-11-04,11.5,4.5,1.5,11.5,20.6,3.4,82,35.0,1.8,4.6,9.8,6.7,0,0,1015.6,-4.7999999999999545,1.3000000000000007,13.0,1.0,0.0,0.0,0.0,-0.8235472349556007,0.5672476988027229,曇,曇時々晴一時雨
2024-11-05,3.0,2.0,1.5,8.2,12.1,4.0,74,45.0,2.2,5.2,9.4,1.6,0,0,1020.0,4.399999999999977,-3.3000000000000007,-8.0,0.0,1.0,0.0,0.0,-0.8136678304455991,0.5813300798152042,曇,曇後晴一時雨、雷を伴う
2024-11-06,0.0,0.0,0.0,7.1,12.2,3.8,75,45.0,1.4,4.5,8.6,6.4,0,0,1017.5,-2.5,-1.0999999999999996,1.0,0.0,1.0,0.0,0.0,-0.8035476485339116,0.5952404359043674,雨,雨時々曇、雷を伴う
2024-11-07,14.0,5.0,2.0,4.3,7.4,2.4,85,56.0,2.5,5.2,10.8,0.6,0,0,1023.3,5.7999999999999545,-2.8,10.0,0.0,0.0,1.0,0.0,-0.7931896839451843,0.6089746507720486,曇,曇時々雨
2024-11-08,0.0,0.0,0.0,5.9,9.4,3.3,77,51.0,1.5,3.6,7.2,1.7,0,0,1028.6,5.2999999999999545,1.6000000000000005,-8.0,0.0,1.0,0.0,0.0,-0.7825970017677834,0.6225286602431057,晴,晴一時曇
2024-11-09,0.0,0.0,0.0,8.5,14.6,3.7,78,49.0,1.7,4.0,7.2,4.8,0,0,1028.3,-0.2999999999999545,2.5999999999999996,1.0,1.0,0.0,0.0,0.0,-0.7717727365467837,0.6358984534680745,晴,晴時々曇
2024-11-10,0.0,0.0,0.0,9.2,17.6,3.1,80,44.0,1.4,3.1,6.2,6.8,0,0,1024.5,-3.7999999999999545,0.6999999999999993,2.0,1.0,0.0,0.0,0.0,-0.7607200913564104,0.6490800741100398,曇,曇一時雨後晴
2024-11-11,0.0,0.0,0.0,9.0,15.7,4.0,83,60.0,1.9,5.1,9.5,,0,0,1017.5,-7.0,-0.1999999999999993,3.0,0.0,1.0,0.0,0.0,-0.7494423368521953,0.6620696215153815,曇,曇一時晴後時々雨
2024-11-12,2.0,1.5,0.5,9.0,15.8,2.2,81,51.0,1.6,4.5,9.4,2.1,0,0,1015.2,-2.2999999999999545,0.0,-2.0,0.0,1.0,0.0,0.0,-0.7379428103031386,0.6748632518680403,晴,晴時々曇
2024-11-13,0.0,0.0,0.0,6.8,12.2,2.3,71,42.0,1.8,4.6,8.4,5.7,0,0,1023.3,8.099999999999909,-2.2,-10.0,1.0,0.0,0.0,0.0,-0.7262249146041543,0.6874571793269664,晴,晴一時曇
2024-11-14,0.0,0.0,0.0,5.9,12.8,0.4,78,46.0,1.3,2.5,5.0,9.0,0,0,1025.1,1.7999999999999545,-0.8999999999999995,7.0,1.0,0.0,0.0,0.0,-0.7142921172691032,0.699847677146407,曇,曇時々雨一時晴
2024-11-15,0.0,0.0,0.0,9.6,16.1,4.5,80,46.0,1.1,3.0,6.2,2.3,0,0,1020.4,-4.699999999999932,3.6999999999999993,2.0,0.0,1.0,0.0,0.0,-0.7021479494046978,0.712031078778713,晴,晴
2024-11-16,0.0,0.0,0.0,9.1,16.6,3.5,80,40.0,1.4,2.7,4.5,9.2,0,0,1020.8,0.39999999999997726,-0.5,0.0,1.0,0.0,0.0,0.0,-0.6897960046655887,0.7240037789593305,雨,雨時々曇
2024-11-17,12.0,5.5,2.0,12.2,18.6,5.5,85,54.0,2.6,6.5,12.5,0.0,0,0,1013.0,-7.7999999999999545,3.0999999999999996,5.0,0.0,0.0,1.0,0.0,-0.6772399381909491,0.7357622347736525,雨,雨時々曇後みぞれ一時雪
2024-11-18,17.0,2.5,1.0,2.2,5.6,-0.7,87,61.0,2.9,4.9,9.9,0.9,8,8,1019.7,6.7000000000000455,-10.0,2.0,0.0,0.0,1.0,0.0,-0.6644834655228552,0.7473029667054297,曇,曇時々雪、みぞれを伴う
2024-11-19,1.5,1.0,0.5,1.1,3.6,-1.0,84,65.0,1.9,4.8,10.1,0.0,0,8,1027.9,8.200000000000045,-1.1,-3.0,0.0,1.0,0.0,0.0,-0.6515303615068021,0.75862255966641,曇,曇後時々晴
2024-11-20,0.0,0.0,0.0,3.6,9.1,-0.8,82,52.0,1.5,2.8,4.7,4.4,0,1,1022.7,-5.2000000000000455,2.5,-2.0,0.0,1.0,0.0,0.0,-0.6383844591746642,0.769717664006921,曇,曇時々晴一時雨
2024-11-21,0.0,0.0,0.0,6.2,11.7,2.0,90,70.0,1.3,4.0,6.1,3.2,0,0,1015.8,-6.900000000000091,2.6,8.0,0.0,1.0,0.0,0.0,-0.6250496486104377,0.7805849965070866,雨,雨時々曇、雷を伴う
2024-11-22,6.0,2.0,1.0,5.0,9.1,1.2,95,73.0,1.3,3.4,8.0,2.4,0,0,1011.1,-4.699999999999932,-1.2000000000000002,5.0,0.0,0.0,1.0,0.0,-0.6115298757991053,0.7912213413483807,雨,雨時々曇
2024-11-23,17.0,3.0,1.5,4.5,9.0,2.3,91,43.0,1.9,5.1,9.5,4.1,0,0,1017.4,6.2999999999999545,-0.5,-4.0,0.0,0.0,1.0,0.0,-0.5978291414589552,0.801623551065242,曇,曇時々雨
2024-11-24,4.0,3.5,1.0,4.4,8.5,1.5,77,46.0,1.9,4.9,9.6,0.3,0,0,1025.1,7.699999999999932,-0.09999999999999964,-14.0,0.0,1.0,0.0,0.0,-0.5839514998576998,0.8117885474764613,晴,晴時々曇
2024-11-25,0.0,0.0,0.0,4.6,10.0,0.6,81,50.0,1.5,3.2,6.5,3.7,0,0,1029.4,4.300000000000182,0.1999999999999993,4.0,1.0,0.0,0.0,0.0,-0.5699010576127624,0.821713322596059,曇,曇時々晴
2024-11-26,2.0,1.0,0.5,6.8,14.1,-1.2,77,40.0,1.5,3.7,7.7,6.0,0,0,1020.1,-9.300000000000068,2.2,-4.0,0.0,1.0,0.0,0.0,-0.5556819724760489,0.8313949395234058,雨,雨時々曇
2024-11-27,5.5,2.5,1.0,10.7,14.0,6.5,88,65.0,1.4,4.7,9.6,1.8,0,0,1005.3,-14.800000000000068,3.8999999999999995,11.0,0.0,0.0,1.0,0.0,-0.5412984521036173,0.8408305333122887,雨,雨後曇時々晴
2024-11-28,8.5,2.5,1.0,5.5,8.9,3.2,90,58.0,1.4,3.5,6.1,1.3,0,0,1002.7,-2.599999999999909,-5.199999999999999,2.0,0.0,0.0,1.0,0.0,-0.5267547528105542,0.8500173118187018,雪,みぞれ時々雨
2024-11-29,7.0,3.0,1.0,2.5,4.5,1.4,95,79.0,1.8,4.9,9.9,1.7,0,0,999.3,-3.400000000000091,-3.0,5.0,0.0,0.0,0.0,1.0,-0.5120551783114646,0.8589525565270845,雪,みぞれ
2024-11-30,12.5,3.0,1.0,2.1,4.5,0.8,93,67.0,2.1,6.5,15.7,0.6,0,0,999.6,0.3000000000000682,-0.3999999999999999,-2.0,0.0,0.0,0.0,1.0,-0.4972040784469378,0.8676336233547726,雪,みぞれ一時雨後曇
2024-12-01,1.5,0.5,0.5,3.4,7.7,1.1,77,48.0,2.3,6.5,12.9,1.1,0,0,1012.4,12.799999999999955,1.2999999999999998,-16.0,0.0,0.0,0.0,1.0,-0.4822058478963526,0.8760579434344281,晴,晴
2024-12-02,1.0,1.0,1.0,5.3,12.4,-1.1,81,43.0,1.6,4.7,9.2,7.2,0,0,1016.1,3.7000000000000455,1.9,4.0,1.0,0.0,0.0,0.0,-0.46706492487743034,0.8842230238742036,雨,雨後曇
2024-12-03,7.5,3.0,1.0,5.8,10.6,1.0,90,73.0,1.7,5.4,10.8,0.0,0,0,1014.8,-1.3000000000000682,0.5,9.0,0.0,0.0,1.0,0.0,-0.451785789832884,0.8921264484954345,雪,みぞれ後時々雨
2024-12-04,7.0,3.0,1.0,1.4,5.0,0.2,96,77.0,1.3,4.3,7.6,0.7,2,2,1013.1,-1.6999999999999318,-4.4,6.0,0.0,0.0,0.0,1.0,-0.4363729641045924,0.8997658785476209,雪,みぞれ時々雨
2024-12-05,1.5,0.5,0.5,2.4,5.9,0.3,91,58.0,1.4,3.9,9.0,3.1,0,0,1007.6,-5.5,1.0,-5.0,0.0,0.0,0.0,1.0,-0.42083100859565564,0.9071390534005044,雪,みぞれ時々曇一時雪
2024-12-06,22.0,4.5,1.0,0.7,2.3,-0.9,95,75.0,2.1,5.9,11.8,0.0,16,14,1005.8,-1.8000000000000682,-1.7,4.0,0.0,0.0,0.0,1.0,-0.4051645224207563,0.9142437912130223,雪,雪時々曇
2024-12-07,4.5,1.5,0.5,0.0,2.6,-2.4,79,55.0,2.9,7.5,13.0,0.7,3,14,1010.5,4.7000000000000455,-0.7,-16.0,0.0,0.0,0.0,1.0,-0.3893781415452015,0.9210779895789526,雪,雪時々曇一時みぞれ
2024-12-08,6.5,2.0,0.5,0.0,1.5,-1.0,88,66.0,2.2,6.2,10.9,0.1,7,19,1009.8,-0.7000000000000455,0.0,9.0,0.0,0.0,0.0,1.0,-0.37347653741307074,0.9276396261490467,雪,みぞれ時々雪一時曇
2024-12-09,0.0,0.0,0.0,2.2,3.3,-0.6,73,55.0,2.8,4.7,10.1,0.0,0,18,1014.5,4.7000000000000455,2.2,-15.0,0.0,0.0,0.0,1.0,-0.3574644155648614,0.9339267592294762,雪,みぞれ時々曇一時雪
2024-12-10,0.0,0.0,0.0,2.7,5.5,1.4,78,57.0,2.1,4.1,6.9,0.0,0,11,1014.8,0.2999999999999545,0.5,5.0,0.0,0.0,0.0,1.0,-0.34134651424503615,0.9399375283564133,雪,みぞれ後雪時々曇
2024-12-11,9.5,1.5,1.0,-0.1,2.6,-2.3,93,70.0,2.5,5.9,10.9,0.0,6,9,1012.5,-2.2999999999999545,-2.8000000000000003,15.0,0.0,0.0,0.0,1.0,-0.3251276029999093,0.9456701548465688,雪,雪時々曇
2024-12-12,1.0,0.5,0.5,-1.0,0.8,-2.1,83,60.0,2.4,5.9,12.8,1.2,0,9,1015.6,3.1000000000000227,-0.9,-10.0,0.0,0.0,0.0,1.0,-0.30881248126625377,0.9511229423235357,雪,雪後みぞれ時々曇
2024-12-13,1.5,0.5,0.5,0.3,2.8,-2.7,83,58.0,1.8,4.8,10.1,0.6,3,11,1012.7,-2.8999999999999773,1.3,0.0,0.0,0.0,0.0,1.0,-0.29240597695107734,0.9562942772197719,雪,雪時々曇
2024-12-14,1.0,0.5,0.5,-0.7,1.9,-3.5,83,60.0,2.1,4.2,8.4,0.2,3,10,1011.0,-1.7000000000000455,-1.0,0.0,0.0,0.0,0.0,1.0,-0.27591294500296043,0.9611826292540837,雪,みぞれ一時晴後雪時々曇
2024-12-15,7.5,3.0,1.0,-0.2,3.0,-3.0,92,68.0,2.4,9.0,15.2,0.4,6,13,1006.5,-4.5,0.49999999999999994,9.0,0.0,0.0,0.0,1.0,-0.2593382659754056,0.9657865518844574,雪,雪時々曇
2024-12-16,10.5,2.0,1.0,-1.4,0.4,-3.3,91,61.0,2.3,5.8,12.2,0.6,15,25,1012.9,6.399999999999977,-1.2,-1.0,0.0,0.0,0.0,1.0,-0.2426868445825954,0.9701046827361175,雪,雪時々曇
2024-12-17,6.5,3.5,1.0,-0.5,2.5,-1.7,91,70.0,1.2,2.9,7.0,2.5,8,33,1016.3,3.3999999999999773,0.8999999999999999,0.0,0.0,0.0,0.0,1.0,-0.22596360824801906,0.974135744004672,雪,雪時々曇一時晴
2024-12-18,5.5,1.5,0.5,-1.7,0.7,-3.6,93,72.0,1.2,3.6,6.7,0.3,9,31,1017.1,0.8000000000000682,-1.2,2.0,0.0,0.0,0.0,1.0,-0.20917350564635637,0.9778785428342386,雪,雪時々曇一時雨後みぞれ
2024-12-19,2.0,1.0,1.0,-0.7,2.8,-4.6,91,70.0,1.4,4.4,7.8,2.7,2,30,1018.2,1.1000000000000227,1.0,-2.0,0.0,0.0,0.0,1.0,-0.19232150523909483,0.9813319716704275,雪,みぞれ後一時曇
2024-12-20,6.0,2.0,0.5,1.5,4.6,-0.2,85,44.0,1.8,4.7,9.0,2.2,4,26,1018.1,-0.10000000000002274,2.2,-6.0,0.0,0.0,0.0,1.0,-0.17541259380427843,0.9844950085880858,雪,みぞれ一時雨後曇
2024-12-21,27.0,3.5,1.0,0.8,3.4,0.0,99,84.0,1.2,3.1,5.1,1.3,24,46,1008.7,-9.399999999999977,-0.7,14.0,0.0,0.0,0.0,1.0,-0.15845177496083632,0.9873667175937016,雪,雪時々曇一時晴
2024-12-22,26.5,3.0,1.5,-1.1,0.6,-2.8,97,74.0,2.2,5.3,11.1,1.3,26,58,1004.8,-3.900000000000091,-1.9000000000000001,-2.0,0.0,0.0,0.0,1.0,-0.14144406768794202,0.9899462489023779,雪,雪時々曇
2024-12-23,26.0,5.5,1.5,-2.5,-1.7,-3.6,95,72.0,2.3,4.8,8.0,0.3,28,84,1010.2,5.400000000000091,-1.4,-2.0,0.0,0.0,0.0,1.0,-0.12439450483979998,0.9922328391893008,雪,雪時々曇
2024-12-24,1.5,1.0,0.5,-1.8,0.6,-3.9,88,68.0,1.6,4.2,7.9,0.3,1,81,1015.6,5.399999999999977,0.7,-7.0,0.0,0.0,0.0,1.0,-0.10730813165636247,0.9942258118156161,曇,曇後時々みぞれ一時晴
2024-12-25,0.0,0.5,0.0,1.4,4.7,-1.3,86,69.0,1.4,3.2,5.8,0.4,0,69,1021.9,6.2999999999999545,3.2,-2.0,0.0,1.0,0.0,0.0,-0.09019000427034513,0.9959245770286599,雪,みぞれ時々雨一時曇
2024-12-26,4.5,1.5,0.5,1.8,4.5,-1.1,86,51.0,2.5,8.0,15.3,0.1,3,60,1008.4,-13.5,0.40000000000000013,0.0,0.0,0.0,0.0,1.0,-0.07304518821104743,0.9973286321364752,雪,雪
2024-12-27,17.0,3.5,1.0,-2.7,-1.0,-4.5,94,64.0,2.6,5.6,10.3,0.1,24,70,1006.1,-2.2999999999999545,-4.5,8.0,0.0,0.0,0.0,1.0,-0.05587875690537313,0.9984375616565666,雪,雪時々曇
2024-12-28,7.0,1.5,0.5,-2.4,-0.9,-4.3,94,78.0,1.8,4.0,7.0,0.1,11,77,1008.6,2.5,0.30000000000000027,0.0,0.0,0.0,0.0,1.0,-0.03869579017652689,0.9992510374388481,雪,雪時々曇
2024-12-29,12.5,3.0,1.0,-2.1,-0.4,-3.6,94,73.0,2.1,4.5,9.1,0.0,16,84,1014.2,5.600000000000023,0.2999999999999998,0.0,0.0,0.0,0.0,1.0,-0.021501372740813793,0.999768818762748,雪,雪時々曇、みぞれを伴う
2024-12-30,1.0,0.5,0.5,0.2,4.5,-2.7,85,48.0,1.6,4.7,8.9,5.0,0,82,1017.3,3.099999999999909,2.3000000000000003,-9.0,0.0,0.0,0.0,1.0,-0.004300592702981974,0.9999907524084426,雪,みぞれ一時雨
2024-12-31,17.5,4.5,1.5,0.6,2.0,-0.6,100,95.0,1.2,5.5,10.1,0.0,7,72,1004.3,-13.0,0.39999999999999997,15.0,0.0,0.0,0.0,1.0,0.012901459949419653,0.9999167727021953,雪,雪一時曇後時々みぞれ
2025-01-01,17.0,3.0,1.0,-0.3,2.1,-1.4,95,76.0,1.6,4.4,7.5,2.4,21,84,1013.5,9.200000000000045,-0.8999999999999999,-5.0,0.0,0.0,0.0,1.0,0.017201575418260506,0.9998520419557735,雪,雪
2025-01-02,18.0,3.5,1.0,-0.9,1.0,-2.3,96,66.0,1.4,4.4,8.5,0.0,24,96,1015.8,2.2999999999999545,-0.6000000000000001,1.0,0.0,0.0,0.0,1.0,0.03439806061360801,0.9994082116062598,雪,雪時々曇
2025-01-03,15.5,3.5,1.0,-2.9,-1.2,-4.2,97,79.0,1.3,3.7,6.2,1.2,15,108,1017.3,1.5,-2.0,1.0,0.0,0.0,0.0,1.0,0.051584366869408364,0.9986686402879997,雪,雪
2025-01-04,12.5,2.5,0.5,-2.3,-0.7,-4.2,96,82.0,1.8,4.8,8.6,0.6,17,114,1018.5,1.2000000000000455,0.6000000000000001,-1.0,0.0,0.0,0.0,1.0,0.06875540848113941,0.9976335468520451,曇,曇時々雪
2025-01-05,2.0,1.5,0.5,-1.7,2.0,-5.6,91,71.0,1.4,3.0,5.9,1.0,5,115,1021.5,3.0,0.5999999999999999,-5.0,0.0,1.0,0.0,0.0,0.08590610426133272,0.9963032375991965,雨,雨一時雪後曇、みぞれを伴う
2025-01-06,3.5,1.0,0.5,1.2,5.5,-5.2,97,80.0,1.0,2.9,5.4,0.1,0,101,1013.2,-8.299999999999955,2.9,6.0,0.0,0.0,1.0,0.0,0.10303137904317879,0.9946781061893646,雨,雨時々曇、みぞれを伴う
2025-01-07,3.5,2.0,1.0,2.3,6.3,0.8,95,68.0,1.9,6.4,11.2,2.8,0,83,999.7,-13.5,1.0999999999999999,-2.0,0.0,0.0,1.0,0.0,0.1201261651823505,0.9927586335250793,雪,雪時々曇
2025-01-08,7.5,2.5,1.0,-0.2,1.4,-1.3,89,68.0,2.0,5.8,9.6,0.7,8,79,1005.1,5.399999999999977,-2.5,-6.0,0.0,0.0,0.0,1.0,0.13718540405660057,0.9905453876091833,雪,雪時々曇
2025-01-09,2.0,1.0,0.5,-1.5,1.0,-4.8,80,45.0,2.4,5.7,12.3,0.0,4,79,1005.8,0.6999999999999318,-1.3,-9.0,0.0,0.0,0.0,1.0,0.1542040475626894,0.988039023376751,晴,晴後雪時々みぞれ一時曇
2025-01-10,7.0,2.0,1.0,-1.0,2.9,-6.0,88,67.0,1.6,3.5,5.6,3.0,2,77,1008.3,2.5,0.5,8.0,1.0,0.0,0.0,0.0,0.17117705961019986,0.985240282501282,晴,晴一時雪後曇、みぞれを伴う
2025-01-11,0.0,0.0,0.0,-0.3,3.3,-3.9,92,68.0,1.1,2.2,3.7,6.6,0,74,1020.1,11.800000000000068,0.7,4.0,1.0,0.0,0.0,0.0,0.18809941761179758,0.9821499931752291,曇,曇一時雪後晴、みぞれを伴う
2025-01-12,0.0,0.0,0.0,0.5,5.1,-3.8,90,61.0,1.3,3.4,5.7,4.4,0,73,1019.5,-0.6000000000000227,0.8,-2.0,0.0,1.0,0.0,0.0,0.20496611396949532,0.9787690698649216,晴,晴時々曇一時みぞれ
2025-01-13,0.0,0.0,0.0,0.1,6.1,-4.0,85,47.0,1.3,3.2,5.3,6.2,0,72,1016.6,-2.8999999999999773,-0.4,-5.0,1.0,0.0,0.0,0.0,0.22177215755648186,0.975098513039961,雪,みぞれ一時雨後雪時々曇
2025-01-14,2.0,1.5,0.5,1.1,4.7,-3.0,79,45.0,2.4,7.8,13.9,1.4,3,72,1014.6,-2.0,1.0,-6.0,0.0,0.0,0.0,1.0,0.23851257519407648,0.9711394088771653,雪,雪
2025-01-15,13.0,3.0,1.0,-2.2,1.1,-5.5,89,47.0,2.2,6.6,12.1,0.0,20,91,1012.4,-2.2000000000000455,-3.3000000000000003,10.0,0.0,0.0,0.0,1.0,0.2551824131233728,0.9668929289391521,雪,雪時々曇
2025-01-16,18.0,6.0,1.5,-3.0,-1.3,-6.2,93,76.0,1.9,4.0,6.5,1.2,28,113,1013.8,1.3999999999999773,-0.7999999999999998,4.0,0.0,0.0,0.0,1.0,0.2717767384711357,0.9623603298276545,雪,雪時々曇
2025-01-17,19.0,5.0,1.5,-3.6,-2.1,-4.6,92,74.0,2.9,6.8,13.2,0.2,20,126,1016.5,2.7000000000000455,-0.6000000000000001,-1.0,0.0,0.0,0.0,1.0,0.2882906407095177,0.9575429528116719,雪,雪後曇時々晴
2025-01-18,1.0,0.5,0.5,-1.7,2.3,-5.3,85,54.0,1.4,4.4,7.8,1.2,1,124,1022.8,6.2999999999999545,1.9000000000000001,-7.0,0.0,0.0,0.0,1.0,0.3047192331091634,0.9524422234305676,曇,曇一時雪後晴
2025-01-19,0.0,0.0,0.0,2.0,8.4,-6.0,80,46.0,1.4,3.4,6.2,5.5,0,113,1017.2,-5.599999999999909,3.7,-5.0,0.0,1.0,0.0,0.0,0.321057654185271,0.9470596510722283,曇,曇後一時雨一時晴
2025-01-20,0.0,0.0,0.0,3.0,7.3,-0.1,91,71.0,1.1,2.5,5.1,0.6,0,101,1013.0,-4.2000000000000455,1.0,11.0,0.0,1.0,0.0,0.0,0.3373010691361842,0.9413968285264122,曇,曇一時雨後時々晴、みぞれを伴う
2025-01-21,0.0,0.0,0.0,1.9,5.0,0.2,93,75.0,0.9,2.4,3.9,2.5,0,93,1018.2,5.2000000000000455,-1.1,2.0,0.0,1.0,0.0,0.0,0.3534446712740877,0.9354554315134164,曇,曇時々晴一時雪、みぞれを伴う
2025-01-22,0.0,0.0,0.0,2.1,6.0,-0.4,89,61.0,1.0,3.2,5.2,4.0,0,88,1021.2,3.0,0.20000000000000018,-4.0,0.0,1.0,0.0,0.0,0.3694836834473831,0.9292372181882051,曇,曇時々晴一時雨
2025-01-23,1.0,0.5,0.5,1.5,5.0,-1.7,89,68.0,1.2,3.5,6.2,2.7,0,84,1020.5,-0.7000000000000455,-0.6000000000000001,0.0,0.0,1.0,0.0,0.0,0.38541335945432564,0.9227440286201427,晴,晴後みぞれ時々曇
2025-01-24,3.5,1.5,0.5,2.1,5.0,-1.3,88,59.0,1.6,4.6,8.6,2.8,1,81,1020.2,-0.2999999999999545,0.6000000000000001,-1.0,1.0,0.0,0.0,0.0,0.4012289854475009,0.9159777842484877,曇,曇時々晴一時雨、みぞれを伴う
2025-01-25,1.5,1.0,0.5,0.9,5.8,-3.4,82,41.0,1.3,2.5,3.7,8.4,3,81,1022.7,2.5,-1.2000000000000002,-6.0,0.0,1.0,0.0,0.0,0.4169258813287287,0.908940487313808,雪,みぞれ時々雨後曇一時晴
2025-01-26,0.5,1.0,0.5,0.9,4.0,-3.0,94,75.0,1.2,2.5,4.8,4.8,0,81,1022.6,-0.10000000000002274,0.0,12.0,0.0,0.0,0.0,1.0,0.4324994021339788,0.901634220265486,曇,曇時々晴
2025-01-27,0.0,0.0,0.0,0.6,6.3,-4.0,81,51.0,1.4,2.9,5.1,5.0,0,79,1014.1,-8.5,-0.30000000000000004,-13.0,0.0,1.0,0.0,0.0,0.44794493940789115,0.8940611451454876,晴,晴後雨時々曇
2025-01-28,0.5,0.5,0.5,2.1,6.9,-1.7,88,63.0,1.3,4.6,9.0,2.2,0,77,1006.0,-8.100000000000023,1.5,7.0,1.0,0.0,0.0,0.0,0.4632579225674917,0.88622350294858,雪,みぞれ時々曇一時雨
2025-01-29,5.0,1.5,1.0,1.5,5.6,-1.4,89,44.0,2.2,5.6,10.2,1.8,5,79,1003.1,-2.8999999999999773,-0.6000000000000001,1.0,0.0,0.0,0.0,1.0,0.4784338202547012,0.8781236129591848,雪,雪一時みぞれ
2025-01-30,7.5,1.5,1.0,-0.6,1.9,-2.7,92,61.0,2.3,5.3,9.2,2.4,15,90,1009.9,6.7999999999999545,-2.1,3.0,0.0,0.0,0.0,1.0,0.49346814167723735,0.8697638720650646,雪,雪時々曇
2025-01-31,4.0,1.0,0.5,-1.5,1.1,-3.2,92,74.0,1.8,5.0,9.0,0.6,6,95,1017.7,7.800000000000068,-0.9,0.0,0.0,0.0,0.0,1.0,0.5083564379375122,0.8611467540480452,雪,雪後時々曇
2025-02-01,0.5,0.5,0.5,-1.1,1.7,-3.8,84,56.0,2.6,4.3,7.9,1.9,3,91,1020.8,3.099999999999909,0.3999999999999999,-8.0,0.0,0.0,0.0,1.0,0.5230943033491326,0.8522748088519838,雪,雪後曇時々晴
2025-02-02,0.0,0.0,0.0,-0.3,4.3,-3.3,72,44.0,1.5,3.7,5.8,1.3,0,84,1018.6,-2.199999999999932,0.8,-12.0,0.0,0.0,0.0,1.0,0.5376773767406141,0.8431506618282,曇,曇一時晴、みぞれを伴う
2025-02-03,4.0,2.0,1.0,-0.6,4.6,-5.5,82,51.0,1.4,4.1,7.4,1.1,2,82,1007.3,-11.300000000000068,-0.3,10.0,0.0,1.0,0.0,0.0,0.5521013427459208,0.8337770129585915,雪,雪時々みぞれ一時曇
2025-02-04,1.5,0.5,0.5,0.4,4.5,-3.9,70,40.0,4.2,7.7,14.3,1.0,5,85,994.9,-12.399999999999977,1.0,-12.0,0.0,0.0,0.0,1.0,0.5663619330814524,0.8241566360566663,雪,雪時々曇
2025-02-05,4.5,1.5,0.5,-3.3,-1.0,-4.8,73,43.0,4.3,7.8,13.9,1.0,7,88,994.3,-0.6000000000000227,-3.6999999999999997,3.0,0.0,0.0,0.0,1.0,0.580454927809098,0.8142923779467267,雪,雪時々曇
2025-02-06,11.5,3.0,1.0,-3.1,-0.6,-4.8,92,59.0,2.3,5.9,10.1,1.5,21,106,1001.5,7.2000000000000455,0.19999999999999973,19.0,0.0,0.0,0.0,1.0,0.5943761565849831,0.804187157621448,雪,雪時々曇
2025-02-07,3.5,1.5,0.5,-4.0,-2.0,-6.5,80,42.0,2.5,6.3,12.3,0.1,4,106,1002.7,1.2000000000000455,-0.8999999999999999,-12.0,0.0,0.0,0.0,1.0,0.6081214998935418,0.7938439653781019,曇,曇一時雪後晴
2025-02-08,1.5,0.5,0.5,-1.4,3.6,-8.6,77,44.0,1.7,3.9,8.1,5.4,0,102,1003.8,1.099999999999909,2.6,-3.0,0.0,1.0,0.0,0.0,0.6216868902665479,0.7832658619336791,雪,雪時々曇
2025-02-09,9.5,3.0,1.5,-0.6,2.1,-3.2,83,53.0,2.8,6.9,13.8,0.3,7,102,1011.7,7.900000000000091,0.7999999999999999,6.0,0.0,0.0,0.0,1.0,0.6350683134867438,0.7724559775191742,雪,大雪後時々曇
2025-02-10,4.5,1.0,0.5,-2.3,0.2,-4.3,89,63.0,2.5,6.9,13.3,0.4,14,108,1014.1,2.3999999999999773,-1.6999999999999997,6.0,0.0,0.0,0.0,1.0,0.6482618097757122,0.7614175109532997,雪,雪時々曇
2025-02-11,6.5,1.5,0.5,-2.3,-0.4,-4.0,87,64.0,2.7,5.3,11.5,0.1,13,118,1019.0,4.899999999999977,0.0,-2.0,0.0,0.0,0.0,1.0,0.6612634749656386,0.7501537286959042,曇,曇後一時雨、みぞれを伴う
2025-02-12,2.5,1.5,0.5,1.3,5.0,-2.5,83,59.0,1.5,3.6,6.2,0.0,0,112,1012.1,-6.899999999999977,3.5999999999999996,-4.0,0.0,1.0,0.0,0.0,0.6740694616546162,0.7386679638813748,雪,雪一時みぞれ
2025-02-13,23.0,4.5,1.0,-1.2,1.1,-2.7,93,70.0,2.6,7.2,14.7,0.0,12,109,1003.4,-8.700000000000045,-2.5,10.0,0.0,0.0,0.0,1.0,0.6866759803451553,0.726963615332308,雪,雪時々曇、みぞれを伴う
2025-02-14,2.5,1.0,0.5,1.0,3.9,-2.5,66,41.0,4.6,8.1,17.3,2.1,3,111,1010.1,6.7000000000000455,2.2,-27.0,0.0,0.0,0.0,1.0,0.6990793005655562,0.7150441465537444,曇,曇一時雪後晴
2025-02-15,0.0,0.0,0.0,3.0,6.9,-1.7,56,29.0,2.9,7.6,14.6,8.3,1,103,1015.8,5.699999999999932,2.0,-10.0,0.0,1.0,0.0,0.0,0.7112757519738152,0.7029130847082615,晴,晴後曇一時雨
2025-02-16,0.5,0.5,0.5,3.0,9.9,-1.7,79,45.0,1.5,5.0,9.6,4.6,0,98,1009.4,-6.399999999999977,0.0,23.0,1.0,0.0,0.0,0.0,0.7232617254437388,0.6905740195722293,雪,みぞれ時々雨一時曇後一時雪
2025-02-17,7.0,3.0,1.0,-0.3,5.7,-3.5,93,52.0,2.0,7.2,12.9,3.0,10,103,1003.4,-6.0,-3.3,14.0,0.0,0.0,0.0,1.0,0.7350336741329412,0.6780306024735382,雪,雪
2025-02-18,8.5,2.5,1.0,-3.6,-1.0,-6.2,87,63.0,3.1,6.8,11.3,2.0,12,111,1008.2,4.800000000000068,-3.3000000000000003,-6.0,0.0,0.0,0.0,1.0,0.746588114532413,0.6652865452111116,曇,曇時々雪一時晴
2025-02-19,9.0,3.5,1.0,-1.9,1.7,-5.2,90,61.0,2.4,4.8,10.8,2.1,15,119,1010.9,2.699999999999932,1.7000000000000002,3.0,0.0,1.0,0.0,0.0,0.7579216274973472,0.6523456189565257,雪,雪時々晴後曇
2025-02-20,15.0,3.5,1.0,-1.5,1.6,-4.5,97,73.0,1.8,5.1,9.1,1.3,21,134,1016.3,5.399999999999977,0.3999999999999999,7.0,0.0,0.0,0.0,1.0,0.7690308592589181,0.6392116531380588,曇,曇時々雪
2025-02-21,13.5,4.0,1.5,-2.5,-0.3,-6.3,99,90.0,0.9,2.6,4.9,0.0,23,145,1018.8,2.5,-1.0,2.0,0.0,1.0,0.0,0.0,0.7799125224167177,0.6258885343075018,雪,雪時々曇一時晴
2025-02-22,11.5,5.0,1.5,-2.4,0.7,-6.7,96,80.0,1.7,3.9,6.9,0.8,14,150,1017.5,-1.2999999999999545,0.10000000000000009,-3.0,0.0,0.0,0.0,1.0,0.7905633969115482,0.612380204990065,雪,雪時々曇
2025-02-23,11.0,7.5,2.0,-2.3,1.1,-7.1,92,69.0,1.8,4.5,7.7,4.5,14,160,1018.7,1.2000000000000455,0.10000000000000009,-4.0,0.0,0.0,0.0,1.0,0.8009803309782905,0.5986906625177214,曇,曇時々雪
2025-02-24,0.0,0.0,0.0,-2.0,1.9,-8.0,83,63.0,1.1,2.4,4.3,0.4,0,149,1018.1,-0.6000000000000227,0.2999999999999998,-9.0,0.0,1.0,0.0,0.0,0.8111602420785621,0.5848239578463322,晴,晴時々曇
2025-02-25,2.5,1.5,1.0,2.1,5.9,-5.6,74,42.0,2.4,6.0,11.4,6.6,0,142,1019.3,1.1999999999999318,4.1,-9.0,1.0,0.0,0.0,0.0,0.8211001178128892,0.5707841943569036,曇,曇時々みぞれ一時雨後雪
2025-02-26,4.5,3.0,1.0,1.8,4.9,-0.9,75,37.0,3.3,10.1,19.4,1.6,2,129,1011.5,-7.7999999999999545,-0.30000000000000004,1.0,0.0,1.0,0.0,0.0,0.8307970168121247,0.5565755266413303,雪,雪後曇時々晴
2025-02-27,0.5,0.5,0.5,1.7,5.1,-1.6,68,36.0,2.7,6.6,10.6,4.7,2,123,1018.2,6.7000000000000455,-0.10000000000000009,-7.0,0.0,0.0,0.0,1.0,0.8402480696078469,0.5422021592729844,晴,晴一時曇
2025-02-28,0.0,0.0,0.0,5.8,10.8,-2.7,64,38.0,2.1,5.5,10.7,7.8,0,113,1016.9,-1.3000000000000682,4.1,-4.0,1.0,0.0,0.0,0.0,0.8494504794814806,0.527668345562516,晴,晴後一時曇
2025-03-01,0.0,0.0,0.0,6.9,10.5,0.8,65,50.0,2.7,5.8,8.8,6.1,0,106,1017.0,0.10000000000002274,1.1000000000000005,1.0,1.0,0.0,0.0,0.0,0.8584015232918917,0.512978386299228,曇,曇一時雨
2025-03-02,0.0,0.0,0.0,3.7,9.9,-0.2,71,55.0,3.0,6.2,11.4,2.1,0,99,1015.8,-1.2000000000000455,-3.2,6.0,0.0,1.0,0.0,0.0,0.8670985522812081,0.4981366284784055,曇,曇後一時晴一時雪
2025-03-03,0.0,0.0,0.0,-1.3,0.2,-2.9,68,56.0,3.3,5.7,10.4,0.0,1,97,1021.7,5.900000000000091,-5.0,-3.0,0.0,1.0,0.0,0.0,0.8755389928586302,0.4831474640149687,曇,曇一時雪
2025-03-04,0.0,0.0,0.0,-0.6,1.8,-3.1,70,52.0,1.3,2.7,4.6,0.0,1,98,1027.9,6.2000000000000455,0.7000000000000001,2.0,0.0,1.0,0.0,0.0,0.8837203473619977,0.4680153284438345,雪,みぞれ時々雪一時曇後雨
2025-03-05,10.5,2.0,0.5,0.7,2.5,-1.4,96,65.0,1.0,2.4,4.0,0.0,3,98,1019.8,-8.100000000000136,1.2999999999999998,26.0,0.0,0.0,0.0,1.0,0.8916401947968874,0.45274469960737107,雪,みぞれ後雨時々曇
2025-03-06,8.0,2.0,0.5,1.9,4.7,0.5,95,76.0,1.3,5.5,9.3,0.3,2,95,1013.5,-6.2999999999999545,1.2,-1.0,0.0,0.0,0.0,1.0,0.8992961915530253,0.4373400963303323,雪,雪時々曇一時晴
2025-03-07,6.5,2.5,1.0,-0.7,1.2,-2.7,84,50.0,2.7,6.2,11.5,1.0,11,102,1020.9,7.399999999999977,-2.5999999999999996,-11.0,0.0,0.0,0.0,1.0,0.9066860720977985,0.4218060770826634,雪,雪一時晴後曇
2025-03-08,0.0,0.0,0.0,0.4,3.8,-2.9,71,48.0,2.0,4.6,7.7,3.7,0,100,1027.7,6.800000000000068,1.1,-13.0,0.0,0.0,0.0,1.0,0.9138076496466615,0.4061472386305789,晴,晴時々曇
2025-03-09,0.0,0.0,0.0,2.0,7.0,-2.5,71,43.0,1.7,3.2,5.5,9.0,0,95,1027.3,-0.40000000000009095,1.6,0.0,1.0,0.0,0.0,0.0,0.9206588168102428,0.3903682146763026,晴,晴
2025-03-10,1.0,0.5,0.5,2.3,6.2,-1.9,72,43.0,1.3,2.8,4.9,10.4,0,92,1029.3,2.0,0.2999999999999998,1.0,1.0,0.0,0.0,0.0,0.9272375462179537,0.374473674486883,晴,晴
2025-03-11,0.0,0.0,0.0,3.9,12.1,-5.0,69,33.0,1.2,3.7,6.5,8.2,0,90,1021.6,-7.699999999999932,1.6,-3.0,1.0,0.0,0.0,0.0,0.9335418911179212,0.35846832151248087,晴,晴
2025-03-12,0.0,0.0,0.0,6.3,14.6,-0.5,71,33.0,1.5,3.6,5.6,6.0,0,87,1016.6,-5.0,2.4,2.0,1.0,0.0,0.0,0.0,0.9395699859530622,0.342356891994542,晴,晴時々曇一時雨、みぞれを伴う
2025-03-13,0.0,0.0,0.0,6.1,10.0,2.6,60,30.0,3.4,7.2,14.8,8.9,0,83,1011.6,-5.0,-0.20000000000000018,-11.0,1.0,0.0,0.0,0.0,0.945320046913132,0.3261441535642696,雪,みぞれ後時々雪時々雨一時曇
2025-03-14,1.0,0.5,0.5,2.6,5.1,0.5,77,49.0,3.4,6.1,12.7,0.7,2,78,1019.0,7.399999999999977,-3.4999999999999996,17.0,0.0,0.0,0.0,1.0,0.9507903724625832,0.3098349038318025,雪,みぞれ一時雨後曇
2025-03-15,0.5,0.5,0.5,2.6,6.2,-0.5,69,43.0,2.7,5.1,8.6,1.8,1,78,1025.8,6.7999999999999545,0.0,-8.0,0.0,0.0,0.0,1.0,0.9559793438440766,0.2934339689665273,曇,曇後みぞれ一時雨
2025-03-16,25.5,3.0,1.0,-0.1,1.9,-2.3,94,68.0,1.3,2.5,4.1,0.0,12,81,1013.8,-12.0,-2.7,25.0,0.0,1.0,0.0,0.0,0.9608854255574977,0.27694620226893646,雪,みぞれ時々雨
2025-03-17,11.5,2.5,0.5,1.9,4.0,0.1,91,63.0,2.3,6.9,11.4,0.0,3,83,1000.1,-13.699999999999932,2.0,-3.0,0.0,0.0,0.0,1.0,0.9655071658143364,0.2603764827344581,晴,晴後曇一時雪、みぞれを伴う
2025-03-18,0.0,0.0,0.0,1.1,4.8,-2.4,80,41.0,1.3,3.3,5.9,3.5,2,78,1013.7,13.600000000000023,-0.7999999999999998,-11.0,1.0,0.0,0.0,0.0,0.969843196967294,0.24372971360968387,曇,曇後晴時々みぞれ一時雨
2025-03-19,0.0,0.0,0.0,0.1,5.7,-5.1,79,46.0,2.0,4.8,9.0,5.2,0,78,1014.3,0.599999999999909,-1.0,-1.0,0.0,1.0,0.0,0.0,0.9738922359149924,0.22701082094141847,曇,曇一時雪後一時晴、みぞれを伴う
2025-03-20,0.5,0.5,0.5,2.8,7.3,-1.0,73,35.0,2.0,5.7,10.6,5.8,1,76,1014.7,0.40000000000009095,2.6999999999999997,-6.0,0.0,1.0,0.0,0.0,0.9776530844816641,0.2102247521189836,雨,雨後曇時々晴
2025-03-21,10.5,3.0,1.0,6.4,10.6,0.6,82,61.0,2.2,5.0,9.7,0.0,0,71,1005.0,-9.700000000000045,3.6000000000000005,9.0,0.0,0.0,1.0,0.0,0.981124629771712,0.19337647441020586,曇,曇時々雨
2025-03-22,1.5,1.0,0.5,8.3,11.6,3.3,71,43.0,3.5,7.0,13.6,0.0,0,63,1000.0,-5.0,1.9000000000000004,-11.0,0.0,1.0,0.0,0.0,0.984305844499033,0.17647097349152166,曇,曇時々晴
2025-03-23,0.5,0.5,0.5,4.2,7.2,-0.3,68,47.0,2.5,5.8,9.6,11.0,0,52,1008.8,8.799999999999955,-4.1000000000000005,-3.0,0.0,1.0,0.0,0.0,0.9871957872910085,0.15951325197263655,晴,晴後時々曇
2025-03-24,0.0,0.0,0.0,6.1,14.1,-2.6,62,25.0,1.4,4.8,12.0,6.0,0,46,1007.7,-1.099999999999909,1.8999999999999995,-6.0,1.0,0.0,0.0,0.0,0.9897936029670716,0.14250832791617088,曇,曇時々晴
2025-03-25,0.0,0.0,0.0,11.4,15.5,5.0,75,55.0,2.1,4.8,8.2,5.5,0,41,999.8,-7.900000000000091,5.300000000000001,13.0,0.0,1.0,0.0,0.0,0.992098522791769,0.12546123335273648,雨,雨時々曇、雷を伴う
2025-03-26,5.0,2.5,1.5,5.9,11.8,0.7,84,62.0,2.6,7.1,12.1,0.0,0,28,1002.4,2.6000000000000227,-5.5,9.0,0.0,0.0,1.0,0.0,0.9941098647022418,0.10837701279187609,雨,雨時々曇
2025-03-27,23.5,7.0,1.5,4.2,8.1,0.1,94,62.0,1.2,3.3,6.1,0.0,0,23,1005.2,2.800000000000068,-1.7000000000000002,10.0,0.0,0.0,1.0,0.0,0.9958270335100595,0.09126072172931188,雨,雨時々曇
2025-03-28,4.5,1.5,0.5,5.8,8.4,3.5,94,65.0,1.5,4.1,7.1,0.0,0,20,1001.8,-3.400000000000091,1.5999999999999996,0.0,0.0,0.0,1.0,0.0,0.9972495210773451,0.07411742515094437,曇,曇時々みぞれ一時雨後晴
2025-03-29,0.0,0.0,0.0,3.4,7.1,-1.6,56,29.0,3.1,6.8,11.5,8.8,0,16,1016.1,14.300000000000068,-2.4,-38.0,0.0,1.0,0.0,0.0,0.998376906467142,0.056952196034039754,雪,みぞれ時々晴後曇一時雪
2025-03-30,3.0,1.5,1.0,0.8,6.3,-3.2,70,30.0,2.7,6.7,11.9,3.9,3,14,1019.6,3.5,-2.5999999999999996,14.0,0.0,0.0,0.0,1.0,0.9992088560679753,0.03977011384605572,雪,雪時々曇後晴
2025-03-31,0.0,0.0,0.0,1.9,6.9,-1.9,51,23.0,2.4,5.9,10.3,10.6,0,13,1027.9,8.300000000000068,1.0999999999999999,-19.0,0.0,0.0,0.0,1.0,0.9997451236925734,0.022576263041545485,晴,晴後一時曇
2025-04-01,0.0,0.0,0.0,4.2,11.9,-3.5,59,32.0,1.5,3.8,6.0,8.1,0,8,1029.8,1.8999999999998636,2.3000000000000003,8.0,1.0,0.0,0.0,0.0,0.9999855506507186,0.005375731557583884,雨,雨
2025-04-02,17.5,3.0,1.0,4.6,6.9,2.7,93,72.0,1.8,5.4,11.8,0.0,0,0,1023.6,-6.199999999999932,0.39999999999999947,34.0,0.0,0.0,1.0,0.0,0.9999300657962057,-0.011826390691832589,雨,雨時々曇一時晴
2025-04-03,2.0,1.0,0.5,5.0,9.0,2.4,87,54.0,1.8,4.8,8.8,0.1,0,0,1014.5,-9.100000000000023,0.40000000000000036,-6.0,0.0,0.0,1.0,0.0,0.9995786855478958,-0.029025013321975237,雨,雨時々曇
2025-04-04,3.0,1.0,1.0,4.7,7.1,3.0,90,78.0,1.8,5.1,9.1,0.0,0,0,1014.8,0.2999999999999545,-0.2999999999999998,3.0,0.0,0.0,1.0,0.0,0.9989315138848577,-0.046215046983708354,曇,曇後時々晴
2025-04-05,0.0,0.0,0.0,6.0,11.6,1.6,70,41.0,2.1,4.6,7.9,10.0,0,0,1019.5,4.7000000000000455,1.2999999999999998,-20.0,0.0,1.0,0.0,0.0,0.9979887423155984,-0.06339140486951038,曇,曇一時晴後雨
2025-04-06,0.5,0.5,0.5,7.6,16.2,2.3,81,46.0,1.4,3.0,7.5,3.3,0,0,1015.1,-4.399999999999977,1.5999999999999996,11.0,0.0,1.0,0.0,0.0,0.9967506498213929,-0.08054900421874167,曇,曇時々雨一時晴
2025-04-07,1.0,0.5,0.5,7.5,11.7,4.0,83,53.0,2.1,4.7,9.7,0.5,0,0,1013.4,-1.7000000000000455,-0.09999999999999964,2.0,0.0,1.0,0.0,0.0,0.9952176027737294,-0.09768276782171598,曇,曇後雨一時晴
2025-04-08,14.5,4.0,1.5,7.9,14.9,4.9,81,35.0,2.1,4.8,8.4,4.3,0,0,1011.5,-1.8999999999999773,0.40000000000000036,-2.0,0.0,1.0,0.0,0.0,0.9933900548258936,-0.11478762552212701,晴,晴
2025-04-09,1.0,1.0,0.5,8.5,15.2,3.8,76,44.0,2.4,6.4,12.0,9.6,0,0,1010.6,-0.8999999999999773,0.5999999999999996,-5.0,1.0,0.0,0.0,0.0,0.9912685467787256,-0.13185851571739118,曇,曇一時晴後一時雨
2025-04-10,0.0,0.0,0.0,10.1,17.1,5.1,68,35.0,1.4,2.9,5.2,1.7,0,0,1010.0,-0.6000000000000227,1.5999999999999996,-8.0,0.0,1.0,0.0,0.0,0.9888537064205885,-0.1488903868564548,曇,曇時々雨
2025-04-11,0.5,0.5,0.5,9.8,18.2,5.8,89,49.0,1.6,4.9,8.6,3.1,0,0,1010.2,0.20000000000004547,-0.29999999999999893,21.0,0.0,1.0,0.0,0.0,0.986146248341595,-0.16587819893463143,晴,晴一時曇
2025-04-12,0.0,0.0,0.0,11.2,18.8,6.2,78,40.0,1.9,3.9,7.2,9.6,0,0,1016.0,5.7999999999999545,1.3999999999999986,-11.0,1.0,0.0,0.0,0.0,0.9831469737221499,-0.1828169249850199,曇,曇一時晴
2025-04-13,0.0,0.0,0.0,12.6,18.6,5.6,66,46.0,3.2,6.8,13.3,2.3,0,0,1010.1,-5.899999999999977,1.4000000000000004,-12.0,0.0,1.0,0.0,0.0,0.9798567700958665,-0.1997015525660636,雨,雨時々曇
2025-04-14,11.0,5.0,2.0,9.4,13.5,4.1,94,75.0,1.7,4.8,8.6,0.0,0,0,1003.2,-6.899999999999977,-3.1999999999999993,28.0,0.0,0.0,1.0,0.0,0.9762766110869321,-0.21652708524481437,雨,雨時々曇
2025-04-15,2.5,0.5,0.5,6.8,9.9,2.8,95,79.0,1.2,2.3,5.5,0.1,0,0,994.6,-8.600000000000023,-2.6000000000000005,1.0,0.0,0.0,1.0,0.0,0.9724075561219968,-0.23328854407545518,雨,雨時々曇一時晴
2025-04-16,2.0,0.5,0.5,8.3,12.6,4.7,72,47.0,3.4,6.5,12.9,6.9,0,0,997.8,3.199999999999932,1.5000000000000009,-23.0,0.0,0.0,1.0,0.0,0.9682507501166718,-0.2499809690726521,晴,晴
2025-04-17,0.0,0.0,0.0,12.5,18.7,5.4,56,21.0,3.1,6.2,11.3,8.8,0,0,1009.3,11.5,4.199999999999999,-16.0,1.0,0.0,0.0,0.0,0.9638074231367307,-0.26659942067929354,曇,曇時々雨、雷を伴う
2025-04-18,13.0,4.5,3.0,14.2,20.7,7.7,86,53.0,1.7,5.4,9.4,0.7,0,0,1010.8,1.5,1.6999999999999993,30.0,0.0,1.0,0.0,0.0,0.9590788900341131,-0.28313898122818354,晴,晴時々曇
2025-04-19,0.0,0.0,0.0,12.6,17.9,8.6,64,36.0,2.7,6.1,10.4,10.3,0,0,1012.4,1.6000000000000227,-1.5999999999999996,-22.0,1.0,0.0,0.0,0.0,0.9540665500578387,-0.2995947563972602,雨,雨時々曇一時晴
2025-04-20,8.5,4.0,1.5,12.1,19.7,7.6,81,47.0,2.4,6.9,13.0,4.7,0,0,1010.2,-2.199999999999932,-0.5,17.0,0.0,0.0,1.0,0.0,0.9487718864399473,-0.31596187665790293,晴,晴時々曇
2025-04-21,0.0,0.0,0.0,10.6,17.1,5.1,70,40.0,2.1,5.2,8.8,6.7,0,0,1017.3,7.099999999999909,-1.5,-11.0,1.0,0.0,0.0,0.0,0.9431964659565866,-0.33223549871590435,晴,晴後一時曇
2025-04-22,0.0,0.0,0.0,10.8,18.0,4.2,70,38.0,1.8,3.8,6.8,10.7,0,0,1014.6,-2.699999999999932,0.20000000000000107,0.0,1.0,0.0,0.0,0.0,0.9373419384643772,-0.3484108069446808,雨,雨後時々曇
2025-04-23,6.5,3.0,1.0,10.7,15.0,8.0,95,82.0,1.5,3.1,4.9,0.1,0,0,1006.1,-8.5,-0.10000000000000142,25.0,0.0,0.0,1.0,0.0,0.9312100364121947,-0.3644830148102912,晴,晴時々曇
2025-04-24,0.0,0.0,0.0,12.8,18.6,9.5,83,63.0,1.9,4.6,8.0,5.1,0,0,1006.1,0.0,2.1000000000000014,-12.0,1.0,0.0,0.0,0.0,0.9248025743285089,-0.38044736628785164,雨,雨時々曇
2025-04-25,1.5,1.5,1.0,11.0,16.6,6.0,81,63.0,1.9,6.9,11.0,1.2,0,0,1007.3,1.1999999999999318,-1.8000000000000007,-2.0,0.0,0.0,1.0,0.0,0.9181214482844365,-0.39629913726891813,晴,晴後曇一時雨、雷を伴う
2025-04-26,4.5,4.5,1.5,9.4,14.8,3.3,58,31.0,3.0,8.7,16.8,8.9,0,0,1010.6,3.300000000000068,-1.5999999999999996,-23.0,1.0,0.0,0.0,0.0,0.9111686353326631,-0.41203363695942635,曇,曇後時々雨
2025-04-27,3.5,1.0,0.5,12.7,18.5,8.7,65,28.0,2.7,8.2,14.0,2.5,0,0,1009.6,-1.0,3.299999999999999,7.0,0.0,1.0,0.0,0.0,0.9039461929224011,-0.42764620926777464,曇,曇一時晴後一時雨
2025-04-28,1.0,0.5,0.5,11.3,16.9,8.1,87,63.0,1.6,3.6,6.5,3.0,0,0,1009.6,0.0,-1.3999999999999986,22.0,0.0,1.0,0.0,0.0,0.8964562582905575,-0.44313223418263453,雨,雨
2025-04-29,13.0,2.5,1.0,8.0,9.6,7.1,94,80.0,1.6,3.0,5.7,0.0,0,0,1001.9,-7.7000000000000455,-3.3000000000000007,7.0,0.0,0.0,1.0,0.0,0.8887010478292915,-0.45848712914008766,雨,雨時々曇
2025-04-30,0.5,0.5,0.5,9.1,12.4,5.4,82,67.0,2.5,5.3,10.7,1.3,0,0,1015.8,13.899999999999977,1.0999999999999996,-12.0,0.0,0.0,1.0,0.0,0.8806828564301475,-0.47370635037968,晴,晴
2025-05-01,0.0,0.0,0.0,10.8,19.7,3.4,78,52.0,1.8,4.3,7.7,13.1,0,0,1020.3,4.5,1.700000000000001,-4.0,1.0,0.0,0.0,0.0,0.8724040568049612,-0.48878539428899265,曇,曇時々晴一時雨
2025-05-02,0.5,0.5,0.5,15.4,25.6,5.3,68,24.0,2.7,6.6,12.0,8.2,0,0,1010.1,-10.199999999999932,4.6,-10.0,0.0,1.0,0.0,0.0,0.8638670987837349,-0.503719798736334,晴,晴一時雨後曇
2025-05-03,0.5,0.5,0.5,13.5,18.0,10.3,59,34.0,2.8,6.3,11.4,5.9,0,0,1006.5,-3.6000000000000227,-1.9000000000000004,-9.0,1.0,0.0,0.0,0.0,0.8550745085896932,-0.518505144391157,雨,雨時々曇一時晴
2025-05-04,4.5,2.5,1.0,11.6,15.4,8.7,74,48.0,2.1,5.4,10.7,2.5,0,0,1004.1,-2.3999999999999773,-1.9000000000000004,15.0,0.0,0.0,1.0,0.0,0.8460288880917339,-0.533137056031809,曇,曇時々晴一時雨
2025-05-05,2.0,1.0,0.5,12.2,17.5,8.0,67,42.0,3.0,7.2,12.3,8.1,0,0,1010.0,5.899999999999977,0.5999999999999996,-7.0,0.0,1.0,0.0,0.0,0.8367329140344921,-0.5476112038402312,曇,曇
2025-05-06,0.0,0.0,0.0,11.3,15.7,8.2,72,46.0,1.1,3.8,6.5,0.1,0,0,1010.0,0.0,-0.8999999999999986,5.0,0.0,1.0,0.0,0.0,0.8271893372462497,-0.5619233046832195,雨,雨後時々曇
2025-05-07,7.5,2.5,1.0,10.3,13.9,6.4,92,69.0,1.6,3.8,6.0,1.8,0,0,1007.9,-2.1000000000000227,-1.0,20.0,0.0,0.0,1.0,0.0,0.8174009818249189,-0.5760691233798758,晴,晴
2025-05-08,0.0,0.0,0.0,13.3,20.8,5.5,57,24.0,2.4,5.0,8.7,13.4,0,0,1020.0,12.100000000000023,3.0,-35.0,1.0,0.0,0.0,0.0,0.8073707443023492,-0.5900444739548627,晴,晴後一時曇
2025-05-09,0.0,0.0,0.0,15.4,23.4,6.0,51,23.0,1.6,3.6,6.1,11.7,0,0,1019.8,-0.20000000000004547,2.0999999999999996,-6.0,1.0,0.0,0.0,0.0,0.7971015927871943,-0.6038452208771035,雨,雨時々曇
2025-05-10,0.5,0.5,0.5,16.9,22.8,11.6,77,56.0,2.2,5.1,9.8,0.2,0,0,999.5,-20.299999999999955,1.4999999999999982,26.0,0.0,0.0,1.0,0.0,0.7865965660866021,-0.6174672802835514,曇,曇後時々雨
2025-05-11,0.0,0.0,0.0,14.5,18.6,10.4,71,55.0,2.5,5.9,11.3,0.0,0,0,998.7,-0.7999999999999545,-2.3999999999999986,-6.0,0.0,1.0,0.0,0.0,0.7758587728069828,-0.6309066211876704,雨,雨時々曇
2025-05-12,1.5,1.0,0.5,12.5,15.5,8.9,86,68.0,1.3,3.2,5.4,0.0,0,0,1008.4,9.699999999999932,-2.0,15.0,0.0,0.0,1.0,0.0,0.7648913904341226,-0.6441592666722685,晴,晴
2025-05-13,0.0,0.0,0.0,16.4,22.9,8.8,63,32.0,2.1,5.4,9.8,13.5,0,0,1015.9,7.5,3.8999999999999986,-23.0,1.0,0.0,0.0,0.0,0.753697664392914,-0.6572212950663319,曇,曇時々晴
2025-05-14,0.0,0.0,0.0,18.6,26.9,10.2,48,22.0,1.8,4.3,7.3,10.6,0,0,1019.9,4.0,2.200000000000003,-15.0,0.0,1.0,0.0,0.0,0.742280907086982,-0.6700888411055113,曇,曇時々晴
2025-05-15,0.0,0.0,0.0,18.4,29.0,9.0,52,15.0,1.5,4.4,7.6,7.8,0,0,1018.9,-1.0,-0.20000000000000284,4.0,0.0,1.0,0.0,0.0,0.7306444969184916,-0.6827580970759147,晴,晴時々曇一時雨
2025-05-16,0.0,0.0,0.0,21.1,27.4,13.5,62,41.0,1.9,5.3,9.3,11.2,0,0,1017.9,-1.0,2.700000000000003,10.0,1.0,0.0,0.0,0.0,0.7187918772884232,-0.6952253139408723,曇,曇後時々雨
2025-05-17,2.0,1.5,0.5,19.0,25.7,15.3,83,45.0,1.4,4.1,7.5,0.1,0,0,1008.1,-9.799999999999955,-2.1000000000000014,21.0,0.0,1.0,0.0,0.0,0.7067265555776159,-0.7074868024503348,曇,曇時々晴
2025-05-18,0.0,0.0,0.0,17.0,21.5,8.0,71,46.0,2.7,6.6,12.0,3.0,0,0,1004.3,-3.800000000000068,-2.0,-12.0,0.0,1.0,0.0,0.0,0.6944521021088763,-0.719538934232584,晴,晴後一時曇
2025-05-19,0.0,0.0,0.0,14.2,20.8,5.1,55,29.0,1.8,4.8,7.7,11.0,0,0,1010.2,5.900000000000091,-2.8000000000000007,-16.0,1.0,0.0,0.0,0.0,0.6819721490904629,-0.7313781428679254,曇,曇一時雨後晴
2025-05-20,4.0,2.0,0.5,16.7,22.2,12.2,56,21.0,2.7,6.8,12.1,9.0,0,0,1007.7,-2.5,2.5,1.0,0.0,1.0,0.0,0.0,0.6692903895412567,-0.7430009249440493,雨,雨時々曇
2025-05-21,20.5,7.0,1.5,13.1,17.1,10.2,95,60.0,1.4,4.4,8.7,0.2,0,0,1009.9,2.199999999999932,-3.5999999999999996,39.0,0.0,0.0,1.0,0.0,0.6564105761979381,-0.7544038410927472,雨,雨時々曇後晴
2025-05-22,2.5,1.5,0.5,13.6,18.5,8.5,89,62.0,1.8,5.5,9.2,6.0,0,0,1006.5,-3.3999999999999773,0.5,-6.0,0.0,0.0,1.0,0.0,0.6433365204044917,-0.765583517007675,晴,晴後時々曇
2025-05-23,0.0,0.0,0.0,11.7,16.6,6.5,83,63.0,2.0,5.2,8.9,10.0,0,0,1014.8,8.299999999999955,-1.9000000000000004,-6.0,1.0,0.0,0.0,0.0,0.6300720909843687,-0.7765366444428655,曇,曇後一時雨
2025-05-24,0.5,0.5,0.5,14.1,20.4,8.8,81,42.0,1.2,3.0,5.7,0.3,0,0,1015.4,0.6000000000000227,2.4000000000000004,-2.0,0.0,1.0,0.0,0.0,0.6166212130956382,-0.7872599821916922,雨,雨時々曇
2025-05-25,12.5,2.5,1.0,12.2,15.0,10.4,92,71.0,1.8,5.4,9.8,0.0,0,0,1006.2,-9.199999999999932,-1.9000000000000004,11.0,0.0,0.0,1.0,0.0,0.6029878670694714,-0.7977503570459932,雨,雨後曇時々晴
2025-05-26,1.5,1.0,1.0,13.8,19.1,9.9,75,47.0,2.7,6.1,12.4,8.8,0,0,1016.6,10.399999999999977,1.6000000000000014,-17.0,0.0,0.0,1.0,0.0,0.5891760872322963,-0.8080046647350754,晴,晴
2025-05-27,0.0,0.0,0.0,14.4,20.5,7.9,76,48.0,2.0,5.1,8.1,13.0,0,0,1022.6,6.0,0.5999999999999996,1.0,1.0,0.0,0.0,0.0,0.5751899607119775,-0.8180198708443175,晴,晴時々曇
2025-05-28,0.0,0.0,0.0,16.2,24.1,9.6,67,28.0,1.9,5.4,8.8,11.3,0,0,1020.0,-2.6000000000000227,1.799999999999999,-9.0,1.0,0.0,0.0,0.0,0.5610336262283677,-0.8277930117131022,晴,晴
2025-05-29,0.0,0.0,0.0,17.0,24.7,9.5,56,27.0,2.1,5.3,9.0,13.6,0,0,1017.4,-2.6000000000000227,0.8000000000000007,-11.0,1.0,0.0,0.0,0.0,0.5467112728685939,-0.8373211953118121,曇,曇時々晴
2025-05-30,0.0,0.0,0.0,18.4,25.8,11.2,56,26.0,1.4,3.7,6.1,4.4,0,0,1013.4,-4.0,1.3999999999999986,0.0,0.0,1.0,0.0,0.0,0.5322271388474397,-0.8466016020976267,曇,曇時々雨
2025-05-31,1.5,1.0,0.5,13.9,16.9,9.5,84,69.0,2.5,5.5,10.1,0.4,0,0,1010.9,-2.5,-4.499999999999998,28.0,0.0,1.0,0.0,0.0,0.5175855102531889,-0.8556314858488706,晴,晴時々曇
2025-06-01,0.5,0.5,0.5,13.8,21.4,9.0,74,42.0,2.2,5.7,10.0,10.3,0,0,1005.9,-5.0,-0.09999999999999964,-10.0,1.0,0.0,0.0,0.0,0.5027907197793043,-0.8644081744776648,晴,晴時々曇
2025-06-02,0.0,0.0,0.0,16.5,23.4,11.2,73,42.0,1.9,4.7,8.9,12.4,0,0,1006.3,0.39999999999997726,2.6999999999999993,-1.0,1.0,0.0,0.0,0.0,0.4878471454423119,-0.8729290708206411,曇,曇時々晴
2025-06-03,0.0,0.0,0.0,16.1,22.8,12.6,83,59.0,1.6,3.7,6.9,3.8,0,0,1001.9,-4.399999999999977,-0.3999999999999986,10.0,0.0,1.0,0.0,0.0,0.47275920928627757,-0.881191653407483,曇,曇時々晴一時雨
2025-06-04,0.0,0.0,0.0,17.6,23.0,12.6,74,45.0,2.6,7.9,15.6,6.7,0,0,997.2,-4.699999999999932,1.5,-9.0,0.0,1.0,0.0,0.0,0.4575313760742512,-0.8891934772070711,曇,曇時々雨
2025-06-05,1.5,1.5,0.5,17.1,20.8,13.7,73,51.0,3.0,6.5,12.8,5.1,0,0,1005.0,7.7999999999999545,-0.5,-1.0,0.0,1.0,0.0,0.0,0.44216815196707204,-0.8969321743510065,晴,晴一時曇
2025-06-06,0.0,0.0,0.0,21.4,27.8,15.0,48,23.0,2.7,5.2,9.4,10.3,0,0,1009.3,4.2999999999999545,4.299999999999997,-25.0,1.0,0.0,0.0,0.0,0.42667408318992467,-0.9044054548343001,晴,晴後時々曇
2025-06-07,0.0,0.0,0.0,22.3,29.0,13.6,55,32.0,2.9,7.6,16.2,13.4,0,0,1007.3,-2.0,0.9000000000000021,7.0,1.0,0.0,0.0,0.0,0.4110537546870351,-0.9116111071930239,曇,曇後晴
2025-06-08,0.0,0.0,0.0,19.6,26.1,14.5,75,42.0,1.9,4.6,8.5,9.4,0,0,1009.4,2.1000000000000227,-2.6999999999999993,20.0,0.0,1.0,0.0,0.0,0.3953117887649151,-0.9185469991587165,晴,晴
2025-06-09,0.0,0.0,0.0,20.9,30.3,12.0,60,28.0,1.9,5.4,7.8,14.1,0,0,1011.6,2.2000000000000455,1.2999999999999972,-15.0,1.0,0.0,0.0,0.0,0.37945284372454435,-0.925211078289358,晴,晴時々曇
2025-06-10,0.0,0.0,0.0,23.6,31.2,14.9,63,41.0,1.7,4.2,7.7,9.3,0,0,1008.0,-3.6000000000000227,2.700000000000003,3.0,1.0,0.0,0.0,0.0,0.36348161248290634,-0.9316013725767187,曇,曇時々雨
2025-06-11,0.0,0.0,0.0,21.9,27.3,17.7,77,59.0,1.8,4.6,8.5,0.7,0,0,1005.4,-2.6000000000000227,-1.7000000000000028,14.0,0.0,1.0,0.0,0.0,0.3474028211842774,-0.9377159910299093,雨,雨時々曇
2025-06-12,0.0,0.0,0.0,17.5,21.1,13.9,75,65.0,2.9,5.4,9.8,4.3,0,0,1014.6,9.200000000000045,-4.399999999999999,-2.0,0.0,0.0,1.0,0.0,0.3312212278016865,-0.9435531242349544,晴,晴
2025-06-13,0.0,0.0,0.0,18.0,24.2,12.1,79,55.0,2.0,4.9,7.5,14.3,0,0,1018.0,3.3999999999999773,0.5,4.0,1.0,0.0,0.0,0.0,0.31494162072895193,-0.9491110448902284,曇,曇一時晴後一時雨
2025-06-14,0.5,0.5,0.5,21.0,28.1,13.3,74,43.0,1.9,5.0,8.5,6.0,0,0,1009.5,-8.5,3.0,-5.0,0.0,1.0,0.0,0.0,0.2985688173637202,-0.9543881083175908,曇,曇時々晴
2025-06-15,0.0,0.5,0.0,21.7,26.3,17.8,90,72.0,1.5,3.4,5.7,2.2,0,0,1000.6,-8.899999999999977,0.6999999999999993,16.0,0.0,1.0,0.0,0.0,0.2821076626819194,-0.9593827529490743,曇,曇後晴時々雨
2025-06-16,0.5,0.5,0.5,22.2,26.8,19.0,89,65.0,1.6,3.5,5.7,5.5,0,0,1002.1,1.5,0.5,-1.0,0.0,1.0,0.0,0.0,0.26556302780405594,-0.9640935007889755,晴,晴
2025-06-17,1.5,1.5,0.5,24.7,29.2,20.3,75,54.0,2.7,5.0,10.0,9.8,0,0,1004.9,2.7999999999999545,2.5,-14.0,1.0,0.0,0.0,0.0,0.24893980855376657,-0.9685189578512204,晴,晴時々曇
2025-06-18,0.0,0.0,0.0,24.2,30.3,18.6,74,47.0,1.7,3.7,7.8,10.9,0,0,1011.4,6.5,-0.5,-1.0,1.0,0.0,0.0,0.0,0.23224292400907015,-0.9726578145718654,晴,晴
2025-06-19,0.0,0.0,0.0,24.0,29.1,18.7,85,66.0,1.8,5.0,7.2,10.2,0,0,1015.0,3.6000000000000227,-0.1999999999999993,11.0,1.0,0.0,0.0,0.0,0.21547731504673012,-0.976508846196619,晴,晴一時曇
2025-06-20,0.0,0.0,0.0,24.5,30.4,19.3,82,60.0,1.9,4.7,7.9,10.3,0,0,1014.4,-0.6000000000000227,0.5,-3.0,1.0,0.0,0.0,0.0,0.19864794288017112,-0.9800709131432666,曇,曇後一時雨
2025-06-21,0.0,0.0,0.0,26.6,33.4,19.6,68,44.0,2.2,5.0,9.0,6.2,0,0,1008.1,-6.2999999999999545,2.1000000000000014,-14.0,0.0,1.0,0.0,0.0,0.18175978759137534,-0.9833429613388902,雨,大雨
2025-06-22,14.5,4.5,2.5,22.1,25.9,19.7,97,73.0,1.2,3.2,8.3,0.0,0,0,1003.8,-4.300000000000068,-4.5,29.0,0.0,0.0,1.0,0.0,0.16481784665719793,-0.9863240225317866,曇,曇
2025-06-23,0.0,0.0,0.0,21.9,26.1,17.6,87,71.0,1.4,3.3,5.4,1.5,0,0,1008.8,5.0,-0.20000000000000284,-10.0,0.0,1.0,0.0,0.0,0.14782713347053048,-0.9890132145779883,晴,晴一時曇
2025-06-24,0.0,0.0,0.0,21.9,29.5,15.4,82,46.0,1.9,5.2,8.5,11.2,0,0,1013.8,5.0,0.0,-5.0,1.0,0.0,0.0,0.0,0.13079267585675922,-0.9914097417023038,曇,曇時々晴
2025-06-25,0.0,0.0,0.0,25.4,32.5,18.6,78,57.0,1.3,3.4,5.5,7.9,0,0,1013.8,0.0,3.5,-4.0,0.0,1.0,0.0,0.0,0.11371951458594969,-0.9935128947338007,曇,曇後時々大雨
2025-06-26,17.0,9.5,4.0,23.9,27.0,20.8,94,81.0,1.2,3.5,7.8,0.9,0,0,1007.3,-6.5,-1.5,16.0,0.0,1.0,0.0,0.0,0.0966127018812031,-0.9953220513156602,曇,曇時々雨
2025-06-27,8.0,3.5,1.5,22.5,27.1,18.4,88,69.0,2.1,5.5,9.4,2.5,0,0,1004.6,-2.699999999999932,-1.3999999999999986,-6.0,0.0,1.0,0.0,0.0,0.07947729992362097,-0.9968366760893436,晴,晴一時曇
2025-06-28,0.0,0.0,0.0,22.2,27.7,17.4,83,53.0,1.6,4.1,6.4,11.6,0,0,1007.4,2.7999999999999545,-0.3000000000000007,-5.0,1.0,0.0,0.0,0.0,0.062318379354325076,-0.998056320853012,晴,晴後一時曇
2025-06-29,0.0,0.0,0.0,22.8,29.1,17.3,84,64.0,1.8,4.2,7.2,11.8,0,0,1009.6,2.2000000000000455,0.6000000000000014,1.0,1.0,0.0,0.0,0.0,0.04514101777397193,-0.9989806246941579,曇,曇一時雨
2025-06-30,0.0,0.0,0.0,25.3,31.0,21.0,77,50.0,1.4,3.5,6.7,1.0,0,0,1010.8,1.1999999999999318,2.5,-7.0,0.0,1.0,0.0,0.0,0.02795029824021032,-0.999609314096404,曇,曇一時晴後雨
2025-07-01,0.0,0.0,0.0,26.4,30.7,24.1,78,57.0,1.3,3.4,5.9,1.0,0,0,1012.1,1.3000000000000682,1.0999999999999979,1.0,0.0,1.0,0.0,0.0,0.01075130776352193,-0.9999422030204416,曇,曇一時雨後時々晴
2025-07-02,0.0,0.0,0.0,27.4,32.0,23.4,77,56.0,1.2,3.4,7.2,2.2,0,0,1012.9,0.7999999999999545,1.0,-1.0,0.0,1.0,0.0,0.0,-0.00645086419810515,-0.9999791929590823,晴,晴時々曇後雨
2025-07-03,0.0,0.0,0.0,28.6,34.9,22.7,72,48.0,1.6,3.8,8.6,10.9,0,0,1010.3,-2.6000000000000227,1.2000000000000028,-5.0,1.0,0.0,0.0,0.0,-0.023651127245231586,-0.9997202729664083,雨,雨時々曇
2025-07-04,8.0,3.0,1.5,26.2,29.4,22.7,85,70.0,1.5,4.0,7.0,0.0,0,0,1005.6,-4.699999999999932,-2.400000000000002,13.0,0.0,0.0,1.0,0.0,-0.04084439154329611,-0.9991655196610109,雨,雨後曇時々晴
2025-07-05,2.0,1.0,0.5,25.7,30.8,22.5,85,61.0,1.9,5.3,8.8,5.6,0,0,1002.8,-2.800000000000068,-0.5,0.0,0.0,0.0,1.0,0.0,-0.05802556932878035,-0.9983150972033183,曇,曇時々晴一時雨
2025-07-06,0.0,0.0,0.0,26.5,30.8,21.3,81,60.0,1.7,4.4,7.8,2.4,0,0,1002.2,-0.599999999999909,0.8000000000000007,-4.0,0.0,1.0,0.0,0.0,-0.07518957641475855,-0.9971692572470178,曇,曇一時晴
2025-07-07,0.0,0.0,0.0,26.9,32.4,24.4,87,65.0,1.7,4.6,7.3,1.5,0,0,1005.2,3.0,0.3999999999999986,6.0,0.0,1.0,0.0,0.0,-0.09233133369539123,-0.9957283388645872,晴,晴
2025-07-08,0.0,0.0,0.0,25.9,31.6,20.3,78,36.0,1.9,4.4,7.5,13.4,0,0,1009.4,4.199999999999932,-1.0,-9.0,1.0,0.0,0.0,0.0,-0.10944576864891556,-0.993992768446958,晴,晴
2025-07-09,0.0,0.0,0.0,24.8,31.9,17.9,72,48.0,1.8,4.1,6.8,13.9,0,0,1011.8,2.3999999999999773,-1.0999999999999979,-6.0,1.0,0.0,0.0,0.0,-0.12652781683868314,-0.9919630595773397,晴,晴
2025-07-10,0.0,0.0,0.0,23.3,29.8,18.2,71,44.0,2.3,4.6,9.0,13.4,0,0,1014.9,3.1000000000000227,-1.5,-1.0,1.0,0.0,0.0,0.0,-0.1435724234118113,-0.9896398128792412,晴,晴
2025-07-11,0.0,0.0,0.0,20.8,26.8,15.4,72,48.0,2.5,4.9,9.5,14.0,0,0,1017.0,2.1000000000000227,-2.5,1.0,1.0,0.0,0.0,0.0,-0.16057454459499376,-0.9870237158387383,晴,晴
2025-07-12,0.0,0.0,0.0,20.2,28.2,14.3,77,44.0,1.8,4.1,7.9,12.5,0,0,1012.4,-4.600000000000023,-0.6000000000000014,5.0,1.0,0.0,0.0,0.0,-0.17752914918703497,-0.984115542601034,晴,晴
2025-07-13,0.0,0.0,0.0,22.1,28.7,14.7,77,48.0,1.9,4.8,8.2,13.8,0,0,1006.6,-5.7999999999999545,1.9000000000000021,0.0,1.0,0.0,0.0,0.0,-0.19443122004766195,-0.9809161537413774,晴,晴一時雨後曇
2025-07-14,0.0,0.0,0.0,25.8,36.4,16.9,77,39.0,2.0,5.1,9.2,10.3,0,0,1000.8,-5.800000000000068,3.6999999999999993,0.0,1.0,0.0,0.0,0.0,-0.2112757555821793,-0.9774264960104055,雨,雨時々曇
2025-07-15,2.0,2.0,2.0,27.0,32.4,22.1,89,62.0,1.1,2.7,4.8,0.0,0,0,1003.2,2.400000000000091,1.1999999999999993,12.0,0.0,0.0,1.0,0.0,-0.2280577712215198,-0.9736476020539838,雨,雨後晴時々曇
2025-07-16,7.0,4.5,1.5,28.2,34.8,24.9,81,42.0,1.4,3.6,6.4,5.7,0,0,1010.2,7.0,1.1999999999999993,-8.0,0.0,0.0,1.0,0.0,-0.24477230089725957,-0.9695805901076308,晴,晴時々曇
2025-07-17,0.0,0.0,0.0,29.5,35.9,23.7,69,46.0,2.0,5.1,8.6,6.9,0,0,1013.5,3.2999999999999545,1.3000000000000007,-12.0,1.0,0.0,0.0,0.0,-0.2614143985111562,-0.965226663665613,曇,曇時々雨
2025-07-18,0.0,0.0,0.0,28.5,34.8,24.8,70,44.0,1.6,4.6,10.3,1.8,0,0,1014.5,1.0,-1.0,1.0,0.0,1.0,0.0,0.0,-0.2779791393987801,-0.9605871111248129,曇,曇時々晴
2025-07-19,0.0,0.0,0.0,27.9,33.4,22.6,70,52.0,1.7,4.0,6.7,4.2,0,0,1015.0,0.5,-0.6000000000000014,0.0,0.0,1.0,0.0,0.0,-0.2944616217868012,-0.9556633054034704,晴,晴時々曇
2025-07-20,0.0,0.0,0.0,28.4,34.7,21.5,67,43.0,2.1,4.8,9.5,12.4,0,0,1014.8,-0.20000000000004547,0.5,-3.0,1.0,0.0,0.0,0.0,-0.3108569682435036,-0.9504567035349151,晴,晴後曇一時雨
2025-07-21,0.0,0.0,0.0,28.9,33.3,24.3,69,51.0,1.5,4.1,8.2,2.9,0,0,1014.3,-0.5,0.5,2.0,1.0,0.0,0.0,0.0,-0.3271603271220951,-0.9449688462364056,曇,曇時々晴
2025-07-22,0.0,0.0,0.0,29.3,33.5,23.7,68,51.0,2.7,5.0,10.4,10.3,0,0,1012.9,-1.3999999999999773,0.40000000000000213,-1.0,0.0,1.0,0.0,0.0,-0.34336687399638804,-0.939201357453208,曇,曇一時雨後晴
2025-07-23,0.0,0.0,0.0,29.4,34.5,24.4,68,48.0,2.3,4.8,9.6,9.3,0,0,1011.8,-1.1000000000000227,0.09999999999999787,0.0,0.0,1.0,0.0,0.0,-0.3594718130884232,-0.9331559438780432,晴,晴一時曇
2025-07-24,0.0,0.0,0.0,28.7,35.0,23.1,69,45.0,1.9,4.2,9.3,11.4,0,0,1011.1,-0.6999999999999318,-0.6999999999999993,1.0,1.0,0.0,0.0,0.0,-0.3754703786876202,-0.9268343944460494,晴,晴
2025-07-25,0.0,0.0,0.0,26.8,33.6,21.0,72,42.0,2.1,5.9,9.9,12.7,0,0,1011.9,0.7999999999999545,-1.8999999999999986,3.0,1.0,0.0,0.0,0.0,-0.3913578365610259,-0.9202385798054075,曇,曇時々雨
2025-07-26,0.0,0.0,0.0,26.9,33.0,21.3,68,48.0,1.4,3.3,6.1,2.4,0,0,1010.5,-1.3999999999999773,0.09999999999999787,-4.0,0.0,1.0,0.0,0.0,-0.4071294853542516,-0.9133704517637858,曇,曇一時雨
2025-07-27,0.0,0.0,0.0,28.4,34.4,24.1,70,50.0,1.8,4.9,9.3,0.3,0,0,1006.2,-4.2999999999999545,1.5,2.0,0.0,1.0,0.0,0.0,-0.4227806579826773,-0.9062320427107697,曇,曇一時雨後晴
2025-07-28,0.0,0.0,0.0,29.1,35.8,24.1,66,39.0,2.1,4.7,9.1,8.6,0,0,1004.0,-2.2000000000000455,0.7000000000000028,-4.0,0.0,1.0,0.0,0.0,-0.4383067230125192,-0.898825465016444,晴,晴時々曇
2025-07-29,0.0,0.0,0.0,28.0,35.2,22.3,78,48.0,2.0,5.6,9.8,11.2,0,0,1003.6,-0.39999999999997726,-1.1000000000000014,12.0,1.0,0.0,0.0,0.0,-0.45370308603134424,-0.8911529104063088,晴,晴
2025-07-30,0.0,0.0,0.0,27.2,33.7,22.7,83,60.0,1.8,4.3,7.2,13.3,0,0,1005.0,1.3999999999999773,-0.8000000000000007,5.0,1.0,0.0,0.0,0.0,-0.46896519100763184,-0.8832166493127127,晴,晴時々曇
2025-07-31,0.0,0.0,0.0,27.5,34.0,23.6,82,61.0,1.6,3.6,6.5,8.9,0,0,1005.9,0.8999999999999773,0.3000000000000007,-1.0,1.0,0.0,0.0,0.0,-0.48408852163897587,-0.8750190302029955,晴,晴
2025-08-01,0.0,0.0,0.0,26.9,34.4,22.0,81,50.0,1.8,4.8,7.8,10.8,0,0,1004.6,-1.2999999999999545,-0.6000000000000014,-1.0,1.0,0.0,0.0,0.0,-0.4990686026885319,-0.8665624788845385,晴,晴時々曇
2025-08-02,0.0,0.0,0.0,28.4,34.9,22.8,81,54.0,1.9,5.1,8.8,12.0,0,0,1001.5,-3.1000000000000227,1.5,0.0,1.0,0.0,0.0,0.0,-0.5139010013093103,-0.8578494977869301,晴,晴一時曇
2025-08-03,0.0,0.0,0.0,28.1,33.6,24.0,77,52.0,2.0,5.0,8.8,12.1,0,0,1003.7,2.2000000000000455,-0.29999999999999716,-4.0,1.0,0.0,0.0,0.0,-0.5285813283559292,-0.8488826652214553,曇,曇時々晴
2025-08-04,0.0,0.0,0.0,27.8,34.6,22.0,78,52.0,1.7,5.2,9.0,5.6,0,0,1004.7,1.0,-0.3000000000000007,1.0,0.0,1.0,0.0,0.0,-0.5431052396834317,-0.8396646346181327,雨,雨後時々曇、雷を伴う
2025-08-05,43.0,23.0,7.0,25.2,29.5,21.4,90,70.0,1.4,5.2,11.2,1.5,0,0,1003.0,-1.7000000000000455,-2.6000000000000014,12.0,0.0,0.0,1.0,0.0,-0.5574684374327892,-0.8301981337405212,雨,雨時々曇
2025-08-06,8.5,4.0,2.5,25.1,29.0,22.4,89,66.0,1.2,3.8,6.2,0.5,0,0,1001.6,-1.3999999999999773,-0.09999999999999787,-1.0,0.0,0.0,1.0,0.0,-0.5716666713027052,-0.8204859638785327,雨,雨時々曇、雷を伴う
2025-08-07,13.5,9.0,3.0,23.9,27.5,21.9,96,77.0,1.3,4.0,7.5,1.5,0,0,995.8,-5.800000000000068,-1.2000000000000028,7.0,0.0,0.0,1.0,0.0,-0.5856957398073508,-0.8105309990194823,雨,雨時々曇一時晴、雷を伴う
2025-08-08,2.5,1.0,0.5,23.2,29.1,20.0,87,62.0,1.7,5.7,10.2,4.3,0,0,1000.5,4.7000000000000455,-0.6999999999999993,-9.0,0.0,0.0,1.0,0.0,-0.5995514915196489,-0.8003361849976323,晴,晴後雨時々曇
2025-08-09,0.0,0.0,0.0,24.4,30.6,18.9,79,54.0,1.6,4.5,7.5,8.5,0,0,1006.4,5.899999999999977,1.1999999999999993,-8.0,1.0,0.0,0.0,0.0,-0.6132298262997502,-0.7899045386224707,曇,曇時々晴
2025-08-10,0.0,0.0,0.0,25.0,30.3,20.3,82,56.0,1.3,4.1,7.5,5.7,0,0,1004.4,-2.0,0.6000000000000014,3.0,0.0,1.0,0.0,0.0,-0.6267266965083301,-0.7792391467859886,晴,晴後曇一時雨
2025-08-11,3.0,3.0,2.5,26.1,32.4,22.4,86,61.0,1.5,4.9,8.1,4.9,0,0,1004.6,0.20000000000004547,1.1000000000000014,4.0,1.0,0.0,0.0,0.0,-0.6400381082043503,-0.7683431655492202,曇,曇後一時晴
2025-08-12,0.0,0.0,0.0,26.4,31.8,21.8,75,42.0,1.6,4.2,7.5,5.6,0,0,1010.3,5.699999999999932,0.29999999999999716,-11.0,0.0,1.0,0.0,0.0,-0.65316012232693,-0.7572198192083127,晴,晴
2025-08-13,0.0,0.0,0.0,24.8,30.3,19.5,74,41.0,2.2,4.7,7.5,13.0,0,0,1017.3,7.0,-1.5999999999999979,-1.0,1.0,0.0,0.0,0.0,-0.666088855860977,-0.7458723993404063,曇,曇時々晴
2025-08-14,0.5,0.5,0.5,25.6,30.7,19.7,74,47.0,1.5,3.1,5.4,5.6,0,0,1015.4,-1.8999999999999773,0.8000000000000007,0.0,0.0,1.0,0.0,0.0,-0.6788204829862357,-0.734304263829602,晴,晴時々雨一時曇
2025-08-15,4.5,5.0,1.5,25.1,29.8,19.4,77,36.0,2.1,5.5,9.2,11.1,0,0,1012.9,-2.5,-0.5,3.0,1.0,0.0,0.0,0.0,-0.6913512362094071,-0.722518835873311,晴,晴後一時曇
2025-08-16,0.0,0.0,0.0,24.5,32.2,16.9,66,31.0,1.8,5.0,7.9,11.4,0,0,1014.2,1.3000000000000682,-0.6000000000000014,-11.0,1.0,0.0,0.0,0.0,-0.7036774074790128,-0.7105196029692745,晴,晴後大雨時々曇、雷を伴う
2025-08-17,17.5,15.5,6.0,25.2,33.4,19.3,78,39.0,2.2,6.0,11.8,6.3,0,0,1010.4,-3.800000000000068,0.6999999999999993,12.0,1.0,0.0,0.0,0.0,-0.7157953492826642,-0.6983101158835584,晴,晴時々曇
2025-08-18,0.0,0.0,0.0,24.6,29.8,19.8,80,49.0,1.9,4.4,8.0,11.4,0,0,1014.4,4.0,-0.5999999999999979,2.0,1.0,0.0,0.0,0.0,-0.7277014757264236,-0.6858939875998223,曇,曇後晴一時雨
2025-08-19,0.0,0.0,0.0,26.1,31.7,20.0,80,62.0,1.9,5.2,8.7,5.6,0,0,1009.2,-5.199999999999932,1.5,0.0,0.0,1.0,0.0,0.0,-0.7393922635959241,-0.673274892250183,雨,雨時々曇、雷を伴う
2025-08-20,35.0,11.0,8.0,24.7,30.8,21.1,94,67.0,1.4,4.4,8.2,0.3,0,0,1007.3,-1.900000000000091,-1.4000000000000021,14.0,0.0,0.0,1.0,0.0,-0.7508642533989489,-0.6604565640279754,晴,晴時々曇
2025-08-21,0.0,1.0,0.0,25.0,30.9,19.3,78,50.0,1.8,4.4,8.9,12.0,0,0,1009.2,1.900000000000091,0.3000000000000007,-16.0,1.0,0.0,0.0,0.0,-0.7621140503891487,-0.6474427960827475,曇,曇時々晴
2025-08-22,0.0,0.0,0.0,24.1,30.5,17.7,77,53.0,1.3,2.6,4.7,6.7,0,0,1011.0,1.7999999999999545,-0.8999999999999986,-1.0,0.0,1.0,0.0,0.0,-0.7731383255706027,-0.6342374393978054,曇,曇時々晴
2025-08-23,20.5,17.0,5.5,27.9,33.3,22.3,78,55.0,2.2,6.3,10.4,6.6,0,0,1008.3,-2.7000000000000455,3.799999999999997,1.0,0.0,1.0,0.0,0.0,-0.7839338166829201,-0.620844401650647,晴,晴
2025-08-24,0.0,0.0,0.0,26.3,31.7,21.6,81,45.0,1.4,4.0,6.5,11.5,0,0,1012.9,4.600000000000023,-1.5999999999999979,3.0,1.0,0.0,0.0,0.0,-0.7944973291665992,-0.6072676460566135,晴,晴後一時曇
2025-08-25,0.0,0.0,0.0,25.9,32.4,20.1,83,63.0,1.5,3.9,6.3,10.3,0,0,1013.9,1.0,-0.40000000000000213,2.0,1.0,0.0,0.0,0.0,-0.8048257371083452,-0.593511190196115,曇,曇時々晴後雨、雷を伴う
2025-08-26,1.0,1.0,1.0,27.8,34.8,22.6,82,52.0,1.8,4.8,8.5,6.7,0,0,1009.2,-4.699999999999932,1.9000000000000021,-1.0,0.0,1.0,0.0,0.0,-0.8149159841660791,-0.5795791048257612,曇,曇後雨時々晴、雷を伴う
2025-08-27,18.0,10.0,7.0,25.5,30.7,21.6,83,52.0,1.9,5.3,11.0,6.9,0,0,1006.3,-2.900000000000091,-2.3000000000000007,1.0,0.0,1.0,0.0,0.0,-0.8247650844733614,-0.5654755126737576,曇,曇時々晴
2025-08-28,0.0,0.0,0.0,23.5,28.7,19.2,79,53.0,1.6,3.8,6.4,9.0,0,0,1014.3,8.0,-2.0,-4.0,0.0,1.0,0.0,0.0,-0.8343701235229537,-0.5512045872199277,雨,雨時々曇
2025-08-29,6.0,4.5,2.5,22.1,25.2,20.1,89,72.0,1.1,2.2,4.3,0.0,0,0,1013.7,-0.599999999999909,-1.3999999999999986,10.0,0.0,0.0,1.0,0.0,-0.8437282590292712,-0.5367705514607103,晴,晴後曇一時雨
2025-08-30,7.5,6.5,5.0,25.0,31.4,21.0,85,60.0,2.1,5.4,10.1,10.8,0,0,1011.8,-1.900000000000091,2.8999999999999986,-4.0,1.0,0.0,0.0,0.0,-0.8528367217694595,-0.522177676659508,曇,曇一時雨後晴
2025-08-31,0.0,0.0,0.0,24.6,30.0,20.1,81,59.0,1.6,4.1,6.2,9.6,0,0,1013.8,2.0,-0.3999999999999986,-4.0,0.0,1.0,0.0,0.0,-0.8616928164028521,-0.5074302810827518,曇,曇後一時雨
2025-09-01,7.0,2.5,1.0,25.9,32.0,21.0,88,60.0,1.3,3.8,7.4,0.6,0,0,1008.7,-5.099999999999909,1.2999999999999972,7.0,0.0,1.0,0.0,0.0,-0.8702939222685674,-0.49253272872205434,雨,雨時々曇、雷を伴う
2025-09-02,40.5,13.5,11.0,24.2,26.5,22.3,99,85.0,1.2,3.2,5.9,0.0,0,0,1005.9,-2.800000000000068,-1.6999999999999993,11.0,0.0,0.0,1.0,0.0,-0.8786374941610001,-0.4774894280028391,晴,晴一時雨後曇
2025-09-03,0.0,0.0,0.0,24.3,28.8,18.9,79,56.0,2.1,5.0,8.8,10.5,0,0,1011.6,5.7000000000000455,0.10000000000000142,-20.0,1.0,0.0,0.0,0.0,-0.886721063082993,-0.46230483047981086,曇,曇時々晴
2025-09-04,0.0,0.0,0.0,23.1,29.7,16.8,77,45.0,1.5,3.3,5.9,8.0,0,0,1014.8,3.199999999999932,-1.1999999999999993,-2.0,0.0,1.0,0.0,0.0,-0.8945422369764496,-0.4469834295196742,曇,曇一時雨後晴、雷を伴う
2025-09-05,1.5,1.5,0.5,23.7,30.4,20.7,91,64.0,1.4,4.5,6.7,4.1,0,0,1008.8,-6.0,0.5999999999999979,14.0,0.0,1.0,0.0,0.0,-0.9020987014301837,-0.4315297589714715,晴,晴
2025-09-06,0.0,0.0,0.0,23.7,29.2,19.3,84,60.0,1.7,4.0,6.7,10.5,0,0,1009.3,0.5,0.0,-7.0,1.0,0.0,0.0,0.0,-0.9093882203647925,-0.4159483918249421,雨,雨時々曇
2025-09-07,1.0,0.5,0.5,23.8,28.5,19.2,89,71.0,1.8,4.9,10.1,0.0,0,0,1005.0,-4.2999999999999545,0.10000000000000142,5.0,0.0,0.0,1.0,0.0,-0.9164086366943458,-0.4002439388573056,晴,晴時々曇
2025-09-08,0.0,0.0,0.0,23.6,28.6,19.6,83,58.0,1.4,3.5,5.4,10.4,0,0,1009.9,4.899999999999977,-0.1999999999999993,-6.0,1.0,0.0,0.0,0.0,-0.9231578729647039,-0.38442104726885545,曇,曇後一時雨
2025-09-09,0.0,0.0,0.0,23.2,28.5,18.7,81,59.0,1.3,2.7,4.4,0.7,0,0,1012.4,2.5,-0.40000000000000213,-2.0,0.0,1.0,0.0,0.0,-0.9296339319682695,-0.3684843993077793,曇,曇後一時雨
2025-09-10,1.5,1.5,0.5,22.8,26.6,19.5,85,65.0,1.1,2.5,4.3,1.2,0,0,1014.9,2.5,-0.3999999999999986,4.0,0.0,1.0,0.0,0.0,-0.9358348973349941,-0.35243871088460327,曇,曇一時雨後晴
2025-09-11,6.5,4.0,2.0,22.4,27.3,18.9,89,63.0,1.3,3.2,5.4,7.0,0,0,1016.6,1.7000000000000455,-0.40000000000000213,4.0,0.0,1.0,0.0,0.0,-0.9417589340994617,-0.33628873017668287,晴,晴
2025-09-12,0.0,0.0,0.0,22.4,29.5,16.5,80,44.0,1.7,3.9,6.1,11.9,0,0,1018.8,2.199999999999932,0.0,-9.0,1.0,0.0,0.0,0.0,-0.9474042892438845,-0.32003923622313857,雨,雨時々曇
2025-09-13,12.0,3.0,2.0,22.1,27.7,18.3,92,73.0,2.2,8.5,18.6,0.1,0,0,1009.3,-9.5,-0.29999999999999716,12.0,0.0,0.0,1.0,0.0,-0.9527692922168511,-0.30369503751065885,曇,曇時々雨後晴
2025-09-14,3.5,3.5,1.5,22.7,26.8,17.9,79,55.0,2.6,5.4,11.2,7.3,0,0,1009.4,0.10000000000002274,0.5999999999999979,-13.0,0.0,1.0,0.0,0.0,-0.9578523554276669,-0.28726097055059635,晴,晴
2025-09-15,0.0,0.0,0.0,22.8,29.6,16.0,77,44.0,1.4,3.6,7.0,10.9,0,0,1014.5,5.100000000000023,0.10000000000000142,-2.0,1.0,0.0,0.0,0.0,-0.9626519747161487,-0.2707418984477642,晴,晴
2025-09-16,0.0,0.0,0.0,24.2,30.4,19.0,73,38.0,1.5,3.7,7.3,11.1,0,0,1013.1,-1.3999999999999773,1.3999999999999986,-4.0,1.0,0.0,0.0,0.0,-0.9671667297977312,-0.2541427094613622,雨,雨後曇時々晴
2025-09-17,9.0,5.5,1.5,23.3,28.9,19.5,86,64.0,1.6,4.4,8.8,1.4,0,0,1007.7,-5.399999999999977,-0.8999999999999986,13.0,0.0,0.0,1.0,0.0,-0.97139528468375,-0.23746831555846842,雨,雨後晴一時曇
2025-09-18,10.0,3.5,1.0,18.6,23.7,14.7,83,57.0,1.7,5.3,9.8,2.9,0,0,1011.7,4.0,-4.699999999999999,-3.0,0.0,0.0,1.0,0.0,-0.9753363880767837,-0.2207236509605022,晴,晴
2025-09-19,0.0,0.0,0.0,17.7,23.9,13.4,72,30.0,1.6,3.2,5.1,11.3,0,0,1019.6,7.899999999999977,-0.9000000000000021,-11.0,1.0,0.0,0.0,0.0,-0.9789888737409319,-0.20391367068311472,雨,雨時々曇
2025-09-20,35.0,8.5,2.5,17.6,24.7,13.7,90,71.0,1.9,8.8,18.2,0.2,0,0,1009.9,-9.700000000000045,-0.09999999999999787,18.0,0.0,0.0,1.0,0.0,-0.9823516608469237,-0.18704334906991657,晴,晴一時雨
2025-09-21,1.5,1.0,1.0,18.8,23.2,14.6,79,56.0,2.6,6.2,12.9,3.2,0,0,1009.8,-0.10000000000002274,1.1999999999999993,-11.0,1.0,0.0,0.0,0.0,-0.9854237542919524,-0.17011767832049052,晴,晴
2025-09-22,0.0,0.0,0.0,17.6,24.0,12.9,73,37.0,1.7,3.9,7.2,11.0,0,0,1021.8,12.0,-1.1999999999999993,-6.0,1.0,0.0,0.0,0.0,-0.9882042449941422,-0.15314166701312007,晴,晴一時曇
2025-09-23,0.0,0.0,0.0,18.0,26.0,12.6,74,35.0,1.6,3.6,6.5,10.3,0,0,1023.4,1.6000000000000227,0.3999999999999986,1.0,1.0,0.0,0.0,0.0,-0.9906923101615609,-0.13612033862266704,晴,晴後一時曇
2025-09-24,0.0,0.0,0.0,19.4,27.2,12.4,71,33.0,1.7,3.4,6.6,9.7,0,0,1021.5,-1.8999999999999773,1.3999999999999986,-3.0,1.0,0.0,0.0,0.0,-0.9928872135356962,-0.11905873003404988,雨,雨時々曇
2025-09-25,11.5,3.5,2.0,20.1,25.2,16.1,91,75.0,1.4,3.8,6.8,0.0,0,0,1013.9,-7.600000000000023,0.7000000000000028,20.0,0.0,0.0,1.0,0.0,-0.994788305609327,-0.10196189005174576,晴,晴時々雨一時曇
2025-09-26,0.0,0.0,0.0,20.0,26.5,15.1,75,41.0,2.3,5.6,11.7,11.0,0,0,1014.2,0.3000000000000682,-0.10000000000000142,-16.0,1.0,0.0,0.0,0.0,-0.9963950238187231,-0.08483487790576538,晴,晴一時雨
2025-09-27,0.0,0.0,0.0,19.1,24.9,14.7,76,51.0,2.2,4.9,9.2,8.4,0,0,1016.1,1.8999999999999773,-0.8999999999999986,1.0,1.0,0.0,0.0,0.0,-0.9977068927101168,-0.06768276175455162,曇,曇時々晴
2025-09-28,0.0,0.0,0.0,19.3,26.1,13.1,75,42.0,1.6,3.2,6.9,8.6,0,0,1013.3,-2.800000000000068,0.1999999999999993,-1.0,0.0,1.0,0.0,0.0,-0.9987235240803972,-0.050510617185222886,雨,雨後曇時々晴、雷を伴う
2025-09-29,19.5,8.0,2.0,17.5,21.7,14.9,90,71.0,1.3,2.7,6.6,1.5,0,0,1005.3,-8.0,-1.8000000000000007,15.0,0.0,0.0,1.0,0.0,-0.9994446170919858,-0.033323525711631344,晴,晴一時雨
2025-09-30,0.0,0.0,0.0,19.2,25.6,13.9,83,55.0,1.6,4.1,7.1,9.4,0,0,1011.9,6.600000000000023,1.6999999999999993,-7.0,1.0,0.0,0.0,0.0,-0.9998699583618592,-0.016126573270657762,曇,曇、雷を伴う
2025-10-01,0.0,0.0,0.0,18.9,23.8,14.8,86,62.0,1.1,2.1,4.2,0.0,0,0,1012.9,1.0,-0.3000000000000007,3.0,0.0,1.0,0.0,0.0,-0.9999994220246925,0.001075151282798226,晴,晴時々雨一時曇、雷を伴う
2025-10-02,0.5,0.5,0.5,19.8,25.9,15.8,81,43.0,1.6,3.6,8.3,8.7,0,0,1015.5,2.6000000000000227,0.9000000000000021,-5.0,1.0,0.0,0.0,0.0,-0.999832969770105,0.018276557681691223,晴,晴
2025-10-03,0.0,0.0,0.0,19.6,26.4,14.9,78,45.0,1.7,3.7,6.1,11.0,0,0,1022.1,6.600000000000023,-0.1999999999999993,-3.0,1.0,0.0,0.0,0.0,-0.9993706508539969,0.03547255575312556,晴,晴
2025-10-04,0.0,0.0,0.0,20.0,28.7,12.8,69,27.0,1.7,4.0,7.4,11.0,0,0,1019.0,-3.1000000000000227,0.3999999999999986,-9.0,1.0,0.0,0.0,0.0,-0.9986126020839734,0.052658056924614005,雨,雨時々曇
2025-10-05,16.5,9.0,4.5,20.4,25.7,17.8,90,68.0,1.3,4.5,7.5,0.0,0,0,1012.4,-6.600000000000023,0.3999999999999986,21.0,0.0,0.0,1.0,0.0,-0.9975590477788613,0.06982797572987089,曇,曇時々晴
2025-10-06,0.5,0.5,0.5,17.7,21.4,14.1,80,47.0,1.6,3.8,7.7,2.9,0,0,1016.7,4.300000000000068,-2.6999999999999993,-10.0,0.0,1.0,0.0,0.0,-0.9962102997023297,0.0869772313136861,晴,晴時々曇
2025-10-07,0.0,0.0,0.0,18.0,24.2,12.3,71,39.0,1.4,4.3,8.3,9.2,0,0,1020.3,3.599999999999909,0.3000000000000007,-9.0,1.0,0.0,0.0,0.0,-0.9945667569706337,0.1041007489354256,雨,雨後晴時々曇
2025-10-08,0.0,0.0,0.0,18.7,24.2,14.8,72,45.0,1.9,4.6,9.9,6.6,0,0,1014.1,-6.199999999999932,0.6999999999999993,1.0,0.0,0.0,1.0,0.0,-0.9926289059345095,0.12119346147073601,晴,晴時々曇
2025-10-09,0.0,0.0,0.0,14.2,19.2,9.9,67,35.0,1.6,3.7,6.5,7.3,0,0,1019.9,5.7999999999999545,-4.5,-5.0,1.0,0.0,0.0,0.0,-0.9903973200352558,0.13825031091098192,曇,曇一時雨
2025-10-10,0.0,0.0,0.0,12.6,16.9,7.9,76,42.0,1.2,2.7,4.6,1.0,0,0,1021.7,1.8000000000000682,-1.5999999999999996,9.0,0.0,1.0,0.0,0.0,-0.9878726596350429,0.15526624985999563,曇,曇
2025-10-11,0.0,0.0,0.0,12.1,15.8,8.4,72,39.0,1.5,3.2,6.0,0.0,0,0,1020.9,-0.8000000000000682,-0.5,-4.0,0.0,1.0,0.0,0.0,-0.9850556718215013,0.172236243027682,曇,曇時々雨
2025-10-12,0.5,0.5,0.5,14.3,16.6,11.8,93,75.0,1.1,2.3,5.2,,0,0,1012.2,-8.699999999999932,2.200000000000001,21.0,0.0,1.0,0.0,0.0,-0.981947190186646,0.18915526872004093,曇,曇後時々晴
2025-10-13,0.0,0.0,0.0,15.8,20.9,10.6,84,46.0,1.2,3.2,5.8,3.4,0,0,1015.7,3.5,1.5,-9.0,0.0,1.0,0.0,0.0,-0.9785481345802031,0.20601832032517084,曇,曇時々晴
2025-10-14,0.0,0.0,0.0,14.2,20.6,9.5,82,47.0,1.4,2.9,5.4,6.0,0,0,1020.6,4.899999999999977,-1.6000000000000014,-2.0,0.0,1.0,0.0,0.0,-0.9748595108374125,0.22282040779479959,晴,晴
2025-10-15,0.0,0.0,0.0,14.2,20.8,9.3,84,54.0,1.7,5.6,8.8,10.1,0,0,1023.6,3.0,0.0,2.0,1.0,0.0,0.0,0.0,-0.9708824104813836,0.2395565591209271,雨,雨時々曇
2025-10-16,1.0,1.0,0.5,13.3,16.8,10.3,93,68.0,1.2,2.9,5.9,0.0,0,0,1020.2,-3.3999999999999773,-0.8999999999999986,9.0,0.0,0.0,1.0,0.0,-0.9666180104000972,0.2562218218071163,晴,晴一時雨後時々曇
2025-10-17,0.0,0.0,0.0,15.3,20.3,11.0,87,62.0,1.5,3.8,7.5,7.5,0,0,1022.8,2.599999999999909,2.0,-6.0,1.0,0.0,0.0,0.0,-0.9620675724981452,0.27281126433401914,雨,雨時々曇
2025-10-18,26.5,6.0,2.0,14.2,20.1,10.4,95,64.0,1.5,5.0,9.6,0.1,0,0,1015.4,-7.399999999999977,-1.1000000000000014,8.0,0.0,0.0,1.0,0.0,-0.957232443323312,0.2893199776186952,曇,曇一時雨後一時晴
2025-10-19,0.0,0.5,0.0,10.9,15.0,6.8,68,43.0,2.0,4.2,8.1,4.5,0,0,1022.4,7.0,-3.299999999999999,-27.0,0.0,1.0,0.0,0.0,-0.9521140536681102,0.3057430764672831,雨,雨後曇
2025-10-20,4.0,2.0,1.0,8.4,11.2,6.9,84,52.0,1.6,4.2,7.9,0.0,0,0,1022.8,0.39999999999997726,-2.5,16.0,0.0,0.0,1.0,0.0,-0.9467139181463862,0.3220757010206104,雨,雨時々曇
2025-10-21,4.0,1.5,1.0,8.0,10.5,5.7,85,58.0,1.4,3.3,7.6,1.5,0,0,1027.5,4.7000000000000455,-0.40000000000000036,1.0,0.0,0.0,1.0,0.0,-0.9410336347451197,0.3383130181923075,曇,曇時々雨
2025-10-22,2.0,0.5,0.5,7.8,10.8,5.3,91,71.0,1.1,2.3,4.6,0.7,0,0,1030.2,2.7000000000000455,-0.20000000000000018,6.0,0.0,1.0,0.0,0.0,-0.9350748843515574,0.3544502230989869,曇,曇時々晴一時雨
2025-10-23,0.0,0.0,0.0,8.1,13.7,4.8,79,46.0,1.5,3.0,5.1,5.5,0,0,1030.1,-0.10000000000013642,0.2999999999999998,-12.0,0.0,1.0,0.0,0.0,-0.9288394302558068,0.3704825404820963,曇,曇一時雨後晴
2025-10-24,0.0,0.0,0.0,8.3,13.0,3.9,74,39.0,1.4,4.9,8.4,6.9,0,0,1029.5,-0.599999999999909,0.20000000000000107,-5.0,0.0,1.0,0.0,0.0,-0.9223291176290545,0.3864052261209853,晴,晴時々曇
2025-10-25,0.0,0.0,0.0,8.4,16.3,2.1,71,30.0,1.5,3.1,5.3,8.0,0,0,1025.9,-3.599999999999909,0.09999999999999964,-3.0,1.0,0.0,0.0,0.0,-0.9155458729775467,0.40221356823680365,曇,曇時々晴後雨
2025-10-26,1.5,1.0,0.5,11.7,17.3,5.3,91,71.0,1.1,2.8,5.3,1.7,0,0,1013.3,-12.600000000000136,3.299999999999999,20.0,0.0,1.0,0.0,0.0,-0.9084917035725082,0.41790288888678667,雨,雨時々曇一時晴
2025-10-27,2.5,0.5,0.5,12.1,18.2,6.1,73,38.0,2.5,5.8,12.3,4.3,0,0,1005.8,-7.5,0.40000000000000036,-18.0,0.0,0.0,1.0,0.0,-0.9011686968561569,0.4334685453485363,雨,雨時々曇、雷を伴う
2025-10-28,11.0,1.5,1.0,6.2,9.9,3.1,82,45.0,3.0,7.5,16.3,0.7,0,0,1016.5,10.700000000000045,-5.8999999999999995,9.0,0.0,0.0,1.0,0.0,-0.8935790198239952,0.4489059314938798,晴,晴一時雨
2025-10-29,0.0,1.5,0.0,6.8,12.6,2.6,74,38.0,2.3,4.2,8.5,5.4,0,0,1028.3,11.799999999999955,0.5999999999999996,-8.0,1.0,0.0,0.0,0.0,-0.8857249183835637,0.4642104791518923,晴,晴
2025-10-30,0.0,0.0,0.0,7.3,15.8,0.9,75,31.0,1.3,2.2,5.0,9.9,0,0,1028.3,0.0,0.5,1.0,1.0,0.0,0.0,0.0,-0.8776087166898392,0.4793776594606945,曇,曇
2025-10-31,2.5,1.5,1.0,9.4,15.2,2.9,85,57.0,1.2,2.5,4.5,0.7,0,0,1021.0,-7.2999999999999545,2.1000000000000005,10.0,0.0,1.0,0.0,0.0,-0.8692328164574792,0.4944029842076182,雨,雨後時々晴、大風を伴う
2025-11-01,57.5,11.0,2.5,11.6,13.7,9.7,95,72.0,2.8,6.7,13.6,0.0,0,0,999.6,-21.399999999999977,2.1999999999999993,10.0,0.0,0.0,1.0,0.0,-0.8605996962501181,0.5092820071573356,晴,晴時々曇後雨
2025-11-02,13.0,6.0,3.0,10.8,15.7,7.1,82,45.0,2.0,4.5,9.3,3.9,0,0,1007.8,8.199999999999932,-0.7999999999999989,-13.0,1.0,0.0,0.0,0.0,-0.8517119107469189,0.5240103253675756,雨,雨後曇時々晴
2025-11-03,8.0,4.0,1.5,8.2,13.1,4.2,87,48.0,1.8,4.5,8.2,2.5,0,0,1018.9,11.100000000000023,-2.6000000000000014,5.0,0.0,0.0,1.0,0.0,-0.8425720899866032,0.5385835804920232,晴,晴後一時曇
2025-11-04,0.0,0.0,0.0,7.1,14.5,1.4,81,42.0,1.5,2.9,5.7,9.0,0,0,1027.3,8.399999999999977,-1.0999999999999996,-6.0,1.0,0.0,0.0,0.0,-0.8331829385891785,0.5529974600700271,曇,曇時々晴
2025-11-05,0.0,0.0,0.0,11.7,18.7,3.9,74,43.0,1.7,4.3,8.3,7.3,0,0,1024.9,-2.3999999999998636,4.6,-7.0,0.0,1.0,0.0,0.0,-0.8235472349556007,0.5672476988027229,晴,晴後一時曇
2025-11-06,0.0,0.0,0.0,11.9,18.0,6.5,78,43.0,1.6,3.8,7.4,6.9,0,0,1019.8,-5.100000000000136,0.20000000000000107,4.0,1.0,0.0,0.0,0.0,-0.8136678304455991,0.5813300798152042,曇,曇時々雨
2025-11-07,5.0,2.5,1.5,8.3,12.2,3.3,67,43.0,3.4,8.2,14.3,0.4,0,0,1019.5,-0.2999999999999545,-3.5999999999999996,-11.0,0.0,1.0,0.0,0.0,-0.8035476485339116,0.5952404359043674,曇,曇後一時晴
2025-11-08,2.0,1.5,0.5,4.9,8.8,2.8,83,50.0,1.2,3.8,6.8,1.8,0,0,1027.4,7.900000000000091,-3.4000000000000004,16.0,0.0,1.0,0.0,0.0,-0.7931896839451843,0.6089746507720486,曇,曇後時々雨
2025-11-09,0.5,0.5,0.5,7.4,11.3,3.0,91,67.0,0.9,1.8,3.2,0.2,0,0,1012.5,-14.900000000000091,2.5,8.0,0.0,1.0,0.0,0.0,-0.7825970017677834,0.6225286602431057,雨,雨時々曇、雷を伴う
2025-11-10,10.0,3.0,1.5,5.9,9.6,3.2,88,70.0,2.3,5.2,13.4,0.8,0,0,1004.7,-7.7999999999999545,-1.5,-3.0,0.0,0.0,1.0,0.0,-0.7717727365467837,0.6358984534680745,曇,曇時々雨
2025-11-11,6.0,1.5,0.5,4.7,6.8,3.2,84,55.0,2.2,5.0,10.2,0.0,0,0,1014.6,9.899999999999977,-1.2000000000000002,-4.0,0.0,1.0,0.0,0.0,-0.7607200913564104,0.6490800741100398,晴,晴時々曇
2025-11-12,0.0,0.0,0.0,6.3,12.0,2.2,70,37.0,1.9,4.2,7.7,7.7,0,0,1021.6,7.0,1.5999999999999996,-14.0,1.0,0.0,0.0,0.0,-0.7494423368521953,0.6620696215153815,雨,雨後晴時々曇、雷を伴う
2025-11-13,2.5,1.5,1.0,8.8,14.7,1.5,75,49.0,2.1,5.3,10.5,3.5,0,0,1011.9,-9.700000000000045,2.500000000000001,5.0,0.0,0.0,1.0,0.0,-0.7379428103031386,0.6748632518680403,曇,曇
2025-11-14,0.0,0.0,0.0,7.0,10.2,4.0,64,44.0,2.0,4.3,9.0,0.5,0,0,1016.4,4.5,-1.8000000000000007,-11.0,0.0,1.0,0.0,0.0,-0.7262249146041543,0.6874571793269664,曇,曇後雨時々晴
2025-11-15,0.0,0.0,0.0,5.0,10.8,0.2,70,39.0,1.7,4.2,7.1,3.4,0,0,1024.6,8.199999999999932,-2.0,6.0,0.0,1.0,0.0,0.0,-0.7142921172691032,0.699847677146407,晴,晴
2025-11-16,0.0,0.0,0.0,5.9,14.3,-0.1,75,37.0,1.4,3.0,7.1,9.3,0,0,1026.7,2.1000000000001364,0.9000000000000004,5.0,1.0,0.0,0.0,0.0,-0.7021479494046978,0.712031078778713,雨,雨後時々曇、雷を伴う
2025-11-17,18.5,7.5,4.5,7.3,14.2,1.3,72,44.0,4.0,8.1,17.2,0.0,0,0,1011.3,-15.400000000000091,1.3999999999999995,-3.0,0.0,0.0,1.0,0.0,-0.6897960046655887,0.7240037789593305,雪,みぞれ後雪時々曇
2025-11-18,14.0,2.5,1.0,0.2,2.9,-1.1,97,71.0,2.0,5.6,10.0,0.0,12,12,1012.0,0.7000000000000455,-7.1,25.0,0.0,0.0,0.0,1.0,-0.6772399381909491,0.7357622347736525,雪,みぞれ後曇一時雨
2025-11-19,0.5,0.5,0.5,2.5,4.6,-0.1,86,62.0,1.5,3.6,7.6,0.7,0,10,1018.8,6.7999999999999545,2.3,-11.0,0.0,0.0,0.0,1.0,-0.6644834655228552,0.7473029667054297,曇,曇後晴時々雨
2025-11-20,3.0,3.0,1.0,6.8,12.7,2.0,88,55.0,1.6,4.4,8.5,4.4,0,0,1017.7,-1.099999999999909,4.3,2.0,0.0,1.0,0.0,0.0,-0.6515303615068021,0.75862255966641,雨,雨時々曇一時晴
2025-11-21,5.5,2.0,0.5,6.4,9.6,2.3,72,43.0,2.6,6.3,11.4,1.9,0,0,1013.6,-4.100000000000023,-0.39999999999999947,-16.0,0.0,0.0,1.0,0.0,-0.6383844591746642,0.769717664006921,曇,曇一時雨
2025-11-22,1.0,0.5,0.5,4.7,9.4,1.6,72,37.0,2.2,5.6,10.7,5.1,0,0,1021.6,8.0,-1.7000000000000002,0.0,0.0,1.0,0.0,0.0,-0.6250496486104377,0.7805849965070866,雨,雨時々曇一時晴
2025-11-23,8.5,3.5,1.5,9.0,15.2,2.4,89,58.0,1.5,4.1,6.8,3.4,0,0,1020.6,-1.0,4.3,17.0,0.0,0.0,1.0,0.0,-0.6115298757991053,0.7912213413483807,曇,曇時々晴後雨
2025-11-24,2.0,1.0,0.5,9.5,15.5,6.2,92,49.0,1.2,3.8,6.8,2.2,0,0,1016.1,-4.5,0.5,3.0,0.0,1.0,0.0,0.0,-0.5978291414589552,0.801623551065242,曇,曇時々晴
2025-11-25,2.5,1.0,0.5,8.8,13.3,3.8,93,70.0,1.1,2.7,4.2,4.1,0,0,1011.4,-4.7000000000000455,-0.6999999999999993,1.0,0.0,1.0,0.0,0.0,-0.5839514998576998,0.8117885474764613,雨,雨後曇時々晴
2025-11-26,15.0,3.5,1.0,8.0,11.3,5.6,87,65.0,1.6,4.7,8.4,5.6,0,0,1017.7,6.300000000000068,-0.8000000000000007,-6.0,0.0,0.0,1.0,0.0,-0.5699010576127624,0.821713322596059,晴,晴後一時曇
2025-11-27,0.0,0.0,0.0,7.7,13.6,2.2,73,38.0,1.6,5.0,9.1,6.7,0,0,1017.3,-0.40000000000009095,-0.2999999999999998,-14.0,1.0,0.0,0.0,0.0,-0.5556819724760489,0.8313949395234058,雨,雨、雷を伴う
2025-11-28,16.5,4.0,2.0,7.4,11.8,3.1,85,54.0,2.3,4.7,10.7,1.0,0,0,1004.9,-12.399999999999977,-0.2999999999999998,12.0,0.0,0.0,1.0,0.0,-0.5412984521036173,0.8408305333122887,曇,曇時々雪一時みぞれ後晴
2025-11-29,0.0,0.0,0.0,3.7,8.3,0.5,63,41.0,2.3,4.8,10.2,5.5,0,0,1017.3,12.399999999999977,-3.7,-22.0,0.0,1.0,0.0,0.0,-0.5267547528105542,0.8500173118187018,雨,雨後曇時々晴
2025-11-30,5.0,2.5,1.0,6.8,11.3,-0.2,93,74.0,1.3,4.5,7.9,0.5,0,0,1015.1,-2.199999999999932,3.0999999999999996,30.0,0.0,0.0,1.0,0.0,-0.5120551783114646,0.8589525565270845,雨,雨時々曇、雷を伴う
2025-12-01,11.5,4.5,2.0,7.7,16.1,1.3,84,58.0,2.2,5.8,12.1,1.1,0,0,1012.7,-2.3999999999999773,0.9000000000000004,-9.0,0.0,0.0,1.0,0.0,-0.4972040784469378,0.8676336233547726,曇,曇時々晴一時雨
2025-12-02,3.0,1.5,1.0,5.6,10.9,-0.1,80,33.0,1.5,4.5,8.0,3.7,0,0,1013.9,1.1999999999999318,-2.1000000000000005,-4.0,0.0,1.0,0.0,0.0,-0.4822058478963526,0.8760579434344281,雨,雨時々みぞれ一時曇
2025-12-03,11.0,3.0,1.0,1.7,4.5,-2.2,92,74.0,2.2,6.4,11.9,0.0,8,8,1007.6,-6.2999999999999545,-3.8999999999999995,12.0,0.0,0.0,1.0,0.0,-0.46706492487743034,0.8842230238742036,雪,雪
2025-12-04,5.0,1.5,0.5,-2.1,0.4,-4.7,86,62.0,2.6,5.9,12.6,0.3,7,10,1009.2,1.6000000000000227,-3.8,-6.0,0.0,0.0,0.0,1.0,-0.451785789832884,0.8921264484954345,雪,雪時々曇、みぞれを伴う
2025-12-05,0.5,0.5,0.5,1.4,4.0,-1.0,64,46.0,2.4,5.5,11.1,2.8,0,8,1013.3,4.099999999999909,3.5,-22.0,0.0,0.0,0.0,1.0,-0.4363729641045924,0.8997658785476209,雨,雨時々曇一時みぞれ
2025-12-06,10.5,6.0,1.5,3.6,5.3,0.3,86,50.0,1.6,4.2,9.0,0.2,0,3,1018.3,5.0,2.2,22.0,0.0,0.0,1.0,0.0,-0.42083100859565564,0.9071390534005044,雨,雨時々曇一時晴
2025-12-07,8.5,2.0,1.0,5.0,8.9,1.6,98,82.0,1.2,3.4,6.6,2.5,0,0,1014.8,-3.5,1.4,12.0,0.0,0.0,1.0,0.0,-0.4051645224207563,0.9142437912130223,雨,雨時々曇一時晴
2025-12-08,8.5,1.5,1.0,2.8,8.1,0.1,93,62.0,2.0,6.6,13.5,0.6,0,0,1013.1,-1.6999999999999318,-2.2,-5.0,0.0,0.0,1.0,0.0,-0.3893781415452015,0.9210779895789526,雪,雪時々曇一時みぞれ
2025-12-09,0.0,0.0,0.0,1.7,5.0,-0.5,69,42.0,2.5,5.4,11.1,1.9,0,0,1020.0,6.899999999999977,-1.0999999999999999,-24.0,0.0,0.0,0.0,1.0,-0.37347653741307074,0.9276396261490467,曇,曇一時雪後晴、みぞれを伴う
2025-12-10,0.0,0.0,0.0,1.0,4.4,-3.2,66,34.0,1.9,5.0,9.1,6.6,0,0,1022.0,2.0,-0.7,-3.0,0.0,1.0,0.0,0.0,-0.3574644155648614,0.9339267592294762,雨,雨
2025-12-11,30.5,6.5,1.5,1.1,4.8,-3.2,96,77.0,2.2,5.5,10.9,0.0,6,6,1011.6,-10.399999999999977,0.10000000000000009,30.0,0.0,0.0,1.0,0.0,-0.34134651424503615,0.9399375283564133,雪,雪時々曇
2025-12-12,5.5,1.0,0.5,-3.6,-1.7,-4.9,79,50.0,3.2,5.9,12.7,0.8,4,8,1021.9,10.299999999999955,-4.7,-17.0,0.0,0.0,0.0,1.0,-0.3251276029999093,0.9456701548465688,曇,曇後雪時々晴
2025-12-13,0.0,0.5,0.0,-0.6,2.5,-3.3,73,48.0,2.1,5.7,10.1,0.0,0,7,1025.7,3.800000000000068,3.0,-6.0,0.0,1.0,0.0,0.0,-0.30881248126625377,0.9511229423235357,雪,みぞれ時々曇後雨
2025-12-14,23.0,3.5,1.0,0.5,2.5,-2.0,98,90.0,1.1,2.7,5.9,0.0,6,9,1006.1,-19.600000000000023,1.1,25.0,0.0,0.0,0.0,1.0,-0.29240597695107734,0.9562942772197719,曇,曇後雨時々雪一時みぞれ
2025-12-15,18.5,4.5,1.0,2.7,5.0,-0.7,78,54.0,3.9,7.2,15.1,0.1,0,5,1008.9,2.7999999999999545,2.2,-20.0,0.0,1.0,0.0,0.0,-0.27591294500296043,0.9611826292540837,雪,みぞれ一時晴後雨時々曇
2025-12-16,2.5,1.5,1.0,2.8,7.4,-0.5,73,44.0,1.7,4.6,9.4,2.8,1,1,1016.6,7.7000000000000455,0.09999999999999964,-5.0,0.0,0.0,0.0,1.0,-0.2593382659754056,0.9657865518844574,晴,晴時々曇後みぞれ一時雪
2025-12-17,0.5,0.5,0.5,0.9,6.0,-2.4,82,41.0,1.4,3.5,6.9,4.6,0,0,1017.8,1.1999999999999318,-1.9,9.0,1.0,0.0,0.0,0.0,-0.2426868445825954,0.9701046827361175,曇,曇後雪時々晴
2025-12-18,0.5,0.5,0.5,-0.1,2.3,-2.6,81,62.0,1.6,3.3,6.7,0.2,1,1,1023.3,5.5,-1.0,-1.0,0.0,1.0,0.0,0.0,-0.22596360824801906,0.974135744004672,曇,曇後雨一時晴、みぞれを伴う
2025-12-19,0.0,0.0,0.0,2.6,7.8,-0.9,90,68.0,1.3,3.5,5.6,1.2,0,0,1025.7,2.400000000000091,2.7,9.0,0.0,1.0,0.0,0.0,-0.20917350564635637,0.9778785428342386,晴,晴後曇一時雨
2025-12-20,0.0,0.0,0.0,10.1,16.0,-0.4,73,50.0,2.5,4.5,8.8,4.9,0,0,1018.6,-7.100000000000023,7.5,-17.0,1.0,0.0,0.0,0.0,-0.19232150523909483,0.9813319716704275,雨,雨時々曇
2025-12-21,9.0,4.5,1.5,9.4,16.1,3.2,81,59.0,2.7,6.6,11.3,0.1,0,0,1014.0,-4.600000000000023,-0.6999999999999993,8.0,0.0,0.0,1.0,0.0,-0.17541259380427843,0.9844950085880858,雪,雪後曇時々晴
2025-12-22,2.0,1.5,1.0,0.8,3.5,-0.3,67,48.0,2.5,6.3,12.5,0.0,2,2,1027.1,13.099999999999909,-8.6,-14.0,0.0,0.0,0.0,1.0,-0.15845177496083632,0.9873667175937016,曇,曇時々晴
2025-12-23,0.0,0.0,0.0,1.4,5.0,-0.3,68,41.0,1.1,2.9,5.5,0.0,0,0,1028.9,1.800000000000182,0.5999999999999999,1.0,0.0,1.0,0.0,0.0,-0.14144406768794202,0.9899462489023779,雪,雪時々曇後雨、みぞれを伴う
2025-12-24,1.5,1.0,0.5,6.2,11.3,0.3,86,69.0,1.3,2.9,5.3,0.1,0,0,1015.0,-13.900000000000091,4.800000000000001,18.0,0.0,0.0,0.0,1.0,-0.12439450483979998,0.9922328391893008,雨,雨一時曇後時々みぞれ
2025-12-25,6.0,1.5,0.5,2.9,6.6,0.9,97,86.0,2.0,4.0,7.1,0.0,0,0,1006.4,-8.600000000000023,-3.3000000000000003,11.0,0.0,0.0,1.0,0.0,-0.10730813165636247,0.9942258118156161,雪,雪時々みぞれ一時曇
2025-12-26,30.0,6.0,1.5,-1.8,1.7,-6.0,94,68.0,2.9,6.3,13.4,0.0,25,24,1003.0,-3.3999999999999773,-4.7,-3.0,0.0,0.0,0.0,1.0,-0.09019000427034513,0.9959245770286599,雪,大雪
2025-12-27,14.0,2.5,1.0,-3.9,-2.3,-6.4,94,68.0,1.5,5.0,10.4,0.0,21,37,1015.5,12.5,-2.0999999999999996,0.0,0.0,0.0,0.0,1.0,-0.07304518821104743,0.9973286321364752,雪,雪時々曇後みぞれ
2025-12-28,3.0,2.0,0.5,-0.5,2.5,-3.2,95,81.0,1.8,3.9,6.9,1.3,2,37,1019.5,4.0,3.4,1.0,0.0,0.0,0.0,1.0,-0.05587875690537313,0.9984375616565666,曇,曇時々雨一時晴
2025-12-29,7.5,4.0,1.5,2.3,5.0,-3.7,89,69.0,2.0,4.3,8.0,1.3,0,27,1015.6,-3.8999999999999773,2.8,-6.0,0.0,1.0,0.0,0.0,-0.03869579017652689,0.9992510374388481,雨,雨一時曇後一時みぞれ、雷を伴う
2025-12-30,14.5,4.5,1.5,1.6,6.0,-1.8,97,78.0,1.8,5.4,10.4,1.5,4,14,1012.2,-3.3999999999999773,-0.6999999999999997,8.0,0.0,0.0,1.0,0.0,-0.021501372740813793,0.999768818762748,雪,雪時々曇
2025-12-31,8.5,1.5,0.5,-2.8,-1.4,-4.6,92,69.0,1.6,5.0,8.2,0.0,14,25,1013.4,1.1999999999999318,-4.4,-5.0,0.0,0.0,0.0,1.0,-0.004300592702981974,0.9999907524084426,雪,大雪
2026-01-01,16.5,2.5,1.0,-4.5,-3.6,-5.4,91,61.0,2.4,6.4,11.4,0.0,21,43,1009.9,-3.5,-1.7000000000000002,-1.0,0.0,0.0,0.0,1.0,0.017201575418260506,0.9998520419557735,晴,晴後曇時々雪
2026-01-02,6.0,3.5,1.0,-2.4,2.9,-6.8,92,58.0,1.4,3.4,6.1,3.3,7,41,1009.6,-0.2999999999999545,2.1,1.0,1.0,0.0,0.0,0.0,0.03439806061360801,0.9994082116062598,曇,曇時々雪
2026-01-03,1.5,0.5,0.5,-0.8,0.8,-3.3,90,74.0,1.2,2.8,5.5,0.0,3,39,1010.7,1.1000000000000227,1.5999999999999999,-2.0,0.0,1.0,0.0,0.0,0.051584366869408364,0.9986686402879997,雪,雪後一時みぞれ一時曇
2026-01-04,8.0,1.5,0.5,-0.4,1.3,-1.2,95,77.0,1.7,4.3,8.5,0.0,15,45,1010.8,0.09999999999990905,0.4,5.0,0.0,0.0,0.0,1.0,0.06875540848113941,0.9976335468520451,雪,雪
2026-01-05,8.0,1.0,0.5,-2.7,-1.0,-4.6,97,83.0,1.5,4.1,7.0,0.0,8,51,1009.6,-1.1999999999999318,-2.3000000000000003,2.0,0.0,0.0,0.0,1.0,0.08590610426133272,0.9963032375991965,雪,雪後一時晴
2026-01-06,7.5,1.5,0.5,-4.3,-2.5,-6.4,92,76.0,1.1,2.7,5.3,0.0,11,62,1014.2,4.600000000000023,-1.5999999999999996,-5.0,0.0,0.0,0.0,1.0,0.10303137904317879,0.9946781061893646,曇,曇時々晴一時雨、みぞれを伴う
2026-01-07,12.5,4.0,2.0,-0.7,4.4,-7.0,89,59.0,1.7,4.7,8.2,2.1,0,54,1011.3,-2.900000000000091,3.5999999999999996,-3.0,0.0,1.0,0.0,0.0,0.1201261651823505,0.9927586335250793,雪,雪
2026-01-08,18.0,6.0,1.5,-2.1,0.6,-6.3,92,69.0,2.1,5.7,10.7,0.3,23,58,1008.5,-2.7999999999999545,-1.4000000000000001,3.0,0.0,0.0,0.0,1.0,0.13718540405660057,0.9905453876091833,雪,雪
2026-01-09,1.0,0.5,0.5,-2.2,0.7,-4.8,88,71.0,2.1,4.5,7.9,0.8,3,54,1016.0,7.5,-0.10000000000000009,-4.0,0.0,0.0,0.0,1.0,0.1542040475626894,0.988039023376751,曇,曇時々みぞれ一時晴後雨
2026-01-10,17.5,6.5,1.5,2.5,7.4,-2.0,89,52.0,1.9,4.8,9.8,0.0,0,47,1006.9,-9.100000000000023,4.7,1.0,0.0,1.0,0.0,0.0,0.17117705961019986,0.985240282501282,雪,みぞれ時々雨後雪、雷を伴う
2026-01-11,6.5,2.0,1.0,2.2,6.5,-2.0,77,45.0,3.0,6.1,14.3,0.3,6,35,997.4,-9.5,-0.2999999999999998,-12.0,0.0,0.0,0.0,1.0,0.18809941761179758,0.9821499931752291,雪,雪
2026-01-12,13.0,4.0,1.0,-2.9,-0.2,-4.3,91,52.0,2.7,7.2,15.7,0.4,19,52,1007.9,10.5,-5.1,14.0,0.0,0.0,0.0,1.0,0.20496611396949532,0.9787690698649216,雪,雪一時曇後みぞれ時々雨
2026-01-13,9.0,3.0,1.0,-0.9,4.6,-4.6,89,48.0,3.0,9.1,17.3,0.1,6,50,1000.2,-7.699999999999932,2.0,-2.0,0.0,0.0,0.0,1.0,0.22177215755648186,0.975098513039961,雪,雪時々曇
2026-01-14,17.0,2.0,1.0,-4.6,-2.9,-5.8,92,72.0,2.7,7.4,14.3,0.0,21,63,1010.7,10.5,-3.6999999999999997,3.0,0.0,0.0,0.0,1.0,0.23851257519407648,0.9711394088771653,雪,雪後みぞれ
2026-01-15,2.5,0.5,0.5,-0.4,1.9,-3.0,95,80.0,1.4,4.6,9.8,0.0,3,62,1012.2,1.5,4.199999999999999,3.0,0.0,0.0,0.0,1.0,0.2551824131233728,0.9668929289391521,雪,みぞれ後一時雪
2026-01-16,3.5,1.5,0.5,0.6,3.0,-1.0,91,72.0,1.6,4.6,9.4,0.8,1,54,1010.9,-1.3000000000000682,1.0,-4.0,0.0,0.0,0.0,1.0,0.2717767384711357,0.9623603298276545,雪,みぞれ時々雪
2026-01-17,5.5,1.5,1.0,-0.2,1.4,-2.4,93,76.0,1.4,4.3,8.0,0.0,9,53,1013.4,2.5,-0.8,2.0,0.0,0.0,0.0,1.0,0.2882906407095177,0.9575429528116719,雪,雪時々曇一時晴
2026-01-18,1.0,1.5,0.5,-2.2,-0.4,-4.5,82,62.0,2.0,6.6,13.2,3.2,2,54,1021.3,7.899999999999977,-2.0,-11.0,0.0,0.0,0.0,1.0,0.3047192331091634,0.9524422234305676,雪,雪時々曇、みぞれを伴う
2026-01-19,3.5,1.0,0.5,-2.4,-0.3,-6.2,95,87.0,1.0,2.5,4.5,0.0,8,55,1014.2,-7.099999999999909,-0.19999999999999973,13.0,0.0,0.0,0.0,1.0,0.321057654185271,0.9470596510722283,雪,雪時々曇
2026-01-20,10.0,2.0,1.0,-4.4,-0.5,-6.2,85,57.0,4.1,8.8,15.0,0.0,20,71,1008.3,-5.900000000000091,-2.0000000000000004,-10.0,0.0,0.0,0.0,1.0,0.3373010691361842,0.9413968285264122,雪,雪時々曇
2026-01-21,13.5,2.5,1.0,-4.9,-3.5,-7.2,94,72.0,1.8,4.5,8.7,0.0,11,79,1008.2,-0.09999999999990905,-0.5,9.0,0.0,0.0,0.0,1.0,0.3534446712740877,0.9354554315134164,雪,雪時々曇
2026-01-22,7.0,1.5,1.0,-4.6,-2.1,-6.8,91,72.0,2.1,4.9,9.6,0.6,7,83,1007.9,-0.3000000000000682,0.3000000000000007,-3.0,0.0,0.0,0.0,1.0,0.3694836834473831,0.9292372181882051,雪,雪
2026-01-23,4.5,1.0,0.5,-4.5,-2.5,-6.5,89,71.0,2.1,5.0,9.2,0.9,10,85,1013.8,5.899999999999977,0.09999999999999964,-2.0,0.0,0.0,0.0,1.0,0.38541335945432564,0.9227440286201427,雪,雪
2026-01-24,2.0,0.5,0.5,-4.2,-2.4,-5.9,91,73.0,1.7,4.2,7.9,1.0,2,83,1012.1,-1.6999999999999318,0.2999999999999998,2.0,0.0,0.0,0.0,1.0,0.4012289854475009,0.9159777842484877,雪,雪時々曇
2026-01-25,10.5,1.5,1.0,-5.1,-2.6,-6.9,91,71.0,2.5,5.6,10.9,0.3,15,92,1011.7,-0.39999999999997726,-0.8999999999999995,0.0,0.0,0.0,0.0,1.0,0.4169258813287287,0.908940487313808,雪,雪時々曇一時晴
2026-01-26,7.0,3.5,1.0,-3.0,-0.7,-5.2,88,67.0,2.0,6.0,11.2,1.3,7,98,1017.6,5.899999999999977,2.0999999999999996,-3.0,0.0,0.0,0.0,1.0,0.4324994021339788,0.901634220265486,雪,雪時々曇一時晴、みぞれを伴う
2026-01-27,9.0,2.0,1.0,-1.7,1.4,-5.2,95,76.0,1.2,3.4,6.2,0.9,22,106,1012.0,-5.600000000000023,1.3,7.0,0.0,0.0,0.0,1.0,0.44794493940789115,0.8940611451454876,雪,雪
2026-01-28,9.5,2.0,1.0,-2.4,0.4,-4.4,97,77.0,1.8,4.9,10.1,1.6,8,110,1014.8,2.7999999999999545,-0.7,2.0,0.0,0.0,0.0,1.0,0.4632579225674917,0.88622350294858,雪,雪時々曇一時晴
2026-01-29,5.5,1.0,0.5,-3.1,0.0,-5.9,90,53.0,1.7,4.0,6.7,4.6,8,111,1014.7,-0.09999999999990905,-0.7000000000000002,-7.0,0.0,0.0,0.0,1.0,0.4784338202547012,0.8781236129591848,雪,雪時々晴後曇
2026-01-30,36.0,6.5,1.5,-3.4,-0.4,-9.5,97,86.0,1.5,4.2,9.6,0.6,46,148,1013.0,-1.7000000000000455,-0.2999999999999998,7.0,0.0,0.0,0.0,1.0,0.49346814167723735,0.8697638720650646,雪,雪時々曇一時晴
2026-01-31,0.5,0.5,0.5,-2.7,0.4,-7.5,86,61.0,1.7,4.2,7.3,6.5,0,144,1014.6,1.6000000000000227,0.6999999999999997,-11.0,0.0,0.0,0.0,1.0,0.5083564379375122,0.8611467540480452,雪,雪時々晴
2026-02-01,7.0,2.0,1.0,-2.4,0.6,-5.5,93,58.0,1.8,3.9,7.0,1.9,8,131,1013.7,-0.8999999999999773,0.30000000000000027,7.0,0.0,0.0,0.0,1.0,0.5230943033491326,0.8522748088519838,雪,雪時々曇
2026-02-02,7.5,1.5,0.5,-2.6,-0.4,-4.3,94,76.0,1.9,5.2,9.9,1.6,11,138,1015.7,2.0,-0.20000000000000018,1.0,0.0,0.0,0.0,1.0,0.5376773767406141,0.8431506618282,雪,雪時々曇
2026-02-03,0.0,0.0,0.0,-1.0,1.5,-4.8,82,59.0,1.9,4.0,8.4,0.0,0,133,1020.1,4.399999999999977,1.6,-12.0,0.0,0.0,0.0,1.0,0.5521013427459208,0.8337770129585915,雪,みぞれ一時晴後雨時々曇
2026-02-04,1.0,0.5,0.5,0.9,5.0,-2.7,95,79.0,1.2,2.5,4.1,0.8,0,122,1016.4,-3.7000000000000455,1.9,13.0,0.0,0.0,0.0,1.0,0.5663619330814524,0.8241566360566663,晴,晴時々曇一時雨
2026-02-05,0.5,0.5,0.5,1.3,6.3,-4.5,89,57.0,1.1,2.6,4.6,6.9,0,109,1013.1,-3.2999999999999545,0.4,-6.0,1.0,0.0,0.0,0.0,0.580454927809098,0.8142923779467267,雪,雪時々曇、みぞれを伴う
2026-02-06,5.5,1.5,0.5,-1.9,4.2,-6.8,81,51.0,4.5,8.4,15.3,0.1,7,105,1009.1,-4.0,-3.2,-8.0,0.0,0.0,0.0,1.0,0.5943761565849831,0.804187157621448,雪,雪時々曇
2026-02-07,0.0,0.5,0.0,-5.9,-2.9,-8.5,77,45.0,2.4,6.3,11.0,5.0,0,104,1013.1,4.0,-4.0,-4.0,0.0,0.0,0.0,1.0,0.6081214998935418,0.7938439653781019,雪,雪時々曇
2026-02-08,5.5,2.0,1.0,-5.5,-3.7,-9.2,89,66.0,2.0,4.8,8.5,3.7,7,102,1006.8,-6.300000000000068,0.40000000000000036,12.0,0.0,0.0,0.0,1.0,0.6216868902665479,0.7832658619336791,雪,雪時々曇
2026-02-09,8.5,2.0,1.0,-3.0,0.9,-6.3,86,63.0,3.0,5.2,8.7,0.3,15,114,1014.8,8.0,2.5,-3.0,0.0,0.0,0.0,1.0,0.6350683134867438,0.7724559775191742,曇,曇一時雪後みぞれ時々雨
2026-02-10,0.0,0.0,0.0,3.2,7.8,-1.1,80,51.0,1.9,4.8,8.4,2.9,0,111,1018.1,3.300000000000068,6.2,-6.0,0.0,1.0,0.0,0.0,0.6482618097757122,0.7614175109532997,雪,みぞれ一時雨
2026-02-11,5.5,3.5,1.0,2.3,5.3,-0.4,81,52.0,2.2,5.7,10.8,0.2,0,97,1009.7,-8.399999999999977,-0.9000000000000004,1.0,0.0,0.0,0.0,1.0,0.6612634749656386,0.7501537286959042,雪,雪
2026-02-12,6.0,1.5,1.0,-0.9,1.6,-2.2,87,50.0,2.5,7.5,14.8,0.3,10,98,1012.6,2.8999999999999773,-3.1999999999999997,6.0,0.0,0.0,0.0,1.0,0.6740694616546162,0.7386679638813748,曇,曇後一時みぞれ一時晴
2026-02-13,0.5,0.5,0.5,1.2,5.8,-5.2,73,42.0,2.3,5.1,10.2,4.5,0,96,1014.1,1.5,2.1,-14.0,0.0,1.0,0.0,0.0,0.6866759803451553,0.726963615332308,晴,晴
2026-02-14,0.0,0.0,0.0,3.1,10.0,-3.1,75,33.0,1.2,3.4,5.8,8.5,0,88,1016.7,2.6000000000000227,1.9000000000000001,2.0,1.0,0.0,0.0,0.0,0.6990793005655562,0.7150441465537444,雨,雨時々曇一時晴
2026-02-15,0.5,0.5,0.5,4.6,11.0,-0.6,84,44.0,1.7,4.7,10.0,0.0,1,86,1010.9,-5.800000000000068,1.4999999999999996,9.0,0.0,0.0,1.0,0.0,0.7112757519738152,0.7029130847082615,雪,雪時々曇
2026-02-16,0.0,0.0,0.0,0.3,4.6,-1.6,80,57.0,1.9,4.4,8.7,0.3,2,82,1016.0,5.100000000000023,-4.3,-4.0,0.0,0.0,0.0,1.0,0.7232617254437388,0.6905740195722293,曇,曇一時雪
2026-02-17,0.0,0.0,0.0,0.7,5.0,-1.4,68,38.0,1.4,3.3,5.3,4.2,0,80,1019.8,3.7999999999999545,0.39999999999999997,-12.0,0.0,1.0,0.0,0.0,0.7350336741329412,0.6780306024735382,曇,曇一時晴後一時みぞれ
2026-02-18,9.5,4.5,1.5,1.4,7.0,-1.7,81,45.0,2.2,6.2,11.5,2.4,7,83,1009.9,-9.899999999999977,0.7,13.0,0.0,1.0,0.0,0.0,0.746588114532413,0.6652865452111116,雪,雪時々曇
2026-02-19,1.5,3.0,0.5,-2.1,-0.6,-3.6,75,50.0,2.9,6.5,12.4,0.4,1,84,1016.5,6.600000000000023,-3.5,-6.0,0.0,0.0,0.0,1.0,0.7579216274973472,0.6523456189565257,曇,曇時々雪一時みぞれ後雨
2026-02-20,0.0,0.0,0.0,2.4,6.8,-2.3,78,57.0,1.7,4.7,8.2,3.4,0,81,1017.9,1.3999999999999773,4.5,3.0,0.0,1.0,0.0,0.0,0.7690308592589181,0.6392116531380588,晴,晴時々曇
2026-02-21,0.0,0.0,0.0,4.1,9.3,-1.9,76,50.0,2.1,3.9,7.9,2.9,0,75,1016.9,-1.0,1.6999999999999997,-2.0,1.0,0.0,0.0,0.0,0.7799125224167177,0.6258885343075018,晴,晴時々曇
2026-02-22,0.0,0.0,0.0,5.8,15.8,-1.7,67,24.0,1.4,5.1,10.5,4.3,0,72,1014.5,-2.3999999999999773,1.7000000000000002,-9.0,1.0,0.0,0.0,0.0,0.7905633969115482,0.612380204990065,曇,曇時々みぞれ一時雨
2026-02-23,1.5,1.5,0.5,5.4,14.3,2.5,61,42.0,3.4,8.8,15.6,0.9,1,67,1015.7,1.2000000000000455,-0.39999999999999947,-6.0,0.0,1.0,0.0,0.0,0.8009803309782905,0.5986906625177214,曇,曇一時晴
2026-02-24,1.0,0.5,0.5,2.1,4.6,-0.3,76,48.0,1.4,3.6,5.6,1.6,1,63,1026.5,10.799999999999955,-3.3000000000000003,15.0,0.0,1.0,0.0,0.0,0.8111602420785621,0.5848239578463322,晴,晴時々曇
2026-02-25,4.5,1.5,0.5,0.2,4.2,-4.2,85,56.0,1.1,2.1,3.3,0.1,5,68,1028.5,2.0,-1.9000000000000001,9.0,1.0,0.0,0.0,0.0,0.8211001178128892,0.5707841943569036,晴,晴
2026-02-26,0.0,0.0,0.0,0.9,8.6,-5.6,77,47.0,1.7,4.3,7.9,8.8,0,65,1023.8,-4.7000000000000455,0.7,-8.0,1.0,0.0,0.0,0.0,0.8307970168121247,0.5565755266413303,曇,曇一時雨
2026-02-27,2.0,1.5,0.5,3.3,7.0,-0.3,91,74.0,1.3,2.7,4.8,0.0,0,61,1018.0,-5.7999999999999545,2.4,14.0,0.0,1.0,0.0,0.0,0.8402480696078469,0.5422021592729844,曇,曇時々雨
2026-02-28,2.0,1.5,0.5,3.9,7.8,1.8,90,66.0,2.2,5.2,9.6,0.1,0,57,1013.8,-4.2000000000000455,0.6000000000000001,-1.0,0.0,1.0,0.0,0.0,0.8494504794814806,0.527668345562516,曇,曇
2026-03-01,0.0,0.0,0.0,2.4,4.4,-0.7,57,46.0,2.2,5.5,11.0,7.7,0,51,1022.9,9.100000000000023,-1.5,-33.0,0.0,1.0,0.0,0.0,0.8584015232918917,0.512978386299228,晴,晴一時曇
2026-03-02,0.0,0.0,0.0,2.0,5.4,-1.9,64,44.0,1.9,4.4,7.3,7.2,0,51,1025.9,3.0000000000001137,-0.3999999999999999,7.0,1.0,0.0,0.0,0.0,0.8670985522812081,0.4981366284784055,曇,曇時々晴
2026-03-03,0.0,0.0,0.0,1.0,4.2,-3.6,74,47.0,1.8,5.1,11.7,0.3,0,49,1023.4,-2.5000000000001137,-1.0,10.0,0.0,1.0,0.0,0.0,0.8755389928586302,0.4831474640149687,雪,みぞれ後雨時々曇
2026-03-04,1.5,0.5,0.5,2.3,5.2,0.3,95,78.0,1.0,2.4,4.4,0.0,2,50,1015.0,-8.399999999999977,1.2999999999999998,21.0,0.0,0.0,0.0,1.0,0.8837203473619977,0.4680153284438345,雪,みぞれ時々雨一時晴後曇
2026-03-05,0.0,0.5,0.5,3.4,7.8,0.8,86,54.0,1.5,4.3,7.0,7.9,0,46,1019.9,4.899999999999977,1.1,-9.0,0.0,0.0,0.0,1.0,0.8916401947968874,0.45274469960737107,曇,曇時々晴一時雨、みぞれを伴う
2026-03-06,0.0,0.0,0.0,3.8,6.8,-0.2,79,48.0,1.1,2.9,4.9,4.4,0,42,1019.4,-0.5,0.3999999999999999,-7.0,0.0,1.0,0.0,0.0,0.8992961915530253,0.4373400963303323,雨,雨時々曇
2026-03-07,7.5,1.5,0.5,3.8,8.4,1.7,88,45.0,3.1,7.7,15.8,2.6,0,40,1007.4,-12.0,0.0,9.0,0.0,0.0,1.0,0.0,0.9066860720977985,0.4218060770826634,雪,みぞれ時々雪
2026-03-08,5.0,1.5,0.5,1.3,3.2,-0.4,84,66.0,3.1,6.9,12.6,0.1,6,38,1016.8,9.399999999999977,-2.5,-4.0,0.0,0.0,0.0,1.0,0.9138076496466615,0.4061472386305789,曇,曇時々晴一時雪
2026-03-09,0.0,0.0,0.0,1.0,5.0,-2.0,65,36.0,2.1,5.2,9.4,6.7,1,36,1020.3,3.5,-0.30000000000000004,-19.0,0.0,1.0,0.0,0.0,0.9206588168102428,0.3903682146763026,晴,晴後曇時々雪、みぞれを伴う
2026-03-10,0.0,0.0,0.0,-0.2,3.6,-3.7,81,57.0,1.6,4.7,8.0,4.5,1,35,1022.5,2.2000000000000455,-1.2,16.0,1.0,0.0,0.0,0.0,0.9272375462179537,0.374473674486883,曇,曇一時晴後みぞれ
2026-03-11,0.5,0.5,0.5,1.0,4.5,-2.7,85,48.0,1.3,4.1,6.4,1.1,1,34,1026.0,3.5,1.2,4.0,0.0,1.0,0.0,0.0,0.9335418911179212,0.35846832151248087,曇,曇時々晴
2026-03-12,0.0,0.0,0.0,1.8,5.5,-3.1,73,45.0,1.8,6.0,10.3,8.7,0,32,1023.4,-2.6000000000000227,0.8,-12.0,0.0,1.0,0.0,0.0,0.9395699859530622,0.342356891994542,雪,みぞれ一時雨後曇時々晴
2026-03-13,0.0,0.0,0.0,2.9,6.2,0.5,70,49.0,1.4,3.1,5.5,3.4,0,29,1022.5,-0.8999999999999773,1.0999999999999999,-3.0,0.0,0.0,0.0,1.0,0.945320046913132,0.3261441535642696,晴,晴後曇一時雨
2026-03-14,0.0,0.0,0.0,4.4,9.8,-1.9,79,54.0,1.5,4.2,7.1,7.9,0,26,1022.2,-0.2999999999999545,1.5000000000000004,9.0,1.0,0.0,0.0,0.0,0.9507903724625832,0.3098349038318025,曇,曇時々雨
2026-03-15,0.0,0.0,0.0,5.0,8.2,3.1,73,44.0,1.9,4.7,7.9,1.7,0,22,1020.7,-1.5,0.5999999999999996,-6.0,0.0,1.0,0.0,0.0,0.9559793438440766,0.2934339689665273,曇,曇一時雪、みぞれを伴う
2026-03-16,0.0,0.0,0.0,3.7,8.7,0.2,57,35.0,2.4,5.1,8.8,8.5,0,18,1020.4,-0.3000000000000682,-1.2999999999999998,-16.0,0.0,1.0,0.0,0.0,0.9608854255574977,0.27694620226893646,晴,晴時々みぞれ一時雨後曇
2026-03-17,0.0,0.0,0.0,2.9,7.8,-1.7,59,37.0,2.4,6.4,10.3,8.4,0,14,1021.5,1.1000000000000227,-0.8000000000000003,2.0,1.0,0.0,0.0,0.0,0.9655071658143364,0.2603764827344581,晴,晴後時々曇
2026-03-18,0.0,0.0,0.0,4.2,8.8,-1.4,58,34.0,1.6,3.4,5.6,7.9,0,11,1018.8,-2.7000000000000455,1.3000000000000003,-1.0,1.0,0.0,0.0,0.0,0.969843196967294,0.24372971360968387,雨,雨時々曇
2026-03-19,0.5,0.5,0.5,5.0,11.5,1.7,72,44.0,2.0,5.8,11.0,2.3,0,7,1009.6,-9.199999999999932,0.7999999999999998,14.0,0.0,0.0,1.0,0.0,0.9738922359149924,0.22701082094141847,晴,晴後時々曇
2026-03-20,7.0,3.5,1.5,4.9,11.4,-0.2,50,20.0,3.0,7.4,15.1,9.9,3,3,1011.4,1.7999999999999545,-0.09999999999999964,-22.0,1.0,0.0,0.0,0.0,0.9776530844816641,0.2102247521189836,雪,雪後みぞれ時々曇
2026-03-21,2.5,2.5,1.0,1.6,4.2,-1.0,69,49.0,3.9,8.8,16.2,0.1,2,5,1018.2,6.800000000000068,-3.3000000000000003,19.0,0.0,0.0,0.0,1.0,0.981124629771712,0.19337647441020586,曇,曇時々晴
2026-03-22,0.0,0.0,0.0,5.6,12.3,-1.1,66,33.0,1.9,3.7,6.8,8.0,0,0,1022.4,4.199999999999932,3.9999999999999996,-3.0,0.0,1.0,0.0,0.0,0.984305844499033,0.17647097349152166,曇,曇時々晴
2026-03-23,0.0,0.0,0.0,7.2,14.6,-0.9,61,18.0,1.7,4.0,6.4,7.5,0,0,1015.4,-7.0,1.6000000000000005,-5.0,0.0,1.0,0.0,0.0,0.9871957872910085,0.15951325197263655,晴,晴
2026-03-24,0.0,0.0,0.0,6.7,13.1,1.0,55,22.0,2.2,6.2,9.9,10.7,0,0,1019.1,3.7000000000000455,-0.5,-6.0,1.0,0.0,0.0,0.0,0.9897936029670716,0.14250832791617088,晴,晴
2026-03-25,0.0,0.0,0.0,5.7,12.8,-0.4,59,26.0,1.8,3.7,7.2,11.0,0,0,1019.7,0.6000000000000227,-1.0,4.0,1.0,0.0,0.0,0.0,0.992098522791769,0.12546123335273648,晴,晴後雨時々曇
2026-03-26,0.0,0.0,0.0,6.3,14.1,-0.1,77,43.0,1.6,3.9,7.3,5.7,0,0,1015.5,-4.2000000000000455,0.5999999999999996,18.0,1.0,0.0,0.0,0.0,0.9941098647022418,0.10837701279187609,雨,雨後曇時々晴
2026-03-27,0.0,0.0,0.0,7.6,13.4,3.9,85,60.0,1.4,3.5,6.7,4.0,0,0,1014.7,-0.7999999999999545,1.2999999999999998,8.0,0.0,0.0,1.0,0.0,0.9958270335100595,0.09126072172931188,曇,曇後時々晴
2026-03-28,0.0,0.0,0.0,7.2,14.6,1.3,75,35.0,1.8,4.7,7.8,9.8,0,0,1015.2,0.5,-0.39999999999999947,-10.0,0.0,1.0,0.0,0.0,0.9972495210773451,0.07411742515094437,晴,晴
2026-03-29,0.0,0.0,0.0,6.4,12.8,1.1,79,58.0,2.0,4.5,7.6,11.5,0,0,1019.9,4.699999999999932,-0.7999999999999998,4.0,1.0,0.0,0.0,0.0,0.998376906467142,0.056952196034039754,晴,晴一時霧後曇
2026-03-30,0.0,0.0,0.0,8.9,20.5,0.7,66,28.0,1.6,4.2,7.2,8.7,0,0,1018.9,-1.0,2.5,-13.0,1.0,0.0,0.0,0.0,0.9992088560679753,0.03977011384605572,雨,雨時々曇
2026-03-31,11.5,2.5,0.5,6.7,8.9,3.4,96,84.0,1.6,3.2,5.5,0.0,0,0,1011.5,-7.399999999999977,-2.2,30.0,0.0,0.0,1.0,0.0,0.9997451236925734,0.022576263041545485,晴,晴時々曇
2026-04-01,0.0,0.0,0.0,8.6,13.5,5.2,85,66.0,1.8,4.3,7.1,8.7,0,0,1012.6,1.1000000000000227,1.8999999999999995,-11.0,1.0,0.0,0.0,0.0,0.9999855506507186,0.005375731557583884,雨,雨一時曇
2026-04-02,8.5,2.0,0.5,4.2,7.0,2.0,97,83.0,1.6,4.1,7.7,0.0,0,0,1009.0,-3.6000000000000227,-4.3999999999999995,12.0,0.0,0.0,1.0,0.0,0.9999300657962057,-0.011826390691832589,曇,曇後晴
2026-04-03,0.0,0.0,0.0,7.8,15.8,0.2,75,24.0,1.8,5.5,9.3,11.2,0,0,1014.7,5.7000000000000455,3.5999999999999996,-22.0,0.0,1.0,0.0,0.0,0.9995786855478958,-0.029025013321975237,曇,曇後一時雨
2026-04-04,8.0,4.0,1.0,11.6,19.5,4.5,67,26.0,2.1,5.9,11.4,0.0,0,0,1010.4,-4.300000000000068,3.8,-8.0,0.0,1.0,0.0,0.0,0.9989315138848577,-0.046215046983708354,曇,曇時々雨
2026-04-05,4.0,1.0,0.5,10.5,15.7,7.6,96,74.0,1.6,4.3,7.2,1.7,0,0,1007.2,-3.199999999999932,-1.0999999999999996,29.0,0.0,1.0,0.0,0.0,0.9979887423155984,-0.06339140486951038,曇,曇時々晴
2026-04-06,0.0,0.0,0.0,11.4,21.0,6.8,82,33.0,1.7,5.1,8.7,5.3,0,0,1011.3,4.099999999999909,0.9000000000000004,-14.0,0.0,1.0,0.0,0.0,0.9967506498213929,-0.08054900421874167,雨,雨
2026-04-07,15.0,3.0,1.0,7.3,12.2,4.5,87,57.0,2.2,7.6,13.6,0.0,0,0,1002.7,-8.599999999999909,-4.1000000000000005,5.0,0.0,0.0,1.0,0.0,0.9952176027737294,-0.09768276782171598,晴,晴一時雨
2026-04-08,2.0,1.5,0.5,7.5,12.6,2.4,55,26.0,3.5,5.5,10.7,10.7,0,0,1014.9,12.199999999999932,0.20000000000000018,-32.0,1.0,0.0,0.0,0.0,0.9933900548258936,-0.11478762552212701,晴,晴
2026-04-09,0.0,0.0,0.0,11.9,19.3,1.6,45,14.0,2.2,5.7,10.8,9.4,0,0,1013.6,-1.2999999999999545,4.4,-10.0,1.0,0.0,0.0,0.0,0.9912685467787256,-0.13185851571739118,雨,雨
2026-04-10,12.0,4.0,1.0,10.6,15.2,8.5,86,58.0,1.1,3.1,7.2,0.0,0,0,1001.1,-12.5,-1.3000000000000007,41.0,0.0,0.0,1.0,0.0,0.9888537064205885,-0.1488903868564548,雨,雨時々曇
2026-04-11,5.5,3.0,2.0,9.9,14.5,5.7,72,46.0,4.9,8.2,16.4,2.6,0,0,997.7,-3.3999999999999773,-0.6999999999999993,-14.0,0.0,0.0,1.0,0.0,0.986146248341595,-0.16587819893463143,曇,曇時々雨一時晴
2026-04-12,0.5,0.5,0.5,8.4,11.2,6.5,52,40.0,4.2,6.6,14.1,4.4,0,0,1010.3,12.599999999999909,-1.5,-20.0,0.0,1.0,0.0,0.0,0.9831469737221499,-0.1828169249850199,晴,晴
2026-04-13,0.0,0.0,0.0,10.3,17.6,3.4,48,19.0,2.7,6.9,12.0,12.5,0,0,1015.1,4.800000000000068,1.9000000000000004,-4.0,1.0,0.0,0.0,0.0,0.9798567700958665,-0.1997015525660636,晴,晴
2026-04-14,0.0,0.0,0.0,9.8,17.2,2.7,50,22.0,2.0,4.4,7.7,11.3,0,0,1018.1,3.0,-0.5,2.0,1.0,0.0,0.0,0.0,0.9762766110869321,-0.21652708524481437,曇,曇時々晴
2026-04-15,0.0,0.0,0.0,10.1,18.3,3.7,68,40.0,2.1,4.8,8.7,10.3,0,0,1015.3,-2.800000000000068,0.29999999999999893,18.0,0.0,1.0,0.0,0.0,0.9724075561219968,-0.23328854407545518,曇,曇一時雨後晴
2026-04-16,0.0,0.0,0.0,10.0,15.1,3.9,64,42.0,2.4,5.2,8.9,8.0,0,0,1020.0,4.7000000000000455,-0.09999999999999964,-4.0,0.0,1.0,0.0,0.0,0.9682507501166718,-0.2499809690726521,晴,晴後時々曇
2026-04-17,0.0,0.0,0.0,11.5,22.6,1.5,51,18.0,1.5,4.5,7.4,9.4,0,0,1019.1,-0.8999999999999773,1.5,-13.0,1.0,0.0,0.0,0.0,0.9638074231367307,-0.26659942067929354,雨,雨後晴
2026-04-18,9.5,4.5,1.0,13.2,17.3,8.2,79,47.0,2.4,7.1,11.8,3.0,0,0,1012.9,-6.2000000000000455,1.6999999999999993,28.0,0.0,0.0,1.0,0.0,0.9590788900341131,-0.28313898122818354,晴,晴
2026-04-19,0.0,0.0,0.0,11.6,18.1,5.0,57,32.0,2.3,5.8,10.3,12.6,0,0,1016.9,4.0,-1.5999999999999996,-22.0,1.0,0.0,0.0,0.0,0.9540665500578387,-0.2995947563972602,晴,晴
2026-04-20,0.0,0.0,0.0,13.1,23.3,4.6,54,28.0,1.6,3.9,6.7,12.2,0,0,1013.1,-3.7999999999999545,1.5,-3.0,1.0,0.0,0.0,0.0,0.9487718864399473,-0.31596187665790293,雨,雨一時曇後晴、大風を伴う
2026-04-21,12.0,6.5,1.5,12.8,17.0,10.7,54,25.0,4.5,9.6,17.9,6.8,0,0,1005.2,-7.899999999999977,-0.29999999999999893,0.0,0.0,0.0,1.0,0.0,0.9431964659565866,-0.33223549871590435,曇,曇、大風を伴う
2026-04-22,0.0,0.0,0.0,13.7,18.0,7.2,50,38.0,5.7,10.5,20.6,5.6,0,0,1008.2,3.0,0.8999999999999986,-4.0,0.0,1.0,0.0,0.0,0.9373419384643772,-0.3484108069446808,晴,晴
2026-04-23,0.0,0.0,0.0,9.6,16.0,3.5,58,19.0,2.4,6.0,10.4,10.8,0,0,1013.3,5.099999999999909,-4.1,8.0,1.0,0.0,0.0,0.0,0.9312100364121947,-0.3644830148102912,晴,晴
2026-04-24,0.0,0.0,0.0,7.9,15.3,2.2,62,24.0,2.9,7.3,11.8,12.8,0,0,1017.0,3.7000000000000455,-1.6999999999999993,4.0,1.0,0.0,0.0,0.0,0.9248025743285089,-0.38044736628785164,晴,晴
2026-04-25,0.0,0.0,0.0,8.9,16.1,1.9,64,19.0,1.9,4.7,7.9,12.9,0,0,1022.2,5.2000000000000455,1.0,2.0,1.0,0.0,0.0,0.0,0.9181214482844365,-0.39629913726891813,晴,晴、霧を伴う
2026-04-26,0.0,0.0,0.0,14.9,24.8,3.3,46,13.0,1.8,4.4,7.7,12.5,0,0,1016.5,-5.7000000000000455,6.0,-18.0,1.0,0.0,0.0,0.0,0.9111686353326631,-0.41203363695942635,曇,曇
2026-04-27,0.0,0.0,0.0,13.2,19.8,8.4,65,37.0,1.6,5.3,9.0,0.2,0,0,1009.4,-7.100000000000023,-1.700000000000001,19.0,0.0,1.0,0.0,0.0,0.9039461929224011,-0.42764620926777464,曇,曇時々雨
2026-04-28,0.0,0.0,0.0,9.4,11.1,6.3,83,65.0,1.8,4.5,7.4,0.0,0,0,1011.6,2.2000000000000455,-3.799999999999999,18.0,0.0,1.0,0.0,0.0,0.8964562582905575,-0.44313223418263453,晴,晴時々曇
2026-04-29,0.0,0.0,0.0,9.2,14.6,4.9,74,45.0,2.1,5.7,10.3,9.0,0,0,1015.4,3.7999999999999545,-0.20000000000000107,-9.0,1.0,0.0,0.0,0.0,0.8887010478292915,-0.45848712914008766,晴,晴
2026-04-30,0.0,0.0,0.0,11.8,20.8,3.2,52,19.0,2.1,5.2,8.9,12.9,0,0,1019.6,4.2000000000000455,2.6000000000000014,-22.0,1.0,0.0,0.0,0.0,0.8806828564301475,-0.47370635037968,曇,曇時々晴後雨
2026-05-01,9.0,2.0,1.0,11.2,14.9,5.3,82,48.0,1.2,2.3,4.8,1.7,0,0,1003.4,-16.200000000000045,-0.6000000000000014,30.0,0.0,1.0,0.0,0.0,0.8724040568049612,-0.48878539428899265,曇,曇一時雨後晴
2026-05-02,6.0,3.0,1.0,13.7,18.0,8.6,57,22.0,3.7,9.5,18.4,9.5,0,0,1000.0,-3.3999999999999773,2.5,-25.0,0.0,1.0,0.0,0.0,0.8638670987837349,-0.503719798736334,曇,曇時々晴後雨
2026-05-03,3.5,1.5,0.5,15.0,23.3,8.6,65,30.0,2.0,5.0,9.6,3.8,0,0,1007.3,7.2999999999999545,1.3000000000000007,8.0,0.0,1.0,0.0,0.0,0.8550745085896932,-0.518505144391157,雨,雨一時晴後曇、大風を伴う
2026-05-04,3.5,2.0,0.5,13.4,19.6,7.8,83,63.0,3.9,8.9,17.2,1.9,0,0,996.1,-11.199999999999932,-1.5999999999999996,18.0,0.0,0.0,1.0,0.0,0.8460288880917339,-0.533137056031809,晴,晴一時曇
2026-05-05,0.5,0.5,0.5,13.3,19.2,6.3,50,28.0,3.9,7.9,13.9,12.9,0,0,1014.8,18.699999999999932,-0.09999999999999964,-33.0,1.0,0.0,0.0,0.0,0.8367329140344921,-0.5476112038402312,晴,晴
2026-05-06,0.0,0.0,0.0,16.0,24.2,4.9,48,23.0,2.7,7.4,14.2,13.4,0,0,1016.3,1.5,2.6999999999999993,-2.0,1.0,0.0,0.0,0.0,0.8271893372462497,-0.5619233046832195,晴,晴後時々曇
2026-05-07,0.0,0.0,0.0,17.8,24.5,8.3,54,30.0,2.7,6.7,13.9,7.8,0,0,1010.9,-5.399999999999977,1.8000000000000007,6.0,1.0,0.0,0.0,0.0,0.8174009818249189,-0.5760691233798758,曇,曇後一時雨
2026-05-08,0.5,0.5,0.5,16.9,22.5,12.1,72,46.0,2.0,4.6,9.1,0.0,0,0,1004.6,-6.2999999999999545,-0.9000000000000021,18.0,0.0,1.0,0.0,0.0,0.8073707443023492,-0.5900444739548627,雨,雨時々曇一時晴
2026-05-09,2.0,1.0,1.0,11.2,13.8,7.9,72,52.0,2.9,5.9,11.4,2.1,0,0,1007.0,2.3999999999999773,-5.699999999999999,0.0,0.0,0.0,1.0,0.0,0.7971015927871943,-0.6038452208771035,晴,晴
2026-05-10,0.0,0.0,0.0,15.1,21.4,6.7,40,18.0,4.1,8.1,15.7,12.3,0,0,1016.5,9.5,3.9000000000000004,-32.0,1.0,0.0,0.0,0.0,0.7865965660866021,-0.6174672802835514,曇,曇時々晴
2026-05-11,0.0,0.0,0.0,17.1,24.0,9.1,37,14.0,2.1,5.7,10.1,6.2,0,0,1016.1,-0.39999999999997726,2.0000000000000018,-3.0,0.0,1.0,0.0,0.0,0.7758587728069828,-0.6309066211876704,晴,晴時々曇
2026-05-12,0.0,0.0,0.0,17.1,25.5,9.3,55,29.0,1.5,4.4,8.8,5.7,0,0,1012.1,-4.0,0.0,18.0,1.0,0.0,0.0,0.0,0.7648913904341226,-0.6441592666722685,晴,晴
2026-05-13,0.0,0.0,0.0,16.6,23.9,9.0,67,38.0,2.3,6.6,11.4,13.7,0,0,1010.0,-2.1000000000000227,-0.5,12.0,1.0,0.0,0.0,0.0,0.753697664392914,-0.6572212950663319,晴,晴
2026-05-14,0.5,0.5,0.5,14.7,21.6,9.2,76,47.0,1.8,3.9,6.5,8.3,0,0,1016.3,6.2999999999999545,-1.9000000000000021,9.0,1.0,0.0,0.0,0.0,0.742280907086982,-0.6700888411055113,晴,晴
2026-05-15,0.0,0.0,0.0,13.8,19.4,6.3,84,62.0,1.8,4.8,8.1,12.6,0,0,1022.1,5.800000000000068,-0.8999999999999986,8.0,1.0,0.0,0.0,0.0,0.7306444969184916,-0.6827580970759147,晴,晴
2026-05-16,0.0,0.0,0.0,16.2,24.5,9.1,74,47.0,1.8,4.0,6.3,13.3,0,0,1020.9,-1.2000000000000455,2.3999999999999986,-10.0,1.0,0.0,0.0,0.0,0.7187918772884232,-0.6952253139408723,晴,晴
2026-05-17,0.0,0.0,0.0,15.2,20.3,10.7,81,51.0,2.2,5.0,8.1,13.1,0,0,1019.0,-1.8999999999999773,-1.0,7.0,1.0,0.0,0.0,0.0,0.7067265555776159,-0.7074868024503348,晴,晴
2026-05-18,0.0,0.0,0.0,19.7,29.1,10.0,53,21.0,2.1,4.6,9.6,13.4,0,0,1016.8,-2.2000000000000455,4.5,-28.0,1.0,0.0,0.0,0.0,0.6944521021088763,-0.719538934232584,曇,曇時々晴
2026-05-19,0.0,0.0,0.0,21.0,29.7,13.2,45,25.0,2.0,5.8,10.3,9.9,0,0,1014.6,-2.199999999999932,1.3000000000000007,-8.0,0.0,1.0,0.0,0.0,0.6819721490904629,-0.7313781428679254,曇,曇後晴一時雨
2026-05-20,0.0,0.0,0.0,17.9,26.1,12.4,69,37.0,1.7,4.4,7.1,8.1,0,0,1014.1,-0.5,-3.1000000000000014,24.0,0.0,1.0,0.0,0.0,0.6692903895412567,-0.7430009249440493,曇,曇後一時雨
2026-05-21,0.0,0.0,0.0,14.1,17.4,11.4,87,63.0,1.6,3.0,8.0,0.0,0,0,1011.9,-2.2000000000000455,-3.799999999999999,18.0,0.0,1.0,0.0,0.0,0.6564105761979381,-0.7544038410927472,晴,晴時々曇
2026-05-22,0.0,0.0,0.0,14.0,20.0,6.3,39,18.0,2.9,5.2,10.9,8.6,0,0,1016.7,4.800000000000068,-0.09999999999999964,-48.0,1.0,0.0,0.0,0.0,0.6433365204044917,-0.765583517007675,晴,晴後時々曇
2026-05-23,0.0,0.0,0.0,13.2,23.1,3.9,53,9.0,2.4,5.7,10.8,13.1,0,0,1019.5,2.7999999999999545,-0.8000000000000007,14.0,1.0,0.0,0.0,0.0,0.6300720909843687,-0.7765366444428655,雨,雨時々曇
2026-05-24,1.0,0.5,0.5,14.6,19.7,8.7,81,62.0,1.4,3.0,6.1,0.0,0,0,1016.3,-3.2000000000000455,1.4000000000000004,28.0,0.0,0.0,1.0,0.0,0.6166212130956382,-0.7872599821916922,晴,晴時々曇
2026-05-26,0.0,0.0,0.0,19.0,30.6,10.1,70,24.0,1.4,5.2,8.8,10.2,0,0,1013.1,-2.1000000000000227,3.3000000000000007,-20.0,,,,,0.5891760872322963,-0.8080046647350754,曇,曇一時雨
2026-05-27,0.0,0.0,0.0,21.2,28.5,15.3,71,45.0,1.5,4.3,6.6,3.7,0,0,1011.1,-2.0,2.1999999999999993,1.0,0.0,1.0,0.0,0.0,0.5751899607119775,-0.8180198708443175,雨,雨時々曇
2026-05-28,19.5,11.0,2.5,19.5,25.3,16.6,88,64.0,1.2,3.0,5.1,1.1,0,0,1000.7,-10.399999999999977,-1.6999999999999993,17.0,0.0,0.0,1.0,0.0,0.5610336262283677,-0.8277930117131022,曇,曇時々雨
2026-05-29,2.5,2.0,0.5,16.8,18.6,13.6,71,47.0,2.7,6.2,12.1,4.6,0,0,996.2,-4.5,-2.6999999999999993,-17.0,0.0,1.0,0.0,0.0,0.5467112728685939,-0.8373211953118121,雨,雨後曇時々晴
2026-05-30,6.5,3.5,1.0,17.0,22.1,12.7,64,46.0,3.2,6.9,13.9,6.3,0,0,1002.7,6.5,0.1999999999999993,-7.0,0.0,0.0,1.0,0.0,0.5322271388474397,-0.8466016020976267,晴,晴
2026-05-31,0.0,0.0,0.0,19.9,28.0,10.7,40,18.0,2.4,4.6,9.0,14.0,0,0,1013.3,10.599999999999909,2.8999999999999986,-24.0,1.0,0.0,0.0,0.0,0.5175855102531889,-0.8556314858488706,晴,晴
2026-06-01,0.0,0.0,0.0,23.1,32.6,11.3,45,17.0,1.7,5.0,8.0,12.3,0,0,1016.6,3.300000000000068,3.200000000000003,5.0,1.0,0.0,0.0,0.0,0.5027907197793043,-0.8644081744776648,晴,晴後時々曇
2026-06-02,0.0,0.0,0.0,23.4,30.6,14.6,52,27.0,1.7,3.6,6.7,12.1,0,0,1012.7,-3.8999999999999773,0.29999999999999716,7.0,1.0,0.0,0.0,0.0,0.4878471454423119,-0.8729290708206411,曇,曇後一時晴
2026-06-03,0.0,0.0,0.0,20.2,27.2,15.2,68,44.0,1.8,5.5,10.9,3.9,0,0,1006.3,-6.400000000000091,-3.1999999999999993,16.0,0.0,1.0,0.0,0.0,0.47275920928627757,-0.881191653407483,晴,晴後曇一時雨
2026-06-04,0.0,0.0,0.0,19.4,24.7,14.3,62,44.0,2.9,6.0,10.8,8.0,0,0,1010.9,4.600000000000023,-0.8000000000000007,-6.0,1.0,0.0,0.0,0.0,0.4575313760742512,-0.8891934772070711,雨,雨
2026-06-05,0.0,0.0,0.0,14.5,18.9,12.1,68,49.0,3.6,6.8,13.9,7.0,0,0,1015.3,4.399999999999977,-4.899999999999999,6.0,0.0,0.0,1.0,0.0,0.44216815196707204,-0.8969321743510065,雨,雨後曇時々晴
2026-06-06,0.0,0.0,0.0,14.4,20.5,11.2,78,59.0,2.7,5.5,11.8,4.0,0,0,1016.8,1.5,-0.09999999999999964,10.0,0.0,0.0,1.0,0.0,0.42667408318992467,-0.9044054548343001,晴,晴時々曇
2026-06-07,0.0,0.0,0.0,15.9,22.4,10.8,86,59.0,1.9,4.4,7.4,10.8,0,0,1015.8,-1.0,1.5,8.0,1.0,0.0,0.0,0.0,0.4110537546870351,-0.9116111071930239,雨,雨
2026-06-08,25.5,8.0,2.0,15.4,17.5,13.2,100,99.0,0.7,2.3,4.6,0.0,0,0,1006.3,-9.5,-0.5,14.0,0.0,0.0,1.0,0.0,0.3953117887649151,-0.9185469991587165,雨,雨時々曇
2026-06-09,0.0,1.0,0.0,15.7,19.3,13.6,80,63.0,2.3,4.7,10.8,3.8,0,0,1003.4,-2.8999999999999773,0.29999999999999893,-20.0,0.0,0.0,1.0,0.0,0.37945284372454435,-0.925211078289358,曇,曇後晴
2026-06-10,0.0,0.0,0.0,16.3,21.9,12.5,71,43.0,2.1,3.9,7.8,7.9,0,0,1008.2,4.800000000000068,0.6000000000000014,-9.0,0.0,1.0,0.0,0.0,0.36348161248290634,-0.9316013725767187,曇,曇一時晴後一時雨、雷を伴う
2026-06-11,0.0,0.0,0.0,17.6,24.4,10.6,71,38.0,1.7,3.5,6.7,6.3,0,0,1011.5,3.2999999999999545,1.3000000000000007,0.0,0.0,1.0,0.0,0.0,0.3474028211842774,-0.9377159910299093,晴,晴後一時雨、雷を伴う
2026-06-12,0.5,0.5,0.5,18.9,25.9,11.9,69,39.0,1.7,4.9,7.9,9.0,0,0,1012.2,0.7000000000000455,1.2999999999999972,-2.0,1.0,0.0,0.0,0.0,0.3312212278016865,-0.9435531242349544,雨,雨時々曇一時晴、雷を伴う
2026-06-13,8.5,3.0,1.0,18.0,23.1,13.6,87,59.0,1.5,4.2,7.2,6.1,0,0,1013.4,1.1999999999999318,-0.8999999999999986,18.0,0.0,0.0,1.0,0.0,0.31494162072895193,-0.9491110448902284,晴,晴
2026-06-14,0.0,0.0,0.0,20.9,27.6,12.8,70,45.0,2.0,4.8,8.0,12.4,0,0,1016.4,3.0,2.8999999999999986,-17.0,1.0,0.0,0.0,0.0,0.2985688173637202,-0.9543881083175908,晴,晴時々曇、雷を伴う
2026-06-15,0.0,0.0,0.0,20.6,26.6,16.3,75,45.0,1.6,5.4,8.8,5.4,0,0,1015.7,-0.6999999999999318,-0.29999999999999716,5.0,1.0,0.0,0.0,0.0,0.2821076626819194,-0.9593827529490743,晴,晴一時曇
2026-06-16,0.0,0.0,0.0,19.4,25.0,13.9,82,62.0,1.9,5.1,8.3,11.8,0,0,1017.4,1.6999999999999318,-1.2000000000000028,7.0,1.0,0.0,0.0,0.0,0.26556302780405594,-0.9640935007889755,晴,晴
2026-06-17,0.0,0.0,0.0,21.3,28.9,13.8,63,31.0,1.9,4.9,7.9,14.4,0,0,1016.9,-0.5,1.9000000000000021,-19.0,1.0,0.0,0.0,0.0,0.24893980855376657,-0.9685189578512204,晴,晴時々曇
2026-06-18,0.0,0.0,0.0,22.1,29.3,15.4,73,48.0,1.7,3.6,6.5,12.4,0,0,1011.3,-5.600000000000023,0.8000000000000007,10.0,1.0,0.0,0.0,0.0,0.23224292400907015,-0.9726578145718654,晴,晴時々曇
2026-06-19,0.0,0.0,0.0,21.5,27.0,17.4,84,52.0,1.6,5.3,9.3,4.4,0,0,1011.9,0.6000000000000227,-0.6000000000000014,11.0,1.0,0.0,0.0,0.0,0.21547731504673012,-0.976508846196619,晴,晴時々曇
2026-06-20,0.0,0.0,0.0,21.1,28.2,17.7,86,55.0,1.8,4.4,8.1,5.3,0,0,1011.5,-0.39999999999997726,-0.3999999999999986,2.0,1.0,0.0,0.0,0.0,0.19864794288017112,-0.9800709131432666,雨,雨
2026-06-21,50.0,7.0,1.5,17.9,20.9,15.0,92,71.0,2.0,5.1,10.5,0.0,0,0,1006.5,-5.0,-3.200000000000003,6.0,0.0,0.0,1.0,0.0,0.18175978759137534,-0.9833429613388902,雨,雨
2026-06-22,18.5,4.0,1.0,15.4,16.9,14.2,99,94.0,2.0,3.6,7.3,0.0,0,0,1007.7,1.2000000000000455,-2.4999999999999982,7.0,0.0,0.0,1.0,0.0,0.16481784665719793,-0.9863240225317866,曇,曇後晴
2026-06-23,0.0,0.0,0.0,17.4,23.4,13.4,82,51.0,1.9,5.5,9.2,8.3,0,0,1012.3,4.599999999999909,1.9999999999999982,-17.0,0.0,1.0,0.0,0.0,0.14782713347053048,-0.9890132145779883,晴,晴
2026-06-24,0.0,0.0,0.0,17.9,23.2,12.6,79,53.0,2.0,4.7,8.2,13.8,0,0,1013.7,1.400000000000091,0.5,-3.0,1.0,0.0,0.0,0.0,0.13079267585675922,-0.9914097417023038,晴,晴時々曇
2026-06-25,0.0,0.0,0.0,21.0,29.3,13.0,74,43.0,1.7,4.8,8.0,13.2,0,0,1010.7,-3.0,3.1000000000000014,-5.0,1.0,0.0,0.0,0.0,0.11371951458594969,-0.9935128947338007,雨,雨時々曇
2026-06-26,12.0,4.5,2.0,19.4,22.4,17.0,97,79.0,1.1,3.7,7.9,0.0,0,0,1004.2,-6.5,-1.6000000000000014,23.0,0.0,0.0,1.0,0.0,0.0966127018812031,-0.9953220513156602,雨,雨後曇時々晴
2026-06-27,0.5,0.5,0.5,21.2,27.4,18.1,84,47.0,2.1,4.7,10.1,5.6,0,0,1002.4,-1.8000000000000682,1.8000000000000007,-13.0,0.0,0.0,1.0,0.0,0.07947729992362097,-0.9968366760893436,晴,晴
2026-06-28,0.0,0.0,0.0,20.3,24.8,17.4,81,64.0,2.3,5.6,9.5,13.0,0,0,1009.5,7.100000000000023,-0.8999999999999986,-3.0,1.0,0.0,0.0,0.0,0.062318379354325076,-0.998056320853012,曇,曇時々晴
2026-06-29,0.0,0.0,0.0,20.0,24.1,16.9,78,56.0,2.0,5.4,8.2,10.1,0,0,1014.2,4.7000000000000455,-0.3000000000000007,-3.0,0.0,1.0,0.0,0.0,0.04514101777397193,-0.9989806246941579,曇,曇一時雨後晴
2026-06-30,0.0,0.0,0.0,20.2,25.1,16.7,79,55.0,1.7,4.3,7.7,8.5,0,0,1014.2,0.0,0.1999999999999993,1.0,0.0,1.0,0.0,0.0,0.02795029824021032,-0.999609314096404,晴,晴
2026-07-01,0.0,0.0,0.0,21.3,26.5,15.7,81,54.0,1.9,5.3,8.8,13.2,0,0,1012.2,-2.0,1.1000000000000014,2.0,1.0,0.0,0.0,0.0,0.01075130776352193,-0.9999422030204416,晴,晴時々曇
2026-07-02,0.0,0.0,0.0,21.1,27.3,17.2,84,63.0,1.8,4.6,8.4,7.1,0,0,1009.7,-2.5,-0.1999999999999993,3.0,1.0,0.0,0.0,0.0,-0.00645086419810515,-0.9999791929590823,曇,曇
2026-07-03,0.0,0.0,0.0,20.8,26.5,16.6,82,65.0,1.7,3.8,6.7,6.5,0,0,1012.2,2.5,-0.3000000000000007,-2.0,0.0,1.0,0.0,0.0,-0.023651127245231586,-0.9997202729664083,晴,晴一時曇
2026-07-04,0.0,0.0,0.0,21.4,27.8,16.0,83,57.0,1.7,4.2,8.3,10.6,0,0,1012.2,0.0,0.5999999999999979,1.0,1.0,0.0,0.0,0.0,-0.04084439154329611,-0.9991655196610109,曇,曇時々晴
2026-07-05,0.0,0.0,0.0,21.4,28.0,17.4,88,61.0,1.8,4.3,7.8,6.9,0,0,1011.8,-0.40000000000009095,0.0,5.0,0.0,1.0,0.0,0.0,-0.05802556932878035,-0.9983150972033183,晴,晴時々曇
2026-07-06,0.0,0.0,0.0,23.2,29.9,19.2,83,57.0,1.9,4.1,7.5,10.7,0,0,1012.1,0.3000000000000682,1.8000000000000007,-5.0,1.0,0.0,0.0,0.0,-0.07518957641475855,-0.9971692572470178,曇,曇時々晴
2026-07-07,0.0,0.0,0.0,22.9,29.5,19.1,83,58.0,1.9,3.7,6.7,6.9,0,0,1013.6,1.5,-0.3000000000000007,0.0,0.0,1.0,0.0,0.0,-0.09233133369539123,-0.9957283388645872,曇,曇後時々晴
2026-07-08,0.0,0.0,0.0,22.9,29.7,19.2,84,54.0,1.4,3.8,6.0,2.9,0,0,1014.0,0.39999999999997726,0.0,1.0,0.0,1.0,0.0,0.0,-0.10944576864891556,-0.993992768446958,曇,曇後一時雨一時晴
2026-07-09,0.0,0.0,0.0,24.8,31.1,19.9,86,62.0,1.1,3.6,5.9,1.9,0,0,1013.9,-0.10000000000002274,1.9000000000000021,2.0,0.0,1.0,0.0,0.0,-0.12652781683868314,-0.9919630595773397,曇,曇一時晴後一時雨
2026-07-10,0.0,0.0,0.0,27.2,33.9,21.7,75,46.0,1.7,4.9,9.0,7.9,0,0,1013.2,-0.6999999999999318,2.3999999999999986,-11.0,0.0,1.0,0.0,0.0,-0.1435724234118113,-0.9896398128792412,雨,雨時々曇
2026-07-11,23.5,20.5,7.0,24.1,28.2,21.5,92,65.0,1.1,2.7,4.4,0.0,0,0,1011.9,-1.3000000000000682,-3.099999999999998,17.0,0.0,0.0,1.0,0.0,-0.16057454459499376,-0.9870237158387383,雨,大雨
2026-07-12,17.5,4.5,1.5,23.2,24.3,22.2,100,100.0,1.0,1.9,3.8,0.0,0,0,1006.8,-5.100000000000023,-0.9000000000000021,8.0,0.0,0.0,1.0,0.0,-0.17752914918703497,-0.984115542601034,曇,曇時々雨
2026-07-13,1.0,0.5,0.5,24.5,29.2,21.9,93,74.0,1.4,3.8,6.9,2.3,0,0,1006.2,-0.599999999999909,1.3000000000000007,-7.0,0.0,1.0,0.0,0.0,-0.19443122004766195,-0.9809161537413774,曇,曇時々雨
2026-07-14,0.0,0.0,0.0,26.9,31.3,22.8,82,58.0,1.6,4.8,8.2,1.9,0,0,1005.5,-0.7000000000000455,2.3999999999999986,-11.0,0.0,1.0,0.0,0.0,-0.2112757555821793,-0.9774264960104055,曇,曇時々晴
2026-07-15,14.0,8.0,2.5,27.7,31.9,23.4,81,60.0,2.0,4.3,8.5,3.8,0,0,1000.7,-4.7999999999999545,0.8000000000000007,-1.0,0.0,1.0,0.0,0.0,-0.2280577712215198,-0.9736476020539838,晴,晴時々曇
2026-07-16,2.5,1.5,0.5,26.4,31.3,22.0,84,62.0,1.8,4.9,8.1,9.9,0,0,1000.9,0.1999999999999318,-1.3000000000000007,3.0,1.0,0.0,0.0,0.0,-0.24477230089725957,-0.9695805901076308,曇,曇時々晴、雷を伴う
2026-07-17,0.0,0.0,0.0,26.0,33.5,21.5,88,63.0,1.3,4.8,10.4,5.1,0,0,1005.4,4.5,-0.3999999999999986,4.0,0.0,1.0,0.0,0.0,-0.2614143985111562,-0.965226663665613,曇,曇時々雨、霧を伴う
2026-07-18,6.5,2.5,1.0,24.5,27.2,22.6,97,86.0,1.1,2.7,4.3,0.2,0,0,1006.1,0.7000000000000455,-1.5,9.0,0.0,1.0,0.0,0.0,-0.2779791393987801,-0.9605871111248129,雨,雨後曇時々晴、雷を伴う
2026-07-19,2.5,1.5,1.5,27.1,31.5,23.5,88,70.0,1.9,6.0,11.9,2.4,0,0,1004.4,-1.7000000000000455,2.6000000000000014,-9.0,0.0,0.0,1.0,0.0,-0.2944616217868012,-0.9556633054034704,曇,曇
2026-07-20,0.0,0.0,0.0,25.0,28.8,23.3,93,78.0,1.7,4.2,7.1,0.9,0,0,1007.5,3.1000000000000227,-2.1000000000000014,5.0,0.0,1.0,0.0,0.0,-0.3108569682435036,-0.9504567035349151,曇,曇時々雨
2026-07-21,0.0,0.0,0.0,24.8,28.1,23.0,96,83.0,1.3,3.8,6.1,0.0,0,0,1008.4,0.8999999999999773,-0.1999999999999993,3.0,0.0,1.0,0.0,0.0,-0.3271603271220951,-0.9449688462364056,雨,雨時々曇
2026-07-22,11.0,11.0,4.0,25.6,30.7,23.2,94,68.0,1.6,5.2,11.3,0.8,0,0,1005.9,-2.5,0.8000000000000007,-2.0,0.0,0.0,1.0,0.0,-0.34336687399638804,-0.939201357453208,曇,曇時々雨
2026-07-23,3.0,1.5,1.0,23.8,26.9,22.0,97,80.0,1.2,2.7,5.2,0.1,0,0,1009.0,3.1000000000000227,-1.8000000000000007,3.0,0.0,1.0,0.0,0.0,-0.3594718130884232,-0.9331559438780432,曇,曇時々晴
2026-07-24,0.5,0.5,0.5,24.1,29.7,21.6,93,71.0,1.6,3.9,7.4,2.3,0,0,1011.3,2.2999999999999545,0.3000000000000007,-4.0,0.0,1.0,0.0,0.0,-0.3754703786876202,-0.9268343944460494,曇,曇一時晴後一時雨
2026-07-25,2.0,1.0,0.5,22.8,27.2,19.1,90,68.0,1.4,3.1,6.2,0.5,0,0,1011.6,0.3000000000000682,-1.3000000000000007,-3.0,0.0,1.0,0.0,0.0,-0.3913578365610259,-0.9202385798054075,曇,曇時々雨
2026-07-26,0.5,0.5,0.5,22.3,28.0,19.0,87,62.0,1.6,4.1,7.4,3.2,0,0,1011.0,-0.6000000000000227,-0.5,-3.0,0.0,1.0,0.0,0.0,-0.4071294853542516,-0.9133704517637858,晴,晴時々曇
2026-07-27,3.5,2.5,1.5,22.8,28.9,19.4,89,62.0,1.1,3.5,5.9,3.8,0,0,1012.9,1.8999999999999773,0.5,2.0,1.0,0.0,0.0,0.0,-0.4227806579826773,-0.9062320427107697,曇,曇時々晴一時雨
2026-07-28,0.0,0.0,0.0,23.7,29.1,19.7,91,64.0,1.4,3.5,6.2,4.5,0,0,1010.1,-2.7999999999999545,0.8999999999999986,2.0,0.0,1.0,0.0,0.0,-0.4383067230125192,-0.898825465016444,曇,曇後時々雨
2026-07-29,44.5,22.0,9.0,22.7,26.6,20.4,95,77.0,1.5,5.3,8.6,0.0,0,0,1003.9,-6.2000000000000455,-1.0,4.0,0.0,1.0,0.0,0.0,-0.45370308603134424,-0.8911529104063088,雨,雨時々曇
2026-07-30,3.0,12.5,2.5,24.0,28.7,20.7,92,74.0,1.3,4.2,6.9,2.8,0,0,1002.4,-1.5,1.3000000000000007,-3.0,0.0,0.0,1.0,0.0,-0.46896519100763184,-0.8832166493127127,曇,曇時々雨
2026-07-31,5.0,1.0,0.5,22.8,25.6,20.7,96,79.0,1.0,2.9,5.6,0.5,0,0,1004.1,1.7000000000000455,-1.1999999999999993,4.0,0.0,1.0,0.0,0.0,-0.48408852163897587,-0.8750190302029955,雨,雨時々曇
2026-08-01,19.0,4.5,1.5,21.2,23.9,20.0,99,85.0,1.2,2.7,5.4,0.0,0,0,1003.1,-1.0,-1.6000000000000014,3.0,0.0,0.0,1.0,0.0,-0.4990686026885319,-0.8665624788845385,曇,曇時々晴
2026-08-02,0.5,0.5,0.5,22.5,27.4,18.2,78,57.0,2.3,4.9,9.2,6.7,0,0,1009.6,6.5,1.3000000000000007,-21.0,0.0,1.0,0.0,0.0,-0.5139010013093103,-0.8578494977869301,晴,晴
2026-08-03,0.0,0.0,0.0,22.5,30.1,16.5,78,48.0,1.9,5.1,8.4,13.0,0,0,1014.7,5.100000000000023,0.0,0.0,1.0,0.0,0.0,0.0,-0.5285813283559292,-0.8488826652214553,晴,晴
2026-08-04,0.0,0.0,0.0,22.6,29.8,16.3,80,49.0,1.7,3.5,6.6,13.3,0,0,1014.0,-0.7000000000000455,0.10000000000000142,2.0,1.0,0.0,0.0,0.0,-0.5431052396834317,-0.8396646346181327,曇,曇一時雨後晴
2026-08-05,0.0,0.0,0.0,23.7,29.9,20.1,84,54.0,1.5,3.4,6.2,10.2,0,0,1011.9,-2.1000000000000227,1.0999999999999979,4.0,0.0,1.0,0.0,0.0,-0.5574684374327892,-0.8301981337405212,晴,晴一時曇
2026-08-06,0.0,0.0,0.0,25.6,31.9,19.0,84,59.0,1.6,3.9,6.2,12.4,0,0,1010.3,-1.6000000000000227,1.9000000000000021,0.0,1.0,0.0,0.0,0.0,-0.5716666713027052,-0.8204859638785327,晴,晴
2026-08-07,0.0,0.0,0.0,26.5,32.1,21.0,82,60.0,1.8,4.3,7.2,13.2,0,0,1008.4,-1.8999999999999773,0.8999999999999986,-2.0,1.0,0.0,0.0,0.0,-0.5856957398073508,-0.8105309990194823,晴,晴時々曇、雷を伴う
2026-08-08,0.0,0.0,0.0,26.7,32.6,22.7,83,59.0,2.1,6.4,11.0,10.2,0,0,1008.4,0.0,0.1999999999999993,1.0,1.0,0.0,0.0,0.0,-0.5995514915196489,-0.8003361849976323,曇,曇時々晴
2026-08-09,0.0,0.0,0.0,24.2,29.2,19.9,85,66.0,1.8,4.5,8.1,3.5,0,0,1010.0,1.6000000000000227,-2.5,2.0,0.0,1.0,0.0,0.0,-0.6132298262997502,-0.7899045386224707,晴,晴時々曇
2026-08-10,0.0,0.0,0.0,22.7,28.6,17.7,79,55.0,2.0,4.6,8.5,6.7,0,0,1011.1,1.1000000000000227,-1.5,-6.0,1.0,0.0,0.0,0.0,-0.6267266965083301,-0.7792391467859886,雨,雨時々曇
2026-08-11,0.0,0.0,0.0,21.8,25.8,17.1,90,71.0,2.5,5.6,10.1,0.7,0,0,1009.3,-1.8000000000000682,-0.8999999999999986,11.0,0.0,0.0,1.0,0.0,-0.6400381082043503,-0.7683431655492202,雨,雨時々曇
2026-08-12,0.0,0.0,0.0,26.0,31.4,21.4,80,54.0,2.4,5.7,11.9,7.1,0,0,1009.9,0.6000000000000227,4.199999999999999,-10.0,0.0,0.0,1.0,0.0,-0.65316012232693,-0.7572198192083127,曇,曇時々晴
2026-08-13,0.0,0.0,0.0,26.6,33.6,21.3,79,50.0,2.0,5.0,9.4,8.1,0,0,1009.8,-0.10000000000002274,0.6000000000000014,-1.0,0.0,1.0,0.0,0.0,-0.666088855860977,-0.7458723993404063,晴,晴後一時曇
2026-08-14,2.5,2.5,2.0,25.9,33.7,20.8,85,50.0,1.6,3.9,7.0,7.5,0,0,1009.7,-0.09999999999990905,-0.7000000000000028,6.0,1.0,0.0,0.0,0.0,-0.6788204829862357,-0.734304263829602,曇,曇後晴一時雨、雷を伴う
2026-08-15,6.5,3.0,2.5,25.3,32.2,22.5,92,62.0,1.3,3.5,6.0,6.5,0,0,1011.2,1.5,-0.5999999999999979,7.0,0.0,1.0,0.0,0.0,-0.6913512362094071,-0.722518835873311,晴,晴
2026-08-16,0.0,0.0,0.0,25.4,31.5,21.4,84,54.0,1.4,3.7,6.1,9.7,0,0,1012.5,1.2999999999999545,0.09999999999999787,-8.0,1.0,0.0,0.0,0.0,-0.7036774074790128,-0.7105196029692745,曇,曇
2026-08-17,0.0,0.0,0.0,24.4,29.9,21.8,89,55.0,1.0,3.0,5.4,1.1,0,0,1014.2,1.7000000000000455,-1.0,5.0,0.0,1.0,0.0,0.0,-0.7157953492826642,-0.6983101158835584,曇,曇一時雨後晴
2026-08-18,0.0,0.0,0.0,25.8,32.4,22.1,90,56.0,1.2,4.1,6.9,4.1,0,0,1015.1,0.8999999999999773,1.4000000000000021,1.0,0.0,1.0,0.0,0.0,-0.7277014757264236,-0.6858939875998223,晴,晴後曇一時雨
2026-08-19,0.0,0.0,0.0,27.5,33.3,22.5,78,49.0,1.4,3.7,8.5,4.9,0,0,1014.5,-0.6000000000000227,1.6999999999999993,-12.0,1.0,0.0,0.0,0.0,-0.7393922635959241,-0.673274892250183,曇,曇一時晴後一時雨、雷を伴う
2026-08-20,5.0,5.0,2.5,26.9,32.8,23.4,87,52.0,1.5,3.5,7.1,6.4,0,0,1013.3,-1.2000000000000455,-0.6000000000000014,9.0,0.0,1.0,0.0,0.0,-0.7508642533989489,-0.6604565640279754,晴,晴
2026-08-21,0.0,0.0,0.0,25.4,31.3,21.4,79,46.0,1.9,5.0,8.3,11.7,0,0,1013.0,-0.2999999999999545,-1.5,-8.0,1.0,0.0,0.0,0.0,-0.7621140503891487,-0.6474427960827475,晴,晴
2026-08-22,0.0,0.0,0.0,24.8,30.9,20.0,78,43.0,1.7,4.2,7.0,12.1,0,0,1014.8,1.7999999999999545,-0.5999999999999979,-1.0,1.0,0.0,0.0,0.0,-0.7731383255706027,-0.6342374393978054,曇,曇時々晴
2026-08-23,0.0,0.0,0.0,24.4,30.3,19.4,85,57.0,1.6,4.2,7.0,6.0,0,0,1015.4,0.6000000000000227,-0.40000000000000213,7.0,0.0,1.0,0.0,0.0,-0.7839338166829201,-0.620844401650647,曇,曇時々雨一時晴
2026-08-24,2.5,2.5,1.5,26.8,31.1,21.9,81,58.0,1.4,4.1,7.8,3.9,0,0,1010.8,-4.600000000000023,2.400000000000002,-4.0,0.0,1.0,0.0,0.0,-0.7944973291665992,-0.6072676460566135,晴,晴時々曇後雨、雷を伴う
2026-08-25,29.5,15.5,6.5,26.2,33.0,22.4,91,52.0,1.7,5.6,13.2,4.3,0,0,1007.4,-3.3999999999999773,-0.6000000000000014,10.0,1.0,0.0,0.0,0.0,-0.8048257371083452,-0.593511190196115,曇,曇一時雨
2026-08-26,0.5,0.5,0.5,23.8,28.2,20.6,88,66.0,1.5,5.6,9.3,4.0,0,0,1009.5,2.1000000000000227,-2.3999999999999986,-3.0,0.0,1.0,0.0,0.0,-0.8149159841660791,-0.5795791048257612,曇,曇後時々雨、雷を伴う
2026-08-27,9.0,8.5,5.0,23.2,28.5,20.2,92,62.0,1.3,4.0,7.4,1.2,0,0,1006.2,-3.2999999999999545,-0.6000000000000014,4.0,0.0,1.0,0.0,0.0,-0.8247650844733614,-0.5654755126737576,晴,晴時々雨一時曇
2026-08-28,3.0,3.0,3.0,22.5,27.3,19.3,80,48.0,2.3,5.7,11.3,7.0,0,0,1007.9,1.6999999999999318,-0.6999999999999993,-12.0,1.0,0.0,0.0,0.0,-0.8343701235229537,-0.5512045872199277,曇,曇時々晴
2026-08-29,0.0,0.0,0.0,21.5,26.9,18.3,78,43.0,1.5,3.7,7.0,6.7,0,0,1011.2,3.300000000000068,-1.0,-2.0,0.0,1.0,0.0,0.0,-0.8437282590292712,-0.5367705514607103,曇,曇時々雨
2026-08-30,1.0,0.5,0.5,20.7,25.2,18.0,84,63.0,1.7,3.8,7.7,0.4,0,0,1011.3,0.09999999999990905,-0.8000000000000007,6.0,0.0,1.0,0.0,0.0,-0.8528367217694595,-0.522177676659508,曇,曇後一時晴
