year,month,0,1,day,3,4,5,6,7,8,9,10,11,12,13,14,15,16,17,18,19,20
2021,8,1,1002.7,1003.2,0.5,0.5,0.5,23.8,25.5,22.3,92,85,4.2,6.8,北北東,9.1,北北東,0.0,--,--,雨時々曇,曇時々雨一時晴
2021,8,2,1006.8,1007.3,--,--,--,25.9,30.7,23.0,85,64,2.2,4.7,北,7.2,北北西,11.0,--,--,晴時々曇,晴時々曇
2021,8,3,1010.1,1010.6,--,--,--,27.3,31.2,23.8,81,64,1.5,4.8,北北西,6.3,北北西,8.0 ),--,--,曇時々晴、雷を伴う,曇時々晴
2021,8,4,1009.4,1009.9,0.0,0.0,0.0,27.8,34.0,24.8,77,52,2.0,5.0,北北東,6.9,北北東,9.7,--,--,曇後晴一時雨、雷を伴う,晴
2021,8,5,1007.2,1007.7,--,--,--,28.4,33.4,24.8,77,60,2.5,5.7,北北東,7.6,北北東,7.0,--,--,晴時々曇,晴時々曇
2021,8,6,1005.7,1006.2,--,--,--,28.0,32.6,24.2,81,64,2.6,4.8,北北西,7.1,北北西,12.6,--,--,晴、雷を伴う,晴後時々曇
2021,8,7,1004.8,1005.3,--,--,--,27.4,33.6,25.1,85,60,2.9,6.9,北西,9.3,西北西,7.5,--,--,晴時々曇,曇時々晴一時雨
2021,8,8,1003.6,1004.1,0.0,0.0,0.0,27.6,32.8,24.6,82,59,4.1,8.2,東北東,12.1,北東,8.4,--,--,曇後晴一時雨,曇時々雨
2021,8,9,1001.7,1002.2,8.0,4.0,2.0,23.1,26.8,21.4,85,73,6.8,10.0,東北東,17.1,東北東,0.0,--,--,雨時々曇,雨
2021,8,10,997.3,997.8,32.5,6.0,3.0,19.8,21.9,18.5,92,80,5.2,10.9,北北東,15.1,北北東,0.0,--,--,雨後時々曇,雨時々曇
2021,8,11,1011.6,1012.1,0.5,2.0,0.5,19.3,22.9,16.8,83,66,3.5,5.8,東,8.1,東,0.9,--,--,曇時々雨,曇時々雨
2021,8,12,1013.9,1014.4,0.5,0.5,0.5,19.4,23.5,16.2,78,64,3.4,6.7,東北東,9.1,東,0.5,--,--,曇時々雨,曇一時晴後一時雨、霧を伴う
2021,8,13,1012.6,1013.1,0.0,0.0,0.0,18.9,22.1,16.4,72,63,4.2,6.8,東,10.0,東南東,1.1,--,--,曇後一時雨,曇時々雨
2021,8,14,1011.7,1012.2,0.0,0.0,0.0,17.8,19.9,16.4,78,71,7.5,10.2,東北東,14.4,東北東,0.0,--,--,雨,雨時々曇
2021,8,15,1014.4,1014.9,0.0,0.0,0.0,19.5,22.9,17.1,75,63,6.2,9.9,東北東,13.9,東,3.2,--,--,曇一時雨,曇時々雨一時晴
2021,8,16,1017.1,1017.6,0.0,0.0,0.0,20.3,25.0,17.4,77,61,3.1,6.0,東北東,8.2,東北東,5.4,--,--,曇時々晴一時雨,晴一時曇
2021,8,17,1015.5,1016.0,10.5,9.0,2.5,20.9,26.0,16.1,81,61,2.8,6.5,東北東,8.2,東北東,6.1,--,--,曇時々晴,大雨時々曇
2021,8,18,1007.8,1008.3,27.0,10.5,4.0,22.7,27.9,19.5,83,66,4.6,8.4,南西,12.9,西南西,2.8,--,--,雨時々曇,晴時々曇
2021,8,19,1014.0,1014.5,0.0,0.0,0.0,23.3,27.6,20.9,77,60,3.6,6.5,南南西,9.2,南西,2.5,--,--,曇一時雨,曇時々雨一時晴
2021,8,20,1017.3,1017.8,0.0,0.0,0.0,23.2,27.4,20.5,84,67,2.7,4.9,北西,6.7,北西,10.8,--,--,晴一時曇,晴後時々曇
2021,8,21,1015.3,1015.8,0.0,0.0,0.0,23.2,26.9,20.8,88,72,2.3,4.9,北北西,6.8,北北西,1.6,--,--,曇後一時雨、雷を伴う,曇時々晴一時雨
2021,8,22,1010.9,1011.4,7.5,6.0,3.0,22.7,24.8,21.7,94,83,2.4,4.6,北西,6.9,北西,0.3,--,--,雨時々曇,雨時々曇、雷を伴う
2021,8,23,1009.4,1009.9,3.0,2.5,1.0,23.9,29.8,21.6,87,52,1.9,5.2,北西,7.8,北北西,6.2,--,--,曇一時雨後晴、雷を伴う,曇時々晴
2021,8,24,1009.8,1010.3,1.0,1.0,0.5,24.1,29.5,21.0,81,52,2.4,5.5,東北東,7.3,東北東,4.7,--,--,曇時々晴,大雨時々曇
2021,8,25,1005.1,1005.6,62.5,15.0,5.0,22.3,24.2,21.2,97,88,1.9,5.9,東北東,8.3,東北東,0.0,--,--,雨時々曇,曇時々雨
2021,8,26,1009.1,1009.6,0.0,0.0,0.0,24.8,29.3,22.2,84,66,3.4,7.4,西,11.6,西,3.0,--,--,曇一時晴後一時雨,曇時々晴
2021,8,27,1010.6,1011.1,--,--,--,25.3,30.2,21.8,77,60,3.4,5.8,北西,8.2,西,4.6,--,--,曇時々晴,雨時々曇
2021,8,28,1008.9,1009.4,0.0,0.0,0.0,24.7,29.8,21.1,69,49,3.6,6.6,西北西,9.5,北西,6.1,--,--,曇時々晴一時雨,晴一時雨
2021,8,29,1010.5,1011.0,0.0,0.0,0.0,25.2,30.8,19.8,65,45,3.4,6.7,西,11.2,西,9.6,--,--,晴後一時曇,曇一時晴後雨
2021,8,30,1010.5,1011.0,0.0,0.0,0.0,24.9,29.6,21.1,69,47,3.9,7.3,南西,11.3,南南西,8.0,--,--,曇一時雨後晴,晴後一時雨一時曇
2021,8,31,1012.5,1013.0,0.5,0.5,0.5,22.1,26.0,18.5,69,51,4.8,9.3,西北西,13.7,西,7.1,--,--,曇時々晴,曇後一時晴
2021,9,1,1012.2,1012.7,--,--,--,21.0,26.4,17.2,68,38,2.9,5.2,北西,7.4,北西,8.2,--,--,曇時々晴,晴時々曇
2021,9,2,1010.6,1011.1,--,--,--,20.3,26.4,15.2,73,53,3.2,7.1,北北東,9.8,北東,10.7,--,--,晴,晴
2021,9,3,1012.4,1012.9,--,--,--,20.7,27.5,13.5,67,44,3.5,8.7,東,12.9,東北東,9.6,--,--,晴後一時曇,曇時々晴
2021,9,4,1016.5,1017.0,--,--,--,21.3,26.1,18.5,66,47,5.3,9.0,東北東,13.5,東,6.1,--,--,曇時々晴,曇後晴一時雨
2021,9,5,1019.9,1020.4,0.0,0.0,0.0,20.2,24.7,16.9,68,49,5.4,8.9,東,11.8,東,8.4,--,--,雨時々曇後晴,晴一時曇
2021,9,6,1019.8,1020.3,--,--,--,19.5,24.5,14.8,67,52,4.3,6.9,東北東,9.8,東北東,9.7 ),--,--,晴後一時曇,晴
2021,9,7,1017.5,1018.0,--,--,--,18.7,25.2,12.0,67,46,3.4,8.5,東北東,11.9,東,10.1,--,--,晴時々曇,曇
2021,9,8,1012.2,1012.7,0.0,0.0,0.0,18.4,21.2,15.5,72,59,1.9,4.4,西北西,6.5,南,0.4,--,--,曇一時雨,曇時々晴後雨
2021,9,9,1010.7,1011.2,18.5,11.5,6.5,20.1,24.8,16.1,90,74,1.8,5.6,北,7.8,北,2.3,--,--,曇後雨一時晴、雷を伴う,曇時々雨一時晴
2021,9,10,1013.7,1014.2,--,--,--,21.9,26.4,19.0,80,57,2.2,4.6,北,6.2,北,5.2,--,--,曇時々晴,曇後一時晴
2021,9,11,1011.4,1011.9,--,--,--,21.8,26.9,16.4,80,57,2.2,4.9,北西,6.4,北西,10.7,--,--,晴,晴後一時曇
2021,9,12,1008.1,1008.6,2.0,1.5,1.5,22.4,29.1,17.8,72,50,4.5,9.7,南西,14.3,南,8.4,--,--,晴後雨一時曇、雷を伴う,晴後雨時々曇、雷を伴う
2021,9,13,1015.3,1015.8,0.5,0.5,0.5,20.3,24.4,17.8,70,55,5.2,9.9,西,15.4,西,7.9,--,--,雨後曇時々晴,曇後一時雨
2021,9,14,1019.2,1019.7,0.0,0.0,0.0,18.5,22.1,16.0,66,51,3.2,7.0,北北東,9.4,東北東,6.7,--,--,曇後晴,曇後晴時々雨
2021,9,15,1018.2,1018.7,0.0,0.0,0.0,17.7,23.7,13.4,75,55,3.5,8.1,東,11.4,東北東,6.8,--,--,曇時々晴一時雨,晴
2021,9,16,1017.9,1018.4,--,--,--,18.7,23.8,12.9,64,45,3.2,7.8,東南東,11.4,南東,10.7,--,--,晴後時々曇,曇後一時晴
2021,9,17,1014.0,1014.5,0.0,0.0,0.0,19.1,23.6,14.4,76,54,2.0,5.4,北北東,7.9,北,5.2,--,--,曇時々晴,雨時々曇
2021,9,18,1009.5,1010.0,13.5,6.0,2.0,19.2,22.4,16.1,90,76,3.4,8.3,北北西,11.7,北北西,0.5,--,--,雨時々曇,晴
2021,9,19,1014.5,1015.0,--,--,--,20.5,27.0,14.8,71,40,3.4,6.4,南西,8.9,南西,11.0,--,--,晴後一時曇,曇後時々晴
2021,9,20,1017.6,1018.1,--,--,--,20.4,26.6,15.5,71,45,2.3,4.9,西南西,6.9,北北西,9.1,--,--,晴時々曇,晴
2021,9,21,1013.6,1014.1,--,--,--,19.7,25.1,13.6,81,66,2.0,4.4,北北西,6.4,北北西,9.1,--,--,晴時々曇,晴一時曇
2021,9,22,1007.8,1008.3,1.5,1.0,0.5,22.0,27.2,15.9,79,52,3.1,7.4,南南西,12.1,南南西,4.6,--,--,雨時々晴後曇,雨後曇時々晴
2021,9,23,1009.3,1009.8,0.0,0.0,0.0,22.9,27.4,18.8,70,53,4.3,8.7,南西,12.8,南西,7.1,--,--,雨時々曇後晴、雷を伴う,晴時々雨一時曇、雷を伴う
2021,9,24,1018.8,1019.3,9.0,4.0,2.5,18.0,20.0,15.8,86,73,3.5,7.1,西,11.5,西,0.0,--,--,雨時々曇,雨時々曇後晴
2021,9,25,1026.3,1026.8,--,--,--,16.8,21.9,11.9,70,51,3.6,7.2,北北東,10.2,北北東,11.4,--,--,晴,曇時々晴
2021,9,26,1022.2,1022.7,--,--,--,16.7,24.3,10.8,76,48,2.1,7.4,東,9.8,東北東,7.9,--,--,曇時々晴,晴
2021,9,27,1019.2,1019.7,--,--,--,17.5,24.5,11.2,75,50,2.8,6.7,東,9.4,東,9.7,--,--,晴,曇時々晴
2021,9,28,1017.1,1017.6,--,--,--,18.4,25.4,13.1,77,52,2.4,6.2,東,8.9,東,7.8,--,--,晴時々曇,晴後一時曇
2021,9,29,1013.3,1013.8,0.0,0.0,0.0,19.4,25.9,12.9,78,58,2.2,4.9,東,6.5,東北東,8.5,--,--,曇後晴一時雨,曇一時雨
2021,9,30,1006.5,1007.0,10.5,10.0,3.5,21.7,26.4,18.7,81,53,3.7,9.4,南南西,13.8,南南西,1.0,--,--,曇一時晴後雨,雨後曇一時晴
2021,10,1,1006.6,1007.1,5.0,2.0,1.0,19.1,22.5,16.8,88,52,3.0,8.2,東北東,11.3,東北東,0.5,--,--,雨時々曇、霧を伴う,曇時々雨
2021,10,2,1008.3,1008.8,0.0,0.0,0.0,18.7,23.6,15.2,70,51,3.8,9.9,西,15.0,西北西,6.2,--,--,曇一時雨後晴,晴一時曇
2021,10,3,1020.7,1021.2,--,0.0,--,18.5,24.4,12.6,61,37,3.8,9.0,西南西,13.3,西,10.9,--,--,晴,晴
2021,10,4,1019.2,1019.7,--,--,--,23.9,30.3,15.9,56,36,6.2,11.7,南西,17.0,南西,9.7,--,--,晴後一時曇,曇一時晴後一時雨
2021,10,5,1017.8,1018.3,45.0,14.5,3.5,18.4,22.5,14.5,87,67,3.5,6.5,北北東,9.2,東北東,0.0,--,--,雨時々曇,大雨
2021,10,6,1019.6,1020.1,4.0,2.5,1.5,15.3,20.7,11.6,75,49,2.9,7.5,西北西,10.4,北西,5.8,--,--,曇一時雨後晴,曇時々晴
2021,10,7,1019.5,1020.0,12.5,3.0,1.0,14.0,18.9,9.4,81,54,2.6,6.5,東,8.9,東,1.0,--,--,曇後時々雨,雨
2021,10,8,1020.7,1021.2,15.0,6.0,2.5,16.2,20.1,13.5,86,59,2.1,4.9,西北西,7.5,西北西,0.4,--,--,曇時々雨,曇後時々晴
2021,10,9,1027.7,1028.2,--,--,--,15.2,22.4,9.8,72,31,2.3,5.6,北,8.1,北,10.6,--,--,晴後一時曇,晴時々曇
2021,10,10,1018.8,1019.3,--,--,--,19.0,27.8,8.8,71,52,3.8,8.3,南南西,14.4,南西,6.7,--,--,晴時々曇,曇一時晴後一時雨
2021,10,11,1015.8,1016.3,18.5,5.0,2.0,17.7,24.9,14.1,85,62,4.2,9.3,南南西,14.9,南西,0.0,--,--,雨時々曇,曇一時雨
2021,10,12,1026.4,1026.9,--,--,--,14.8,20.5,10.5,73,47,3.0,7.4,東,10.3,東,9.3,--,--,晴時々曇,晴時々曇
2021,10,13,1025.3,1025.8,--,--,--,15.5,20.3,9.8,71,52,3.7,8.9,東,13.3,東,7.6,--,--,晴後時々曇,晴後一時雨
2021,10,14,1018.0,1018.5,0.0,0.0,0.0,15.2,20.2,9.4,84,66,2.4,5.9,北北東,7.9,北北東,5.5,--,--,曇一時雨後晴,曇時々晴一時雨
2021,10,15,1015.0,1015.5,2.0,1.5,0.5,14.9,17.4,9.6,84,62,3.1,5.6,南西,8.8,西南西,0.0,--,--,雨時々曇,曇時々晴
2021,10,16,1013.9,1014.4,5.5,1.5,1.0,12.1,14.7,9.6,87,62,1.8,5.2,南東,7.8,南東,0.0,--,--,雨時々曇,雨
2021,10,17,1015.4,1015.9,4.5,1.5,0.5,8.6,12.9,5.7,75,44,5.1,10.1,北西,18.2,西北西,2.0,--,--,雨後曇一時晴,雨時々曇
2021,10,18,1023.5,1024.0,0.5,0.5,0.5,8.2,12.9,4.7,77,48,2.0,4.1,南西,6.7,西北西,2.2,--,--,曇時々雨一時晴,晴後一時曇
2021,10,19,1014.7,1015.2,0.5,0.5,0.5,10.4,17.4,3.6,80,48,1.6,3.8,北,5.0,北北西,6.4,--,--,晴後時々曇,曇一時晴後時々雨
2021,10,20,1002.3,1002.8,6.0,3.5,1.0,11.7,15.7,9.4,86,62,3.1,9.1,北西,13.6,北北西,0.1,--,--,雨時々曇,雨時々曇、雷を伴う
2021,10,21,1014.4,1014.9,8.5,2.5,1.5 ),8.2,11.6,6.2,84,58,4.4,9.6,西北西,17.3,西,1.8,--,--,雨時々曇、雷を伴う,晴時々曇一時雨
2021,10,22,1017.1,1017.6,0.0,0.0,0.0,9.3,13.8,5.4,74,46,3.0,6.4,西南西,10.2,西南西,6.2,--,--,晴後雨時々曇,雨時々曇、雷を伴う
2021,10,23,1018.9,1019.4,3.0,2.0,1.0,7.9,10.7,5.6,80,64,3.9,8.0,北北西,12.4,北北西,5.1,--,--,曇時々雨一時晴、雷を伴う,曇一時晴後一時雨
2021,10,24,1023.4,1023.9,0.0,0.0,0.0,13.7,19.0,9.3,65,45,4.8,9.2,西,13.7,西,8.7,--,--,晴,晴後時々雨
2021,10,25,1023.8,1024.3,0.0,0.0,0.0,13.4,18.8,9.2,74,53,2.1,4.8,北北東,6.3,北東,4.5,--,--,曇時々晴,曇一時晴
2021,10,26,1017.7,1018.2,0.0,0.0,0.0,11.4,15.2,8.8,82,67,1.4,3.1,南南西,3.6,南東,0.0,--,--,曇後雨時々晴,晴後一時雨
2021,10,27,1013.7,1014.2,3.5,3.5,1.0,13.5,18.4,8.0,78,51,2.7,6.4,南西,8.8,南西,3.1,--,--,曇時々雨一時晴,晴一時曇後雨
2021,10,28,1014.5,1015.0,5.5,2.5,1.5,12.1,17.9,8.0,76,43,4.4,10.7,西,16.7,西,5.7,--,--,晴時々雨、雷を伴う,雨時々曇後晴、雷を伴う
2021,10,29,1021.8,1022.3,--,--,--,11.1,16.5,6.9,73,48,3.4,6.8,北,10.2,北北東,5.8,-- ),--,晴時々曇,晴
2021,10,30,1025.0,1025.5,--,--,--,10.3,16.4,5.4,77,51,2.4,4.9,南西,7.8,南西,2.9,--,--,曇時々晴,曇時々晴
2021,10,31,1023.4,1023.9,0.0,0.0,0.0,11.6,17.7,6.1,77,46,1.3,3.1,西南西,4.2,南南西,2.5,--,--,曇後一時雨,晴後曇一時雨
2021,11,1,1021.4,1021.9,0.0,0.0,0.0,13.0,18.4,8.0,79,55,3.1,6.8,東,10.5,東,7.2 ),--,--,晴時々曇,曇後晴時々雨
2021,11,2,1015.3,1015.8,4.0,2.5,1.5,13.8,18.9,9.3,83,52,2.1,5.2,南南東,7.9,南東,4.4,--,--,晴後曇一時雨、雷を伴う,晴時々曇一時雨
2021,11,3,1012.6,1013.1,0.0,0.0,0.0,12.0,17.3,8.2,83,61,2.6,6.4,東,9.1,東,5.0,--,--,晴後曇一時雨,晴時々曇後雨
2021,11,4,1014.1,1014.6,0.5,0.5,0.5,12.4,17.3,8.8,76,48,3.4,7.0,西北西,10.3,西北西,4.9,--,--,曇後晴一時雨,曇時々晴
2021,11,5,1018.3,1018.8,--,--,--,10.9,16.4,6.3,81,59,1.9,4.3,北北東,5.7,北北東,4.2,--,--,晴時々曇,晴後一時曇
2021,11,6,1021.6,1022.1,--,--,--,10.2,16.3,5.4,80,58,2.1,5.1,北,7.9,北,9.1,--,--,晴,晴
2021,11,7,1024.5,1025.0,--,--,--,10.7,17.2,4.5,76,50,2.5,5.5,西南西,7.9,南西,7.8,--,--,晴後時々曇,晴時々曇
2021,11,8,1021.3,1021.8,--,--,--,12.8,20.3,4.8,73,47,2.2,4.6,東南東,7.6,東,7.7,--,--,晴後時々曇,曇
2021,11,9,1006.8,1007.3,22.0,8.5,3.0,15.9,20.4,12.7,79,50,3.8,9.4,南東,17.3,東南東,0.0,--,--,雨時々曇,雨
2021,11,10,996.9,997.4,20.5,6.5,1.5,11.5,15.8,9.7,82,54,4.4,8.9,南南西,13.5,南南西,3.3,--,--,曇時々晴後雨,雨時々曇、雷を伴う
2021,11,11,1000.7,1001.2,12.0,2.5,1.5,8.9,11.1,7.3,88,76,3.0,7.2,南南西,11.1,南西,0.1,--,--,雨時々曇,雨時々曇一時晴
2021,11,12,1006.6,1007.1,9.0,3.5,1.5,7.8,11.5,6.0,87,67,3.2,6.4,西南西,12.8,西南西,1.6,--,--,雨時々曇一時晴、雷を伴う,雨時々曇
2021,11,13,1013.8,1014.3,2.5,1.0,0.5,9.0,11.9,6.8,77,55,4.1,7.5,西,12.3,西,2.0,--,--,雨時々曇一時晴,雨時々曇一時晴
2021,11,14,1013.7,1014.2,4.0,1.5,1.0,11.6,15.1,7.9,79,63,4.2,8.3,南南西,13.2,南南西,0.9,--,--,雨時々曇,雨時々曇一時晴、雷を伴う
2021,11,15,1015.6,1016.1,0.5,0.5,0.5,9.6,14.0,6.9,71,45,3.8,8.3,西北西,12.6,西北西,3.0,--,--,曇後雨時々晴,雨一時晴後曇
2021,11,16,1019.3,1019.8 ),0.0 ),0.0 ),0.0 ),7.4 ),10.4 ),4.9 ),65 ),49 ),3.4 ),8.1 ),西 ),13.0 ),西 ),0.2,--,--,×,曇時々晴後雨
2021,11,17,1020.8,1021.3,0.0,0.0,0.0,7.4,11.8,2.7,67,42,3.9,7.9,西,12.4,西北西,4.6,--,--,曇時々雨後晴,晴後一時曇
2021,11,18,1015.8,1016.3,0.5,0.5,0.5,8.7,16.1,1.5,76,36,3.1,8.7,南南西,12.9,南南西,2.4,--,--,曇後雨時々晴,雨時々曇一時晴、雷を伴う
2021,11,19,1012.6,1013.1,9.0,3.5,2.0,11.8,17.9,8.2,76,47,4.9,12.1,西,21.2,西,3.7,--,--,雨時々晴一時曇、雷を伴う,雨時々曇後晴
2021,11,20,1020.7,1021.2,--,--,--,7.3,10.5,4.5,64,49,2.7,6.3,西,9.6,西北西,2.9,--,--,曇時々晴,曇時々晴一時雨
2021,11,21,1021.7,1022.2,0.0,0.0,0.0,8.1,11.5,4.5,69,52,2.2,5.3,南西,7.3,西南西,0.7,--,--,曇一時晴,雨後曇一時晴
2021,11,22,1005.1,1005.6,8.0,4.0,2.0,8.9,12.8,5.8,89,79,2.9,9.5,西南西,16.8,西,0.0,--,--,曇後時々雨,雨
2021,11,23,1000.0,1000.5,19.0,3.0,1.0,4.7,8.3,1.7,83,58,4.5,11.0,西,18.4,西,0.0,--,--,雨,雨時々みぞれ
2021,11,24,1003.5,1004.0,12.5,2.5,1.5,2.9,5.1,1.8,85,63,5.1,10.8,西南西,17.1,西南西,0.5,--,--,みぞれ時々雨,みぞれ後時々雨
2021,11,25,1008.0,1008.5,16.0,2.5,1.0,3.2,4.4,2.0,87,72,5.0,8.0,南南西,13.0,南西,0.0,--,--,雨、みぞれを伴う,みぞれ時々雨
2021,11,26,1012.7,1013.2,13.0,3.0,1.0,1.8,3.5,0.8,91,82,3.9,7.6,西南西,11.5,西,0.1,--,--,みぞれ後一時雨一時曇,みぞれ時々曇一時晴
2021,11,27,1019.2,1019.7,5.0,2.0,1.0,3.0,7.4,0.8,88,69,3.8,6.0,南南西,10.3,西南西,2.8,1,1,みぞれ後曇時々雨、雷を伴う,晴一時雨後曇
2021,11,28,1028.4,1028.9,0.0,0.0,0.0,4.8,10.1,0.7,73,45,3.8,8.1,西,13.0,西北西,5.7,--,--,晴一時曇、みぞれを伴う,晴後雨時々曇
2021,11,29,1024.2,1024.7,2.5,1.5,0.5,8.8,11.5,5.0,70,57,5.7,10.2,南南西,15.0,南南西,4.4,--,--,曇時々晴一時雨,雨時々曇一時晴
2021,11,30,1015.9,1016.4,1.0,0.5,0.5,9.9,16.0,6.2,78,49,2.6,6.1,南南西,9.9,南西,5.6,--,--,晴時々曇,曇後一時雨
2021,12,1,996.5,997.0,9.0,2.5,1.5,7.6,13.7,1.4,68,49,7.2,13.4,西南西,24.2,西南西,0.8,--,--,雨後みぞれ時々曇,雪一時みぞれ
2021,12,2,1008.8,1009.3,5.0,1.0,0.5,1.8,6.5,-1.2,75,48,8.1,14.3,西南西,24.7,西南西,0.4,3,3,雪後時々曇、みぞれを伴う,晴後雨時々曇、みぞれを伴う
2021,12,3,1009.1,1009.6,6.0,2.5,1.5,8.4,13.7,5.2,73,41,6.0,10.7,南南西,17.5,南南西,7.6,--,1,雨時々晴一時曇,雨後曇時々みぞれ
2021,12,4,1012.7,1013.2,19.5,3.5,1.0,1.8,5.6,-0.9,87,59,3.1,6.8,西北西,11.3,西,0.6,18,17,みぞれ時々曇一時雨後時々雪,雪、雷を伴う
2021,12,5,1027.6,1028.1,2.5,1.0,0.5,1.0,2.7,-1.2,84,73,4.2,8.0,西,13.1,西北西,0.2,2,19,雪時々曇,曇
2021,12,6,1028.0,1028.5,0.0,0.0,0.0,4.7,9.3,1.5,81,58,2.4,4.8,南,7.2,南,5.1,--,12,晴時々曇,曇時々晴一時雨
2021,12,7,1024.3,1024.8,0.0,0.0,0.0,7.8,11.6,2.7,86,73,2.2,4.7,北東,6.9,東北東,4.9,--,3,曇時々晴,曇後時々雨
2021,12,8,1026.0,1026.5,0.0,0.0,0.0,7.4,9.5,2.2,73,58,3.3,6.6,北東,9.8,北東,0.0,--,--,曇,曇後一時晴
2021,12,9,1030.5,1031.0,--,--,--,4.1,11.3,-0.3,79,49,1.9,4.8,東北東,6.7,東北東,8.5,--,--,晴,晴
2021,12,10,1025.3,1025.8,--,--,--,3.0,9.1,-2.1,82,61,1.7,2.8,南西,3.6,南西,7.5,--,--,晴後時々曇,曇時々晴
2021,12,11,1019.9,1020.4,0.5,0.5,0.5,6.2,11.4,0.2,78,57,3.1,7.5,西,11.2,西,0.9,--,--,曇時々晴一時雨,曇時々晴
2021,12,12,1009.7,1010.2,7.5,2.0,1.0,7.4,10.6,1.8,77,62,4.4,9.2,西南西,16.9,西南西,0.4,--,--,雨時々曇,雨時々みぞれ後雪一時曇
2021,12,13,1009.7,1010.2,9.5,2.5,1.0,-0.1,2.7,-2.7,76,49,8.9,14.2,西,22.1,西南西,0.4,9,7,雪,雪時々曇、みぞれを伴う
2021,12,14,1016.3,1016.8,2.0,1.5,0.5,4.6,6.6,1.2,72,57,4.7,7.8,南西,11.7,西南西,0.9,--,6,みぞれ後雨時々曇,雨一時晴
2021,12,15,1014.8,1015.3,7.5,4.5,1.0,5.4,8.1,3.1,81,58,4.0,8.4,西南西,13.7,西南西,0.3,--,--,雨時々曇,雨後曇時々みぞれ一時晴
2021,12,16,1014.7,1015.2,0.5,0.5,0.5,4.5,5.9,3.1,85,66,1.7,4.5,西北西,6.8,南西,0.0,--,--,雨時々曇,雨時々曇
2021,12,17,999.9,1000.4,4.5,2.0,1.0,3.3,7.5,-3.0,84,55,4.0,9.2,北北西,18.3,北西,0.0,--,--,雨後曇時々雪一時みぞれ,雪時々曇
2021,12,18,1007.8,1008.3,12.0,2.5,1.0,-4.1,-2.1,-5.4,86,61,5.8,9.3,西,15.4,西,0.0,19,18,雪,雪時々曇
2021,12,19,1010.5,1011.0,19.0,4.5,1.5,-1.2,0.3,-3.0,91,78,3.6,7.2,南南西,10.7,南南西,0.2,25,39,雪,雪
2021,12,20,1012.6,1013.1,7.0,2.0,1.0,0.2,3.1,-1.3,88,69,4.2,8.3,南西,13.3,南西,1.7,6,41,雪後一時曇一時晴、みぞれを伴う,みぞれ時々曇一時雪
2021,12,21,1007.2,1007.7,6.0,2.0,1.5,3.3,7.9,-1.2,84,58,3.3,8.3,西,15.3,西,2.1,--,35,雨後曇時々晴、雷を伴う,みぞれ時々雨後雪一時曇
2021,12,22,1014.1,1014.6,2.5,1.5,0.5,-1.0,2.8,-2.1,79,58,5.9,9.4,西,17.2,西,0.5,7,21,雪時々曇,雪時々晴一時曇
2021,12,23,1019.7,1020.2,1.5,0.5,0.5,-0.5,1.1,-1.8,84,70,5.1,9.2,南西,13.3,南西,0.7,4,22,雪時々曇,雪時々曇一時晴
2021,12,24,1019.1,1019.6,13.0,3.5,1.5,-1.6,-0.3,-3.1,91,74,2.6,5.1,北西,7.4,西北西,0.0,18,36,雪,雪
2021,12,25,1010.8,1011.3,9.5,2.0,0.5,-4.4,-2.5,-7.3,88,61,4.3,8.5,西,14.5,西南西,0.0,21,54,雪,雪
2021,12,26,1008.6,1009.1,9.0,2.5,1.0,-4.7,-0.8,-7.6,77,44,5.6,10.0,北北西,15.3,西南西,2.1,13,56,雪時々曇一時晴,雪時々曇
2021,12,27,1010.9,1011.4,49.5,5.5,1.5,-4.8,-3.8,-5.4,92,83,3.4,7.0,西南西,11.4,西南西,0.0,52,107,大雪,大雪
2021,12,28,1017.7,1018.2,18.5,4.5,1.0,-3.6,-1.6,-5.3,87,72,4.6,8.6,西南西,12.8,南西,0.5,12,111,雪時々曇,雪時々曇一時晴
2021,12,29,1014.3,1014.8,0.5,0.5,0.5,1.2,4.0,-2.1,82,68,3.4,6.8,南南西,9.4,南南西,0.8,--,101,曇時々雪後みぞれ,みぞれ時々曇一時晴
2021,12,30,1007.4,1007.9,2.0,0.5,0.5,0.4,3.3,-3.9,84,65,3.5,7.2,西南西,11.1,西,2.0,3,79,曇一時晴後雪、みぞれを伴う,雪
2021,12,31,1008.4,1008.9,6.5,1.5,0.5,-5.7,-3.5,-6.9,82,58,5.2,8.6,西,15.0,西北西,0.0,10,78,雪,雪
2022,1,1,1015.1,1015.6,6.0,2.0,1.0,-5.3,-1.8,-7.3,82,60,5.1,9.6,北西,15.5,北西,0.4,10,85,雪時々曇一時晴,雪時々曇一時晴
2022,1,2,1014.7,1015.2,10.5,4.0,1.5,0.6,4.1,-2.4,77,55,5.0,10.5,西南西,20.1,西南西,4.5,5,80,曇後みぞれ時々晴、雷を伴う,雪時々曇、雷を伴う
2022,1,3,1013.6,1014.1,4.5,0.5,0.5,-2.4,-0.4,-4.2,76,54,7.5,11.7,西南西,19.0,西南西,0.1,2,75,雪,雪
2022,1,4,1012.9,1013.4,8.5,1.5,0.5,-4.1,-0.8,-5.5,87,60,4.7,9.9,北西,14.4,西北西,0.0,19,88,雪,雪後一時晴
2022,1,5,1020.7,1021.2,3.0,2.0,1.0,-3.0,2.1,-8.2,86,72,3.4,5.0,南西,7.7,西北西,6.7 ),4,91,晴後曇一時雪,雪時々晴
2022,1,6,1021.5,1022.0,0.0,0.5,0.0,-1.0,2.6,-3.7,81,54,2.5,5.2,南西,8.6,南西,5.0,1,83,雪後晴時々曇,雪時々晴
2022,1,7,1016.8,1017.3,19.0,5.0,1.5,-1.3,0.4,-2.4,91,74,3.9,9.1,西北西,15.1,西,0.0,25,101,大雪,雪
2022,1,8,1017.8,1018.3,1.0,0.5,0.5,0.5,3.9,-2.5,81,69,5.0,7.5,南西,12.6,南南西,0.6,5,103,雪時々曇一時晴,晴後みぞれ時々雨一時曇
2022,1,9,1014.5,1015.0,8.5,1.5,1.0,0.9,3.3,-2.3,89,66,4.1,8.4,西,14.7,西,0.0,8,91,みぞれ一時雨後雪,雪時々曇一時晴
2022,1,10,1020.1,1020.6,0.0,0.0,0.0,-0.7,3.1,-4.1,80,56,2.8,6.2,西,9.4,西,6.7,--,89,雪時々曇後晴,晴後時々曇
2022,1,11,1003.6,1004.1,2.5,1.0,0.5,0.1,3.8,-4.1,85,68,2.2,9.8,西,15.4,西,0.0,--,80,曇後みぞれ時々雪一時雨,みぞれ時々雨後雪一時曇
2022,1,12,991.8,992.3,12.5,3.0,1.0,0.5,3.4,-2.4,84,67,8.5,14.6,西南西,22.9,西南西,1.2,6,79,雪後みぞれ一時雨,雪一時みぞれ
2022,1,13,997.6,998.1,5.0,1.5,0.5,-1.5,0.7,-3.7,84,61,6.0,9.4,西,16.1,西,0.2,7,84,雪,雪
2022,1,14,1001.8,1002.3,10.5,2.5,0.5,-1.1,0.9,-3.7,87,71,5.8,9.1,西南西,16.3,南西,0.8,15,95,雪時々曇,雪時々曇
2022,1,15,1015.6,1016.1,2.0,1.0,0.5,0.3,1.9,-1.2,80,66,4.7,7.6,西南西,10.8,西,0.0,5,97,雪時々曇,曇一時雪後晴
2022,1,16,1013.9,1014.4,2.0,1.0,0.5,0.2,2.5,-4.0,87,68,2.0,5.6,南南東,7.7,南,0.0,--,91,曇後雪時々みぞれ,みぞれ一時曇後一時雪
2022,1,17,1009.5,1010.0,5.0,2.5,1.0,-0.3,2.5,-3.2,79,58,5.6,9.0,南西,14.1,西,3.9,5,86,雪時々曇一時晴,晴後雪時々曇
2022,1,18,1009.3,1009.8,2.0,1.0,1.0,-3.3,-1.7,-5.4,84,71,3.9,6.7,南西,10.1,南西,2.9,5,88,雪時々曇一時晴,晴後一時雪
2022,1,19,1014.6,1015.1,0.5,0.5,0.5,-1.1,3.1,-6.2,80,49,2.2,5.2,東南東,7.2,南東,6.2,1,84,晴後雪時々曇,雪後曇時々晴
2022,1,20,1012.5,1013.0,0.0,0.0,0.0,-1.1,2.2,-3.6,85,72,2.9,7.4,東北東,10.6,東北東,1.1,--,83,雪時々曇,晴時々曇
2022,1,21,1019.3,1019.8,0.0,0.0,0.0,-0.8,2.5,-5.6,72,53,2.7,7.2,北西,10.1,北西,5.1,1,81,晴後曇一時雪,曇一時晴後雪
2022,1,22,1023.4,1023.9,1.0,0.5,0.5,-0.2,1.4,-1.5,81,65,3.4,6.3,南南西,9.1,南南西,1.1,4,84,雪時々曇,晴時々雪一時曇
2022,1,23,1019.1,1019.6,3.0,1.5,0.5,0.5,4.2,-3.3,74,49,2.5,5.1,南西,7.0,南西,4.7,6,84,曇後晴時々雪,雪時々みぞれ一時晴
2022,1,24,1016.2,1016.7,1.5,1.5,0.5,0.1,2.4,-2.8,82,54,3.2,9.6,北北西,14.1,北北西,1.3,2,85,曇時々雪一時晴,晴後曇一時雪
2022,1,25,1019.7,1020.2,0.0,0.0,0.0,0.4,2.9,-2.3,77,59,2.4,4.2,西南西,6.3,西南西,0.0,--,83,曇一時晴後一時雪,晴一時曇
2022,1,26,1015.9,1016.4,0.0,0.0,0.0,0.1,4.0,-4.1,78,54,1.9,4.0,西北西,5.8,北西,0.7,--,81,曇後一時雪一時みぞれ,雪時々曇、みぞれを伴う
2022,1,27,1014.8,1015.3,17.0,4.0,1.0,-0.6,1.2,-2.1,90,75,4.9,8.9,西南西,13.9,西南西,1.5,32,110,雪,大雪
2022,1,28,1012.8,1013.3,14.0,4.5,1.5,-1.7,1.4,-3.0,90,66,4.3,6.7,南西,10.9,南西,1.2,20,124,雪後一時雨一時曇,雪
2022,1,29,1010.2,1010.7,5.5,3.5,1.0,-2.7,-0.1,-4.4,83,62,6.1,10.1,西南西,15.4,西南西,1.4,7,129,雪,雪時々曇一時晴
2022,1,30,1011.6,1012.1,3.5,1.5,0.5,-4.5,-2.6,-5.7,82,63,4.7,7.4,西南西,12.4,西南西,0.0,7,126,雪,雪時々曇
2022,1,31,1013.3,1013.8,2.0,0.5,0.5,-4.5,-1.7,-6.6,80,52,4.6,8.2,北西,14.1,西,1.0,3,123,雪時々曇,晴時々雪一時曇
2022,2,1,1014.1,1014.6,0.0,0.0,0.0,-2.4,0.8,-8.0,73,56,4.4,7.8,南西,13.0,西南西,0.5,--,119,曇時々雪,雪時々曇一時晴
2022,2,2,1013.8,1014.3,3.0,1.5,0.5,-1.3,1.7,-2.7,84,66,5.0,9.0,西,14.6,南西,1.5,8,120,雪,雪時々曇一時晴
2022,2,3,1013.2,1013.7,5.5,1.5,0.5,-2.2,-0.2,-4.0,80,62,5.5,9.8,西南西,18.2,西南西,0.8,12,123,雪時々曇,大雪
2022,2,4,1010.9,1011.4,11.5,3.0,1.0,-3.0,-0.2,-4.5,81,60,5.3,9.1,西南西,13.5,西,2.1,17,139,雪時々曇,雪時々曇一時晴
2022,2,5,1006.3,1006.8,4.5,2.0,0.5,-4.0,-1.0,-5.4,84,58,5.1,10.6,西,15.7,西,1.8,11,139,雪時々曇,雪
2022,2,6,1010.3,1010.8,10.0,3.5,1.0,-3.7,-1.0,-5.0,87,68,4.5,7.9,西,12.9,西南西,1.7,17,146,雪時々曇,雪時々曇一時晴
2022,2,7,1018.4,1018.9,5.0,1.0,0.5,-3.0,-0.3,-4.7,87,65,4.8,7.7,西南西,13.0,西,1.9,15,148,雪時々曇,雪時々曇
2022,2,8,1021.1,1021.6,1.5,0.5,0.5,-1.9,0.1,-3.7,83,71,4.2,7.1,西南西,11.1,南西,0.0,4,149,雪時々曇,雪時々晴
2022,2,9,1023.9,1024.4,0.0,0.0,0.0,-0.2,3.2,-2.4,73,53,4.0,8.3,西北西,13.1,西,3.4,1,138,雪時々晴後曇,晴時々曇
2022,2,10,1022.5,1023.0,--,--,--,0.0,2.5,-2.1,73,53,2.6,5.4,北北東,7.6,北北東,4.2 ),--,127,曇時々晴,曇後時々晴
2022,2,11,1023.0,1023.5,--,--,--,-1.5,2.8,-5.4,75,49,2.3,4.4,東北東,5.5,北北西,7.6,--,123,晴一時曇,晴
2022,2,12,1021.6,1022.1,1.0,1.0,0.5,0.6,5.6,-4.6,77,46,1.9,4.9,西,8.1,西,6.7,2,121,曇時々晴、みぞれを伴う,みぞれ一時晴後曇時々雪
2022,2,13,1021.6,1022.1,0.0,0.0,0.0,0.3,2.7,-1.1,74,52,4.4,10.0,西,14.4,西,3.2,1,119,雪時々曇,雪一時曇後晴
2022,2,14,1019.5,1020.0,2.0,1.5,1.0,-0.2,3.6,-2.7,79,63,2.7,5.7,南西,7.3,南西,3.2,2,116,雪時々曇一時晴,晴一時雪
2022,2,15,1012.0,1012.5,0.0,0.0,0.0,0.0,2.6,-3.9,73,56,3.2,8.5,東南東,12.4,東南東,2.5,--,115,曇一時晴後一時雪,曇一時雪後晴
2022,2,16,1004.6,1005.1,0.5,0.5,0.5,0.5,5.7,-4.0,79,57,2.9,7.2,南東,10.3,南南東,3.6,2,114,曇時々晴一時雪、みぞれを伴う,晴時々雪後曇
2022,2,17,1008.6,1009.1,0.0,0.0,0.0,-0.2,4.2,-3.5,80,57,2.7,6.5,東,9.3,東,5.0,1,113,曇後晴時々雪、みぞれを伴う,曇後晴一時雪
2022,2,18,1021.9,1022.4,0.5,0.5,0.5,-0.5,3.4,-4.3,80,49,3.0,6.4,南西,9.4,南西,4.5,2,112,雪時々晴後曇,雪時々晴
2022,2,19,1020.0,1020.5,0.0,0.0,0.0,0.9,4.9,-3.5,72,54,2.5,5.0,南南西,6.4,南西,3.5,--,111,曇時々晴一時雪,曇後一時雪一時みぞれ
2022,2,20,1004.2,1004.7,0.5,0.5,0.5,0.5,3.3,-3.8,70,49,5.7,10.5,西北西,16.5,北西,3.2,2,109,曇時々雪一時みぞれ,雪時々曇
2022,2,21,1006.7,1007.2,3.0,1.0,0.5,-3.6,-1.1,-5.3,75,51,9.1,12.8,西南西,23.4,西,1.4,--,107,雪時々曇,雪時々曇
2022,2,22,1012.9,1013.4,12.0,2.0,1.0,-3.9,-2.4,-5.1,85,67,5.9,11.1,西,16.7,西,0.7,14,119,雪時々曇,雪一時晴
2022,2,23,1016.5,1017.0,20.5,4.0,1.0,-2.7,0.4,-4.6,86,60,6.1,10.1,西,17.2,西南西,1.4,29,140,雪時々曇,雪
2022,2,24,1015.2,1015.7,4.0,1.5,0.5,-1.3,1.6,-3.0,81,61,6.5,11.2,西,16.9,南西,1.6,7,142,雪,雪
2022,2,25,1014.4,1014.9,1.0,0.5,0.5,1.0,3.3,-1.3,73,58,6.7,11.1,西南西,16.6,西南西,1.2,2,138,雪時々曇,曇一時雪後晴
2022,2,26,1012.0,1012.5,1.5,1.0,0.5,3.7,7.0,0.7,74,60,5.4,9.2,南南西,14.4,南南西,2.3,--,126,雨時々曇一時晴、みぞれを伴う,雨時々曇一時晴、雷を伴う
2022,2,27,1006.6,1007.1,11.0,4.5,2.0,2.7,5.3,0.9,77,55,5.0,9.5,西南西,16.2,西南西,0.1,1,114,みぞれ時々曇一時雨,雪時々曇一時晴
2022,2,28,1015.3,1015.8,1.0,1.0,0.5,2.5,5.4,-1.2,60,44,6.5,12.0,西南西,20.0,西南西,4.3,1,114,雪時々晴後曇、みぞれを伴う,晴
2022,3,1,1010.0,1010.5,9.5,3.0,1.0,1.7,5.8,-2.5,80,58,3.4,7.6,南南西,11.7,南西,0.0,--,109,雨時々曇、みぞれを伴う,みぞれ一時雨後晴時々雪
2022,3,2,1009.1,1009.6,0.0,0.0,0.0,2.0,5.4,-1.8,66,44,5.0,9.9,西,14.7,西,5.3,--,107,曇後晴一時雪,晴後曇一時雪
2022,3,3,1006.6,1007.1,6.5,3.0,1.0,1.6,4.6,-0.8,75,54,4.6,10.9,西,17.4,西,2.7,3,105,雪一時雨後みぞれ時々曇,曇時々晴一時雪
2022,3,4,1015.1,1015.6,0.0,0.0,0.0,1.0,5.0,-3.2,63,42,4.0,7.4,西南西,11.1,南西,7.4,1,103,晴一時雪後曇,晴後一時曇
2022,3,5,1001.8,1002.3,4.5,2.0,1.0,0.2,7.9,-4.3,78,54,3.2,9.7,南南西,16.5,西南西,0.9,1,100,曇後雨時々みぞれ,雪時々晴一時曇、みぞれを伴う
2022,3,6,998.1,998.6,10.0,3.0,1.5,0.8,2.5,-1.1,79,55,7.2,12.3,西南西,20.0,西,0.7,8,104,雪一時曇後時々みぞれ、雷を伴う,みぞれ一時雪後曇時々晴
2022,3,7,1012.8,1013.3,0.0,0.0,0.0,2.5,6.2,-0.7,69,48,3.7,8.0,西南西,11.8,南西,5.7 ),--,103,曇時々晴一時雪後みぞれ,みぞれ後曇時々晴一時雪
2022,3,8,1016.8,1017.3,0.0,0.0,0.0,2.5,5.6,0.5,62,45,4.4,8.1,西,12.6,西,9.0,--,98,晴時々曇,晴
2022,3,9,1020.6,1021.1,--,--,--,1.8,7.5,-3.1,67,33,2.6,5.6,西北西,7.7,北西,10.3,--,97,晴,晴
2022,3,10,1021.9,1022.4,--,--,--,2.8,8.6,-2.5,69,36,2.7,5.2,北西,7.9,北西,10.9,--,93,晴,晴
2022,3,11,1014.6,1015.1,2.0,2.0,1.0,5.0,11.8,-2.7,68,34,3.3,8.0,南南西,11.7,南南西,3.4,--,88,曇時々晴,雨時々曇後晴
2022,3,12,1015.9,1016.4,--,--,--,4.8,7.3,1.0,64,43,5.0,9.8,西,15.4,西,8.1,--,81,晴一時曇,晴時々曇
2022,3,13,1016.1,1016.6,1.0,0.5,0.5,2.7,5.3,0.5,83,52,1.7,5.0,北,6.7,北東,0.0,--,77,雨時々曇、みぞれを伴う,雨時々曇
2022,3,14,1012.9,1013.4,0.5,0.5,0.5,4.1,6.1,2.2,80,69,4.1,8.5,東北東,12.3,東北東,2.1,--,75,曇一時雨後時々晴,曇後一時みぞれ一時雨
2022,3,15,1004.7,1005.2,7.5,3.5,1.0,5.4,10.0,2.2,78,56,6.1,13.5,南西,22.1,南西,2.4,1,70,雨時々曇、みぞれを伴う,雨時々曇一時晴
2022,3,16,1014.0,1014.5,1.0,0.5,0.5,4.7,8.4,2.8,77,49,3.1,6.0,西南西,9.7,西南西,2.9,--,61,曇時々雨一時晴,雨時々晴一時曇後みぞれ
2022,3,17,1018.5,1019.0,4.5,1.5,0.5,3.1,6.7,1.0,84,55,3.6,7.9,西南西,12.6,西,1.6,1,56,雨時々曇一時みぞれ,みぞれ一時晴後曇時々雪
2022,3,18,1016.8,1017.3,0.0,0.0,0.0,2.9,5.1,0.8,67,46,3.8,7.6,北東,10.9,北東,6.2,1,53,曇時々晴,みぞれ一時曇
2022,3,19,1001.6,1002.1,9.0,2.0,0.5,1.9,3.4,0.6,91,84,4.4,7.4,北北東,11.0,東北東,0.1,3,53,みぞれ一時雪後時々雨,雨時々曇後みぞれ
2022,3,20,1009.7,1010.2,1.0,0.5,0.5,3.0,6.2,0.5,78,55,4.5,9.4,西,14.7,西北西,2.0,--,49,みぞれ時々曇一時雨,雪時々晴一時曇、みぞれを伴う
2022,3,21,1019.5,1020.0,0.0,0.0,0.0,1.8,5.2,-0.1,62,39,5.4,10.7,西,15.8,南西,2.3,1,45,曇時々雪、みぞれを伴う,晴一時雪後曇
2022,3,22,1021.1,1021.6,--,--,--,3.0,8.0,-2.3,49,17,3.6,6.0,西,9.4,西北西,8.9,--,42,晴時々曇,晴後一時雪
2022,3,23,1018.1,1018.6,0.0,0.0,0.0,5.0,9.3,1.1,58,37,3.0,5.7,南西,8.9,南西,6.1,--,38,晴後時々曇,曇
2022,3,24,1015.6,1016.1 ),1.0,1.0,0.5,4.7 ),9.5,1.5,72 ),44,2.0,5.0,北,7.0,北北東,4.6,--,33,曇時々晴後雨,雨後時々晴一時曇
2022,3,25,1024.0,1024.5,0.5,0.5,0.5,6.4,12.4,2.6,70,30,2.5,5.9,西南西,8.6,西南西,6.4,--,28,曇時々晴一時雨,曇後一時晴
2022,3,26,1007.9,1008.4,8.5,3.0,1.0,5.8,13.3,1.9,84,70,1.9,9.2,南南西,14.8,南南西,0.1,--,21,曇後時々雨,雨後時々曇一時晴
2022,3,27,1004.0,1004.5,0.5,0.5,0.5,8.1,13.3,3.0,66,40,6.3,11.6,南西,18.4,南西,7.5,--,15,雨時々曇後晴,晴後時々雨、みぞれを伴う
2022,3,28,1018.0,1018.5,2.0,1.0,1.0,5.4,9.0,2.7,64,42,6.1,11.9,西,17.2,西,4.4,1,4,曇時々雨一時晴,晴
2022,3,29,1026.8,1027.3,--,--,--,6.2,12.8,1.2,54,22,3.0,6.3,北北西,8.8,北北西,11.9,--,--,晴,晴
2022,3,30,1019.2,1019.7,--,--,--,9.0,16.5,0.6,65,28,4.3,10.9,南西,17.5,西南西,9.9,--,--,晴後時々曇,曇時々晴後雨
2022,3,31,1019.0,1019.5,0.5,0.5,0.5,4.9,9.8,1.3,74,39,3.8,8.6,北北西,11.9,北北西,3.1,--,--,雨後曇時々晴,晴後時々雪一時曇
2022,4,1,1022.0,1022.5,0.0,0.0,0.0,3.5,8.1,0.3,53,30,5.8,10.9,西北西,17.9,北西,5.0,--,--,曇時々雪一時晴、みぞれを伴う,雪時々曇
2022,4,2,1027.0,1027.5,0.0,0.0,0.0,4.7,10.3,0.4,54,26,4.3,9.5,西,14.1,西,8.2,--,--,曇後晴,晴
2022,4,3,1029.4,1029.9,--,--,--,5.4,12.3,-1.5,59,23,2.4,5.2,北北東,6.7,南西,12.1,--,--,晴,晴
2022,4,4,1027.5,1028.0,--,--,--,6.2,12.5,-0.2,71,43,1.7,4.3,北,6.0,北,6.7,--,--,曇時々晴,晴
2022,4,5,1020.5,1021.0,--,--,--,8.4,15.7,1.5,75,48,2.0,6.3,北北西,9.2,北西,12.1,--,--,晴,晴後一時曇
2022,4,6,1016.0,1016.5,0.0,0.0,0.0,8.4,14.9,2.9,61,43,5.2,11.0,南西,16.4,南西,2.7 ),--,--,曇一時晴後一時雨,晴
2022,4,7,1016.4,1016.9,16.5,5.0,1.5,4.2,10.0,0.8,67,31,3.0,7.6,南東,12.2,東南東,7.2,--,--,晴後雨一時曇、みぞれを伴う,みぞれ時々雨
2022,4,8,1015.0,1015.5,5.5,2.0,1.0,5.3,10.3,1.3,73,47,4.3,9.9,西,14.2,西,7.0,--,--,晴時々雨一時曇,晴
2022,4,9,1012.7,1013.2,--,--,--,11.6,20.9,-0.2,51,20,5.4,12.6,南西,18.9,南西,11.5,--,--,晴,晴
2022,4,10,1015.8,1016.3,0.0,0.0,0.0,10.6,16.8,6.2,80,61,2.3,7.5,北西,10.2,北西,8.7,--,--,晴後曇一時雨,晴後一時曇
2022,4,11,1014.0,1014.5,--,--,--,17.8,27.6,7.3,46,13,4.8,10.5,南西,15.3,南西,9.1,--,--,晴時々曇,晴
2022,4,12,1010.2,1010.7,--,--,--,17.5,25.5,8.2,53,25,4.2,10.2,南西,13.9,西南西,11.7,--,--,晴,晴後一時曇
2022,4,13,1014.0,1014.5,1.5,1.0,0.5,10.2,17.4,7.1,87,70,3.2,5.6,西,8.1,西北西,0.0,--,--,雨時々曇,曇後一時晴一時雨
2022,4,14,1021.4,1021.9,0.0,0.0,0.0,7.3,10.3,5.6,75,59,4.3,9.2,東北東,14.0,東北東,2.0,--,--,雨時々曇一時晴,曇後時々雨
2022,4,15,1015.5,1016.0,2.5,1.5,0.5,6.1,7.4,4.5,81,76,6.1,9.6,東北東,13.7,東北東,0.0,--,--,雨,曇後一時雨
2022,4,16,1011.6,1012.1,0.0,0.0,0.0,7.7,13.8,4.4,64,28,4.1,7.4,東北東,10.7,東北東,10.2,--,--,晴一時曇,晴
2022,4,17,1016.3,1016.8,--,--,--,10.7,17.9,2.7,43,21,4.8,9.5,西南西,14.3,南西,12.6,--,--,晴,晴
2022,4,18,1015.2,1015.7,0.0,0.0,0.0,12.2,18.7,2.9,43,19,3.2,8.1,南南西,12.3,南南西,5.8,--,--,曇時々晴,曇時々雨後晴
2022,4,19,1016.8,1017.3,0.5,0.5,0.5,9.6,14.4,4.8,54,14,2.9,6.3,西北西,10.0,西,12.4,--,--,晴,晴
2022,4,20,1017.8,1018.3,--,--,--,9.6,17.7,2.3,51,24,1.9,5.9,北北西,8.1,北北西,12.7,--,--,晴,晴
2022,4,21,1015.3,1015.8,--,--,--,17.3,25.9,4.9,36,16,4.5,10.0,南西,14.5,南西,10.5,--,--,晴後一時曇,曇後時々雨
2022,4,22,1007.7,1008.2,0.0,0.0,0.0,14.8,18.7,11.8,67,45,3.9,10.3,南南西,17.0,南南西,0.5,--,--,曇一時雨,雨時々晴後曇
2022,4,23,1009.3,1009.8,0.0,0.0,0.0,12.5,15.6,6.1,57,41,6.6,12.1,西南西,19.5,西,7.0,--,--,曇後晴,晴後一時曇
2022,4,24,1011.7,1012.2,--,--,--,10.7,16.7,2.8,56,29,2.1,6.6,南,8.4,南,12.6,--,--,晴,晴
2022,4,25,1012.9,1013.4,--,--,--,14.7,22.3,11.2,75,32,3.1,6.8,南,10.0,西北西,11.3,--,--,晴一時曇,曇一時晴後時々霧
2022,4,26,1006.4,1006.9,3.5,1.5,1.0,12.5,16.0,9.4,89,67,1.5,4.8,北西,6.6,北西,0.1,--,--,曇後一時雨,雨時々曇
2022,4,27,1005.5,1006.0,0.0,0.5,0.5,12.8,17.9,8.4,62,37,7.4,14.3,西,21.2,西,9.8,--,--,晴一時雨,晴
2022,4,28,1019.0,1019.5,--,--,--,11.9,17.3,7.7,44,27,4.8,8.1,西北西,13.9,西,12.3,--,--,晴,曇時々晴
2022,4,29,1016.6,1017.1,1.0,1.0,0.5,7.6,11.1,5.5,65,43,3.0,8.1,東南東,12.4,東,0.0,--,--,雨時々曇,雨時々曇後晴
2022,4,30,1015.8,1016.3,0.0,0.0,0.0,9.7,17.0,2.5,53,21,2.9,7.1,西北西,10.2,西南西,11.6,--,--,晴一時雨,曇後一時雨
2022,5,1,1010.1,1010.6,0.0,0.0,0.0,10.1,13.8,6.2,66,39,3.5,7.3,南南西,11.2,南南西,0.0,--,--,曇時々雨,雨時々曇後晴
2022,5,2,1009.1,1009.6,0.0,0.0,0.0,9.8,15.0,5.4,62,33,5.3,9.5,西,14.3,西,9.1 ),--,--,晴時々曇,雨時々曇一時晴、雷を伴う
2022,5,3,1013.5,1014.0,3.0,1.5,1.0,10.9,16.1,6.2,62,36,5.8,9.8,西南西,15.4,西南西,5.4,--,--,晴一時雨後曇,曇時々晴一時雨
2022,5,4,1013.9,1014.4,0.0,0.0,0.0,14.3,20.1,9.5,60,41,7.4,16.6,南西,26.1,南南西,8.8,--,--,晴後一時雨一時曇、大風を伴う,晴時々曇
2022,5,5,1020.7,1021.2,--,--,--,12.6,17.8,7.1,74,55,1.8,4.5,北北西,6.1,北北西,12.0,--,--,晴,晴
2022,5,6,1018.7,1019.2,--,--,--,15.0,22.2,7.4,64,40,1.9,6.5,北西,10.1,北西,13.4,--,--,晴,晴
2022,5,7,1012.3,1012.8,10.5,6.5,2.0,16.2,22.7,10.0,66,44,3.0,9.4,西,14.8,西,9.8,--,--,曇時々晴,雨時々曇後晴
2022,5,8,1014.6,1015.1,0.0,1.0,0.0,12.5,17.6,8.3,56,25,7.0,12.3,西,19.7,西,11.2,--,--,晴一時曇,晴後時々曇
2022,5,9,1016.5,1017.0,--,--,--,13.2,19.7,5.7,48,18,4.8,10.3,西,16.9,西,13.2,--,--,晴,晴
2022,5,10,1020.0,1020.5,--,--,--,14.7,23.6,6.1,42,19 ),3.4,7.5,北西,10.6,北西,13.0 ),--,--,晴,晴
2022,5,11,1018.2,1018.7,--,--,--,13.7,19.6,7.0,63,47,2.1,6.4,北西,8.8,北西,13.4,--,--,晴,晴後時々曇
2022,5,12,1015.0,1015.5,--,--,--,15.7,21.4,12.4,78,48,1.9,5.5,北北東,7.8,北北東,6.2,--,--,曇時々晴,曇
2022,5,13,1008.8,1009.3,0.0,0.0,0.0,15.3,19.4,13.2,84,69,2.0,5.0,北北西,7.6,北北西,0.9,--,--,曇時々雨一時晴,雨時々曇
2022,5,14,1000.8,1001.3,0.0,0.0,0.0,14.7,24.0,11.8,78,61,4.7,13.6,西,21.1,西,2.3,--,--,曇時々雨,曇時々雨一時晴
2022,5,15,1008.5,1009.0,3.0,2.5,1.0,13.1,16.8,8.9,66,49,5.0,9.3,西,14.1,西,7.4,--,--,曇後雨時々晴,晴
2022,5,16,1012.3,1012.8,--,--,--,13.4,20.5,6.1,64,27,2.6,7.4,北,10.5,北北西,13.8,--,--,晴,曇時々晴
2022,5,17,1014.6,1015.1,--,--,--,14.3,22.8,8.8,56,21,2.4,6.2,北,9.5,北,10.9,--,--,晴時々曇,晴
2022,5,18,1017.4,1017.9,--,--,--,15.2,21.8,7.3,57,32,2.5,6.9,北,9.5,北,13.9,--,--,晴,晴後一時雨
2022,5,19,1014.1,1014.6,0.0,0.0,0.0,16.1,23.2,10.3,64,30,2.8,8.2,南西,11.3,西南西,4.4,--,--,曇時々雨一時晴,曇時々晴
2022,5,20,1012.6,1013.1,0.0,0.0,0.0,16.8,24.8,12.3,73,32,3.1,8.7,南西,13.2,南西,8.8,--,--,曇一時雨後晴,晴、霧を伴う
2022,5,21,1010.4,1010.9,0.0,0.0,0.0,16.0,22.0,10.5,75,50,2.0,5.5,北北西,8.4,北,8.5,--,--,晴後曇一時雨,曇時々雨
2022,5,22,1006.6,1007.1,5.5,5.5,3.0,15.8,17.4,14.7,86,75,2.1,4.3,北北東,6.1,北北東,0.2,--,--,雨時々曇,曇時々雨
2022,5,23,1010.4,1010.9,0.0,0.0,0.0,16.3,21.0,13.7,81,53,2.8,6.3,西北西,10.5,西北西,5.3,--,--,曇一時雨後時々晴,晴後曇一時雨
2022,5,24,1015.2,1015.7,0.0,0.0,0.0,17.3,23.7,14.2,75,41,2.9,6.7,北西,10.7,西北西,7.6,--,--,晴時々曇,晴時々曇一時雨
2022,5,25,1012.1,1012.6,0.0,0.0,0.0,17.9,26.0,12.1,73,49,2.0 ),6.6 ),北西 ),9.6 ),北西 ),12.8,--,--,晴一時雨,晴
2022,5,26,1007.4,1007.9,--,--,--,17.1,21.0,13.2,80,67,2.0,4.5,北北西,6.3,北,10.2,--,--,晴時々曇,曇後時々雨
2022,5,27,999.7,1000.2,34.5,9.5,2.5,15.8,18.4,13.1,94,80,1.6,5.7,西,8.3,西,0.5,--,--,大雨時々曇,晴後曇一時雨
2022,5,28,998.3,998.8,7.0,3.5,1.0,15.1,19.4,12.8,83,58,4.9,11.8,西,18.3,西,4.3,--,--,雨時々曇一時晴,雨時々曇
2022,5,29,1004.2,1004.7,0.0,0.0,0.0,16.8,21.5,12.3,72,55,5.8,9.8,西,14.0,西,12.9,--,--,晴,晴
2022,5,30,1007.0,1007.5,--,--,--,16.2,23.2,10.6,68,44,4.2,8.7,東北東,11.6,東北東,13.1,--,--,晴,曇時々晴
2022,5,31,1002.6,1003.1,5.5,1.5,0.5,14.0,15.3,12.8,84,70,3.5,6.7,東北東,9.0,東北東,0.0,--,--,雨時々曇,雨時々曇一時晴、雷を伴う
2022,6,1,1006.8,1007.3,1.0,0.5,0.5,15.8,19.5,13.4,80,61,4.1,8.5,西南西,13.4,西,5.3,--,--,曇時々雨一時晴,雨後曇時々晴
2022,6,2,1006.8,1007.3,0.0,0.0,0.0,15.8,18.8,12.8,84,70,2.5,4.8,北西,6.7,北,5.7,--,--,曇時々晴,曇時々雨、雷を伴う
2022,6,3,1009.0,1009.5,2.0,1.5,1.0,15.5,19.0,13.6,83,67,2.6,6.5,北西,8.1,北北西,5.0,--,--,曇一時晴後一時雨、雷を伴う,曇時々晴一時雨
2022,6,4,1012.5,1013.0,0.0,0.0,0.0,13.6,16.4,11.5,78,65,4.3,8.6,西,12.4,西北西,0.8,--,--,雨時々曇,雨時々曇
2022,6,5,1012.2,1012.7,0.0,0.0,0.0,14.3,18.8,11.0,73,60,3.3,6.1,東北東,8.0,東,5.1,--,--,曇時々晴,曇一時晴
2022,6,6,1007.6,1008.1,13.5,4.0,1.0,12.8,15.9,10.7,77,66,6.6,11.2,東北東,15.1,東北東,0.7 ),--,--,雨時々曇,雨
2022,6,7,1006.3,1006.8,14.5,3.5,1.0,11.4,14.1,8.5,82,68,5.3,8.8,東北東,13.1,東,0.4,--,--,雨後曇,晴一時曇、霧を伴う
2022,6,8,1012.0,1012.5,--,--,--,13.4,20.6,5.6,76,50,2.8,6.4,北,8.9,西北西,13.9,--,--,晴,晴後時々曇
2022,6,9,1016.3,1016.8,--,--,--,14.2,18.9,10.0,83,63,2.4,5.0,北北西,6.5,北北西,9.2,--,--,曇時々晴,晴後時々曇
2022,6,10,1016.3,1016.8,--,--,--,16.0,22.0,12.4,84,63,2.9,7.2,北西,9.9,北西,8.5,--,--,晴時々曇,曇時々晴一時雨
2022,6,11,1015.3,1015.8,0.0,0.0,0.0,16.8,21.0,14.9,83,68,2.4,5.2,北,6.7,北,7.4,--,--,曇時々晴,晴後曇一時雨
2022,6,12,1011.0,1011.5,0.0,0.0,0.0,16.4,20.3,13.9,76,55,4.0,6.6,南西,8.8,南西,8.7,--,--,晴時々曇,晴後曇一時雨
2022,6,13,1015.0,1015.5,0.0,0.0,0.0,16.4,20.9,13.8,72,57,3.6,7.4,東,11.2,東北東,7.9,--,--,曇時々晴,晴
2022,6,14,1017.0,1017.5,--,--,--,16.9,24.7,10.9,68,40,4.3,9.1,東,13.2,東,12.0,--,--,晴後一時曇,曇
2022,6,15,1012.0,1012.5,1.5,1.5,0.5,14.9,19.2,11.1,83,63,1.8,4.1,北北西,5.2,北西,1.4,--,--,曇後一時雨,曇時々雨
2022,6,16,1005.6,1006.1,0.0,0.0,0.0,19.8,23.5,15.4,77,60,4.0,9.3,南西,13.3,南西,0.7,--,--,曇時々雨,曇時々晴一時雨
2022,6,17,1007.5,1008.0,0.0,0.0,0.0,19.2,23.8,16.2,81,64,2.7,6.7,南西,9.9,西北西,4.6,--,--,曇一時雨後晴,晴
2022,6,18,1008.2,1008.7,--,--,--,20.4,29.0,14.4,77,44,2.8,8.1,南西,11.3,南南西,13.7,--,--,晴,晴後一時曇
2022,6,19,1004.8,1005.3,3.0,2.5,1.0,20.6,25.3,16.1,84,64,1.9,6.9,南西,9.5,南南西,0.5,--,--,曇時々雨、雷を伴う,曇一時雨後時々晴、雷を伴う
2022,6,20,1003.4,1003.9,0.0,0.5,0.0,22.1,27.2,17.9,69,44,4.6,8.8,西北西,12.1,西北西,13.0,--,--,晴,晴
2022,6,21,1008.3,1008.8,--,--,--,19.3,22.5,16.0,81,67,3.0,5.5,北西,7.3,北西,13.6,--,--,晴,曇時々晴
2022,6,22,1009.7,1010.2,--,--,--,20.4,27.7,15.4,79,55,3.6,8.2,北,11.3,東北東,11.5,--,--,晴後時々曇,曇
2022,6,23,1009.5,1010.0,0.0,0.0,0.0,19.4,22.9,17.6,86,71,2.5,5.2,北西,7.4,北西,1.0,--,--,曇時々雨,曇後一時雨
2022,6,24,998.7,999.2,4.5,4.0,2.5,22.5,27.5,17.2,86,68,4.3,10.6,南南西,16.4,南南西,0.2,--,--,雨時々曇,雨後曇時々晴
2022,6,25,1001.9,1002.4,0.0,0.0,0.0,25.8,30.1,22.8,67,50,6.7,11.0,南西,17.0,西南西,9.1,--,--,晴時々曇一時雨,晴
2022,6,26,1008.2,1008.7,2.5,2.0,2.0,25.9,30.8,23.1,68,51,7.4,11.0,西南西,17.2,南西,9.0,--,--,晴後雨時々曇,曇時々雨、雷を伴う
2022,6,27,1008.3,1008.8,0.0,0.0,0.0,24.2,29.3,19.8,75,52,5.0,10.1,西,15.3,西,9.6,--,--,雨一時曇後晴,曇時々晴後雨
2022,6,28,1007.3,1007.8,52.5,24.5,7.5,22.4,27.1,18.6,91,76,3.7,8.9,南西,13.9,南西,0.2,--,--,大雨,雨後一時曇
2022,6,29,1004.5,1005.0,24.0,4.5,1.5,24.3,26.3,23.4,88,70,6.8,11.3,西南西,19.1,西南西,0.0,--,--,雨一時曇,雨時々曇
2022,6,30,1009.9,1010.4,14.5,6.5,2.0,21.5,25.7,17.9,91,75,3.6,9.5,西,14.3,西北西,1.8,--,--,曇後時々雨,大雨
2022,7,1,1014.7,1015.2,24.0,14.0,5.0,18.8,20.0,18.0,99,93,1.5,3.2,北西,4.0,北西,0.0,--,--,雨時々曇,曇一時雨
2022,7,2,1013.4,1013.9,--,--,--,22.8,27.0,18.7,89,73,1.8,5.2,北北東,7.0,北北東,1.4,--,--,曇,晴一時曇
2022,7,3,1009.6,1010.1,--,--,--,26.1,32.6,20.1,72,47,3.0,6.9,北西,9.6,西北西,14.1,--,--,晴,曇時々晴
2022,7,4,1007.8,1008.3,1.0,0.5,0.5,24.1,29.6,20.3,82,63,2.3,9.2,東北東,14.3,東北東,4.8,--,--,曇時々雨一時晴、雷を伴う,晴時々曇、雷を伴う
2022,7,5,1008.4,1008.9,0.0,0.0,0.0,24.2,27.8,21.3,84,62,2.0,4.9,北,6.3,北北東,3.8 ),--,--,曇時々雨、雷を伴う,晴時々曇
2022,7,6,1009.8,1010.3,--,--,--,24.7,30.5,21.0,77,57,4.2,7.8,東北東,10.8,東北東,14.1,--,--,晴,晴後一時曇
2022,7,7,1011.7,1012.2,--,--,--,23.0,27.8,19.4,77,61,5.5,9.6,東北東,12.8,東北東,14.0,--,--,晴,晴
2022,7,8,1009.1,1009.6,--,--,--,23.0,30.1,18.7,78,54,4.5,8.9,東北東,11.7,東北東,13.8,--,--,晴,晴後雨時々曇
2022,7,9,1006.2,1006.7,0.5,0.5,0.5,21.6,26.5,18.7,80,61,6.6,11.6,東北東,15.9,東,7.8,--,--,曇時々晴一時雨,雨時々曇
2022,7,10,1006.2,1006.7,1.5,0.5,0.5,22.6,27.4,19.2,85,61,2.3,4.5,北東,7.3,北東,3.3,--,--,雨後曇時々晴,曇時々晴
2022,7,11,1008.3,1008.8,--,--,--,23.6,29.9,19.7,86,62,2.6,6.8,北西,8.9,北西,10.4,--,--,晴時々曇,曇
2022,7,12,1007.6,1008.1,0.5,0.5,0.5,23.6,28.1,21.1,87,72,3.3,6.9,東北東,9.5,東北東,0.2,--,--,曇後一時雨,雨時々曇
2022,7,13,1007.5,1008.0,1.0,0.5,0.5,23.3,27.0,21.2,79,65,5.2,8.2,東北東,11.4,東北東,0.7,--,--,雨時々曇,曇後一時晴
2022,7,14,1005.3,1005.8,--,--,--,22.9,27.6,20.1,75,56,5.0,8.5,東北東,11.6,東南東,9.6,--,--,晴時々曇,曇後一時雨
2022,7,15,1002.6,1003.1,0.0,0.0,0.0,23.7,27.2,20.9,75,60,4.1,7.2,南東,9.9,南東,0.9,--,--,曇時々雨,曇後一時雨
2022,7,16,1004.5,1005.0,1.5,1.0,0.5,21.8,24.2,19.5,83,73,6.0,10.2,東北東,14.7,東北東,0.3,--,--,雨時々曇,曇時々雨一時晴
2022,7,17,1000.9,1001.4,1.0,0.5,0.5,19.8,21.8,18.6,91,82,3.6,8.0,東北東,11.6,東,0.2,--,--,雨時々曇,晴後曇一時霧
2022,7,18,1002.2,1002.7,--,--,--,23.5,29.4,18.1,81,60,2.5,6.1,西,9.3,西,7.2,--,--,曇時々晴,曇時々晴
2022,7,19,1001.5,1002.0,3.0,1.5,0.5,21.8,23.3,20.2,93,86,1.8,5.8,北北東,8.6,北北東,0.0,--,--,雨時々曇,雨時々曇、雷を伴う
2022,7,20,1002.6,1003.1,7.5,6.5,4.5,22.0,24.2,20.3,92,82,2.2,7.8,南東,11.7,西北西,0.4,--,--,曇時々雨,曇後一時雨一時晴
2022,7,21,1004.8,1005.3,6.5,5.5,4.0,23.4,27.5,21.5,88,67,2.4,4.7,西南西,6.2,西南西,1.7,--,--,雨時々曇一時晴,曇時々雨
2022,7,22,1002.1,1002.6,4.5,1.5,0.5,21.3,23.9,20.1,95,77,2.9,5.9,北北東,8.7,北北東,0.0,--,--,雨時々曇,曇時々雨
2022,7,23,1001.8,1002.3,0.5,0.5,0.5,21.5,25.2,20.1,91,75,3.0,6.1,北,8.4,北北東,0.2,--,--,曇時々雨,曇時々雨
2022,7,24,1007.4,1007.9,0.0,0.5,0.0,23.1,26.9,20.4,80,62,2.7,5.3,西,7.6,南西,0.8,--,--,曇,曇後時々晴
2022,7,25,1010.3,1010.8,--,--,--,22.8,26.9,19.2,82,66,2.0,4.4,北北東,6.1,北北西,7.5,--,--,晴時々曇,曇時々晴
2022,7,26,1010.4,1010.9,--,--,--,24.3,27.8,21.5,84,68,2.0,5.4,北北西,6.8,北北西,7.3,--,--,晴時々曇,曇時々晴
2022,7,27,1011.6,1012.1,0.0,0.0,0.0,24.1,26.7,22.3,88,77,2.0,4.3,北,5.9,北北西,5.4,--,--,曇時々晴一時雨,晴時々曇
2022,7,28,1014.2,1014.7,--,--,--,25.2,31.1,22.5,78,48,2.6,5.2,北,7.8,北北西,9.5,--,--,晴時々曇,晴
2022,7,29,1015.9,1016.4,--,--,--,24.1,28.6,20.7,84,69,1.9,4.1,北北西,5.6,北,9.2,--,--,晴時々曇,晴時々曇
2022,7,30,1013.9,1014.4,--,--,--,25.5,29.8,21.2,81,68,2.6,5.1,北西,7.2,西北西,12.1,--,--,晴,晴
2022,7,31,1012.0,1012.5,0.0,0.0,0.0,27.7,33.6,22.0,73,54,4.1,8.3,西,12.9,西北西,9.0,--,--,晴時々曇,雨時々曇
2022,8,1,1011.8,1012.3,31.5,13.5,4.5,24.4,26.0,23.0,94,87,1.9,4.0,西北西,6.8,西北西,0.0,--,--,雨,雨時々曇
2022,8,2,1009.6,1010.1,19.0,12.5,3.5,25.7,28.8,22.9,89,73,3.8,8.1,西南西,13.2,西南西,1.7,--,--,雨後曇一時晴,大雨時々曇、雷を伴う
2022,8,3,1007.7,1008.2,73.5,22.5,5.0,22.7,25.9,20.5,88,71,3.9,9.2,東北東,12.7,東北東,1.0,--,--,雨後曇、雷を伴う,晴時々曇
2022,8,4,1009.0,1009.5,--,--,--,22.6,27.4,17.9,76,57,4.0,8.1,東北東,11.0,東,12.3,--,--,晴,晴後一時曇
2022,8,5,1008.4,1008.9,--,--,--,22.9,28.2,18.6,75,58,3.3,7.0,東北東,9.2,東北東,11.9 ),--,--,晴,曇時々晴
2022,8,6,1009.0,1009.5,--,--,--,23.1,28.5,18.5,77,60,2.9,5.8,東北東,8.1,北,11.3,--,--,晴時々曇,曇時々晴一時雨
2022,8,7,1009.7,1010.2,0.0,0.0,0.0,22.7,25.3,20.5,89,79,1.9,3.6,北西,5.1,北,1.5,--,--,曇時々雨、雷を伴う,曇時々晴
2022,8,8,1006.7,1007.2,--,--,--,28.0,34.0,21.2,75,57,4.7,9.7,南南西,15.4,南南西,4.8,--,--,曇後時々晴,曇一時晴後雨
2022,8,9,1004.4,1004.9,145.5,21.5,8.0,24.1,28.7,22.5,96,72,3.0,7.7,南南西,11.3,南西,0.0,--,--,大雨、雷を伴う,大雨時々曇
2022,8,10,1006.4,1006.9,41.5,8.5,3.0,23.3,26.8,21.4,94,80,2.9,7.7,南南西,13.7,南西,0.0,--,--,雨後時々曇,雨時々曇一時晴
2022,8,11,1006.4,1006.9,79.5,49.0,18.0,24.9,29.0,23.0,93,69,2.5,7.5,南西,13.1,南西,0.3,--,--,雨時々曇,大雨時々曇、雷を伴う
2022,8,12,1004.2,1004.7,29.5,10.5,4.0,26.1,31.1,23.8,87,63,3.0,6.5,南西,10.5,南,2.3,--,--,雨後曇一時晴,曇一時雨、雷を伴う
2022,8,13,1006.6,1007.1,0.0,0.5,0.0,25.4,29.4,22.6,85,65,2.0,5.3,北西,7.1,北西,2.4,--,--,曇時々晴,曇後一時雨
2022,8,14,1005.8,1006.3,0.0,0.0,0.0,24.6,30.5,21.5,78,44,2.5,6.3,北西,9.1,北西,4.6,--,--,曇後時々晴,曇
2022,8,15,1003.8,1004.3,40.5,21.0,12.0,23.6,27.1,20.6,82,60,2.0,6.9,東,9.8,東,0.4,--,--,曇後時々雨,大雨時々曇
2022,8,16,996.4,996.9,10.5,8.5,4.5,26.9,31.9,22.9,78,56,6.3,13.6,南西,22.8,南西,4.1,--,--,雨後曇時々晴,雨時々曇後晴
2022,8,17,1008.4,1008.9,0.0,0.0,0.0,24.6,28.3,21.4,73,51,2.7,5.8,南西,7.7,南西,10.9,--,--,晴後一時曇,晴後曇一時雨
2022,8,18,1002.7,1003.2,59.5,10.0,3.5,20.6,22.6,18.8,92,81,4.3,8.9,北北東,13.6,北北東,0.0,--,--,大雨,雨後晴時々曇
2022,8,19,1003.1,1003.6,0.0,0.0,0.0,23.2,28.2,18.2,75,53,4.2,9.1,西,13.9,西,10.1,--,--,晴,曇一時晴後時々雨
2022,8,20,999.5,1000.0,5.5,3.5,1.5,24.0,28.4,21.0,83,60,3.6,8.7,南南西,13.0,南南西,0.2,--,--,雨時々曇,曇時々雨後晴
2022,8,21,1005.6,1006.1,0.0,0.0,0.0,24.2,29.5,19.7,71,38,2.4,4.9,北北東,6.5,北,12.7,--,--,晴,晴一時曇
2022,8,22,1006.8,1007.3,--,--,--,23.9,30.9,17.5,77,59,2.4,7.0,東,9.4,東,10.8,--,--,晴後時々曇,曇後一時雨
2022,8,23,1001.9,1002.4,1.5,1.5,1.0,25.7,32.5,22.3,80,61,4.3,10.0,南西,15.0,南南西,2.4,--,--,曇時々雨,雨時々曇後晴
2022,8,24,1007.5,1008.0,--,0.0,--,22.8,28.4,17.3,64,37,4.1,8.0,西,11.6,西,9.7,--,--,晴時々曇,晴後一時曇
2022,8,25,1006.4,1006.9,--,--,--,21.9,26.9,15.4,73,54,2.2,4.8,北,6.3,北北東,8.4,--,--,曇時々晴,曇
2022,8,26,1006.5,1007.0,0.0,0.0,0.0,22.7,26.3,20.9,74,54,1.9,4.2,北,5.9,北,2.8,--,--,曇時々雨一時晴,曇時々晴一時雨
2022,8,27,1005.7,1006.2,0.5,0.5,0.5,23.4,27.2,19.8,81,61,2.0,5.7,西北西,7.8,西北西,1.6,--,--,曇後時々雨,雨時々曇
2022,8,28,1012.4,1012.9,1.5,1.5,0.5,21.6,25.1,18.1,72,46,3.7,8.1,西,11.5,西,3.0,--,--,曇一時雨,曇一時雨後晴
2022,8,29,1018.4,1018.9,--,--,--,21.0,25.7,15.7,67,48,2.6,5.3,東北東,7.4,東北東,5.7,--,--,曇時々晴,曇後時々雨
2022,8,30,1014.6,1015.1,10.5,3.5,1.0,20.8,25.1,17.7,81,62,1.9,4.1,南南東,5.6,南,0.8,--,--,曇時々雨,雨
2022,8,31,1007.4,1007.9,37.0,11.0,7.5,20.1,22.5,17.2,96,85,1.9,6.6,南,9.2,南,0.0,--,--,雨、雷を伴う,雨時々曇、雷を伴う
2022,9,1,1009.9,1010.4,8.5,5.0,1.5,22.3,24.9,20.6,90,74,2.4,4.2,西,6.2,西北西,0.0,--,--,雨後曇,曇後時々晴
2022,9,2,1017.2,1017.7,--,--,--,21.1,24.4,16.6,74,54,3.3,6.8,西,8.9,西,0.4 ),--,--,曇,曇後一時晴
2022,9,3,1017.9,1018.4,0.0,0.0,0.0,19.4,23.4,15.5,80,65,1.8,5.4,北東,7.7,東北東,1.1,--,--,曇時々雨,曇後一時雨
2022,9,4,1016.6,1017.1,0.0,0.0,0.0,22.4,28.8,18.6,80,57,2.9,6.2,東北東,8.3,東北東,10.0,--,--,晴一時曇,晴後時々曇
2022,9,5,1014.1,1014.6,0.0,0.0,0.0,23.5,28.8,19.2,84,69,2.6,5.5,北北西,7.7,北北西,8.6,--,--,曇一時雨後晴,曇時々晴一時雨
2022,9,6,1007.0,1007.5,0.0,0.0,0.0,26.8,34.8,22.2,73,40,3.1,11.1,南西,17.4,南西,11.6,--,--,晴,曇時々晴一時雨
2022,9,7,1014.0,1014.5,0.0,0.0,0.0,24.3,29.6,18.9,60,35,3.8,7.9,西,12.1,西,12.1,--,--,晴,晴
2022,9,8,1017.9,1018.4,--,--,--,21.3,26.9,16.1,69,42,2.3,5.8,北北東,7.3,北北東,9.6,--,--,晴後時々曇,曇後一時晴
2022,9,9,1016.2,1016.7,--,--,--,21.7,28.9,16.1,66,19,2.0,4.1,北北西,5.2,北,11.7,--,--,晴,晴時々曇
2022,9,10,1018.6,1019.1,--,--,--,21.4,27.8,15.4,69,52,3.6,8.7,東北東,11.5,東,12.1,--,--,晴,晴
2022,9,11,1017.0,1017.5,--,--,--,21.5,27.9,15.0,73,52,2.6,6.4,東北東,8.3,東北東,11.2,--,--,晴,晴一時曇
2022,9,12,1015.2,1015.7,--,--,--,22.6,28.2,16.3,79,61,2.4,5.1,北西,6.8,北,10.9,--,--,晴後一時曇,曇
2022,9,13,1014.9,1015.4,--,--,--,24.3,29.7,20.3,74,54,3.0,7.6,西北西,10.8,西北西,6.2,--,--,曇時々晴,晴一時曇
2022,9,14,1018.2,1018.7,--,--,--,20.7,24.1,15.0,69,50,4.1,7.1,北北西,10.3,北北西,10.8,--,--,晴,晴後時々曇
2022,9,15,1015.3,1015.8,--,--,--,19.3,24.5,13.2,77,60,2.1,4.9,北北東,5.8,北北東,8.0,--,--,曇時々晴,曇
2022,9,16,1013.7,1014.2,--,--,--,21.3,25.2,18.0,81,68,2.7,6.3,北北東,8.6,北北東,2.4,--,--,曇,晴時々曇
2022,9,17,1013.2,1013.7,--,--,--,22.6,28.5,17.5,83,62,2.2,6.1,北西,8.6,北西,11.2,--,--,晴,曇時々晴
2022,9,18,1010.4,1010.9,0.0,0.0,0.0,23.2,26.7,19.9,87,71,2.3,6.2,北,8.9,北北西,3.1,--,--,曇後一時雨,曇時々雨
2022,9,19,999.5,1000.0,1.0,1.0,1.0,23.3,25.5,21.7,93,85,2.4,4.5,北北西,6.9,北東,0.6,--,--,曇一時雨,大雨時々曇
2022,9,20,1003.7,1004.2,47.5,14.5,3.5,16.9,21.7,13.1,74,46,5.1,11.0,北北西,15.2,北北西,4.4,--,--,雨後曇一時晴,曇
2022,9,21,1017.4,1017.9,0.0,0.0,0.0,15.1,21.4,11.1,68,41,2.7,5.8,西,9.4,西南西,5.2,--,--,曇一時雨後晴,晴
2022,9,22,1020.7,1021.2,--,--,--,17.2,24.4,8.4,70,47,2.8,7.9,東北東,11.9,東南東,11.0,--,--,晴,晴後曇時々雨
2022,9,23,1013.3,1013.8,6.0,5.0,1.5,20.5,23.1,16.7,91,81,1.7,3.5,北西,4.8,南,0.2,--,--,曇時々雨,雨時々曇
2022,9,24,1009.6,1010.1,15.0,5.5,2.0,20.3,24.3,16.0,83,58,3.4,8.2,西,12.8,南西,3.6,--,--,雨後曇時々晴,晴後一時雨
2022,9,25,1016.0,1016.5,0.0,0.0,0.0,19.7,25.1,16.0,69,51,3.3,6.2,北西,8.4,西南西,8.2,--,--,晴時々曇,曇
2022,9,26,1016.7,1017.2,--,--,--,18.9,24.9,15.4,74,42,2.2,5.2,北,8.8,北北西,7.0,--,--,晴時々曇,曇時々晴
2022,9,27,1016.5,1017.0,--,--,--,18.5,23.8,14.0,74,56,2.0,4.5,北北東,6.1,北東,5.7,--,--,曇時々晴,曇後一時雨
2022,9,28,1011.9,1012.4,0.0,0.0,0.0,19.1,25.3,15.2,74,44,2.3,5.5,北北東,7.5,北,6.3,--,--,雨時々曇後晴,晴
2022,9,29,1012.2,1012.7,--,--,--,19.9,25.9,15.2,72,51,3.6,6.8,南西,10.5,南西,8.4,--,--,晴一時曇,晴
2022,9,30,1016.1,1016.6,--,--,--,20.2,26.5,14.9,75,51,2.1,4.7,北東,6.2,北東,10.9,--,--,晴,晴
2022,10,1,1017.0,1017.5,--,--,--,20.3,28.4,13.8,72,38,2.3,6.3,北西,9.5,北西,10.6,--,--,晴一時曇,晴
2022,10,2,1021.2,1021.7,--,--,--,19.9,26.1,14.1,76,56,2.7,5.7,北北東,8.2,東北東,9.6,--,--,晴,晴後時々曇
2022,10,3,1018.6,1019.1,0.0,0.0,0.0,19.5,22.8,14.6,80,65,1.6,3.3,東南東,4.4,南南西,1.8 ),--,--,曇一時晴,曇時々雨
2022,10,4,1006.1,1006.6,21.0,4.5,1.5,19.9,23.5,14.9,81,51,5.8,10.9,南南西,19.1,南南西,0.0,--,--,雨,雨後曇一時晴
2022,10,5,1016.7,1017.2,0.0,0.0,0.0,12.7,14.9,10.0,66,49,4.1,6.9,北西,10.4,北西,0.6,--,--,曇後時々雨,雨時々曇
2022,10,6,1021.8,1022.3,0.5,0.5,0.5,11.0,14.9,8.8,70,41,2.7,5.5,西北西,8.2,西北西,1.7,--,--,曇一時雨,曇後一時雨
2022,10,7,1019.9,1020.4,7.0,2.0,0.5,11.0,14.4,8.3,76,49,3.2,6.1,東,8.4,東,0.0,--,--,曇後時々雨,雨後時々曇
2022,10,8,1021.3,1021.8,0.5,0.5,0.5,12.9,16.7,8.3,76,51,2.3,4.4,東北東,6.1,北東,3.2,--,--,雨時々晴後曇,晴
2022,10,9,1025.2,1025.7,0.0,0.0,0.0,14.4,20.0,6.7,68,41,3.5,7.1,東南東,11.8,南東,6.7,--,--,曇時々晴,雨時々曇
2022,10,10,1008.0,1008.5,25.0,4.0,1.5,17.1,18.9,15.0,89,66,2.7,8.2,東南東,13.5,南東,0.0,--,--,雨後一時曇,雨後時々曇
2022,10,11,1009.1,1009.6,3.0,2.0,1.0,16.1,20.5,14.3,73,51,6.2,12.6,南西,18.8,西南西,4.0,--,--,雨時々曇一時晴,曇後雨時々晴
2022,10,12,1024.4,1024.9,0.0,0.0,0.0,14.5,19.4,8.7,65,44,4.2,7.3,西,11.5,西北西,5.9,--,--,曇一時雨後時々晴,晴一時曇
2022,10,13,1026.9,1027.4,--,--,--,12.4,19.4,6.2,76,50,2.1 ),5.6 ),北北東 ),7.9 ),北 ),9.9 ),--,--,晴,晴
2022,10,14,1020.7,1021.2,--,--,--,13.7,21.2,6.0,78,52,2.0,5.6,北北東,8.0,北北東,10.3,--,--,晴,曇
2022,10,15,1018.3,1018.8,--,--,--,15.7,21.9,11.4,82,56,1.8,3.3,西北西,4.5,西北西,3.9,--,--,曇時々晴,晴
2022,10,16,1018.0,1018.5,0.0,0.0,0.0,16.1,20.9,10.1,82,66,2.2,4.8,北,6.6,北,8.3,--,--,晴後時々曇,曇一時雨
2022,10,17,1009.0,1009.5,0.5,0.5,0.5,15.6,22.1,10.6,75,53,3.3 ),8.5 ),西北西 ),12.5 ),西北西 ),2.3,--,--,曇時々晴後雨,曇時々晴一時雨
2022,10,18,1014.1,1014.6,4.5,1.5,1.0,10.5,14.6,7.7,70,42,3.6,8.6,西北西,13.1,北西,3.9,--,--,曇時々晴一時雨,雨時々曇一時晴
2022,10,19,1019.3,1019.8,7.0,2.5,2.5,10.4,14.9,7.2,75,51,3.6,7.1,南西,11.0,西南西,2.2,--,--,雨後曇時々晴,曇時々雨一時晴
2022,10,20,1022.2,1022.7,0.0,0.0,0.0,13.6,17.8,10.6,57,41,5.2,9.9,西南西,15.3,西,6.9,--,--,晴時々曇,晴
2022,10,21,1021.6,1022.1,--,--,--,16.8,22.0,11.3,64,46,4.3,7.3,南南西,10.7,南南西,6.3,--,--,曇時々晴,晴時々曇一時雨
2022,10,22,1013.5,1014.0,0.0,0.0,0.0,18.1,22.8,13.9,65,41,4.3,7.1,西,12.3,西,6.7,--,--,曇時々晴,晴後曇一時雨
2022,10,23,1012.3,1012.8,0.5,0.5,0.5,11.4,14.5,7.4,80,69,3.0,5.0,西,8.1,西北西,0.1,--,--,雨時々曇,晴時々曇一時雨
2022,10,24,1015.7,1016.2,0.5,0.5,0.5,8.4,14.9,4.7,75,36,3.5,9.0,西北西,15.4,西北西,6.7,--,--,晴後曇時々雨,晴時々雨
2022,10,25,1024.9,1025.4,1.0,1.0,0.5,8.6,14.3,4.6,75,44,2.7,6.0,東北東,8.9,北北東,5.7,--,--,雨時々曇後晴,晴
2022,10,26,1028.3,1028.8,0.0,0.0,0.0,8.4,16.3,2.3,73,38,2.2,6.1,東北東,12.7,北北東,8.4,--,--,晴一時雨,晴
2022,10,27,1025.5,1026.0,--,--,--,9.3,16.4,2.4,72 ),44 ),2.0,3.4,北北東,5.4,北,7.9,--,--,晴後時々曇,晴
2022,10,28,1022.8,1023.3,0.0,0.0,0.0,11.8,19.1,3.6,73,40,2.2,5.8,南南西,9.1,南南西,6.2,-- ),--,晴後曇一時雨,曇時々雨
2022,10,29,1021.9,1022.4,1.5,0.5,0.5,11.3,14.3,9.6,82,57,3.9,7.0,西南西,11.1,西南西,1.5,--,--,雨時々曇一時晴,曇時々晴一時雨
2022,10,30,1022.0,1022.5,4.0,2.0,1.5,11.8,15.3,9.7,85,69,2.6,4.6,南西,6.3,南西,3.6,--,--,曇時々雨一時晴,雨一時曇後晴
2022,10,31,1025.9,1026.4,0.0,0.0,0.0,12.1,18.2,7.8,76,48,2.5,6.2,東北東,8.5,東南東,8.1,--,--,晴,晴
2022,11,1,1020.7,1021.2,0.0,0.0,0.0,11.9,17.9,5.4,76,52,2.1,4.9,南,7.1,南,7.5,--,--,晴時々曇,曇後晴一時雨
2022,11,2,1016.9,1017.4,0.0,0.0,0.0,11.8,17.1,8.1,76,50,3.0,6.0,西北西,9.3,西北西,6.4,--,--,曇一時雨後晴,晴後時々曇
2022,11,3,1011.9,1012.4,24.5,4.0,1.0,9.3,11.3,7.3,84,68,3.0,6.2,北西,10.0,南西,0.0,--,--,雨時々曇,雨後一時曇
2022,11,4,1013.3,1013.8,7.0,2.5,1.0,6.5,11.1,4.4,84,48,3.6,7.6,南西,12.0,南西,2.3,--,--,雨時々曇一時晴,雨時々曇一時晴
2022,11,5,1016.6,1017.1,0.5,0.5,0.5,8.0,12.8,3.3,68,46,4.2,9.2,西南西,14.5,西南西,3.2,--,--,曇後雨時々晴,雨時々晴一時曇
2022,11,6,1020.2,1020.7,13.0,4.0,2.0,8.7,12.8,5.4,76,59,3.9,7.2,西南西,10.2,南南西,3.1,--,--,雨後時々晴、雷を伴う,晴一時雨
2022,11,7,1021.1,1021.6,--,--,--,9.1,15.4,4.0,74,45,2.6,5.4,南西,8.6,南西,6.6 ),--,--,晴時々曇,曇時々晴一時雨
2022,11,8,1017.7,1018.2,4.5,2.0,1.0,9.4,13.2,6.5,85,68,2.6,7.1,南西,11.6,北西,1.6,--,--,雨時々曇一時晴、雷を伴う,曇時々雨一時晴
2022,11,9,1022.0,1022.5,0.0,0.0,0.0,11.7,15.3,8.7,62,42,4.8,8.2,西南西,12.6,西,8.3,--,--,晴,晴時々雨一時曇
2022,11,10,1020.9,1021.4,1.5,1.5,1.0,12.9,17.9,7.4,70,49,4.7,8.8,西,13.3,西,3.8,--,--,晴時々雨後曇,晴
2022,11,11,1027.7,1028.2,--,--,--,7.8,14.2,3.0,69,38,2.5,5.6,南西,7.8,南西,9.3,--,--,晴,晴
2022,11,12,1021.4,1021.9,--,--,--,8.6,16.6,1.6,69,36,2.0,4.3,南南東,5.2,南南東,9.3,--,--,晴,晴後時々曇
2022,11,13,1005.4,1005.9,12.5,7.0,1.5,14.8,22.8,7.0,68,40,6.0,13.0,南南西,20.9,南南西,1.1,--,--,曇後時々雨,晴時々雨
2022,11,14,1013.1,1013.6,0.0,0.0,0.0,8.2,11.7,4.7,66,49,3.1,6.1,西,10.0,西,2.4,--,--,雨時々晴後曇,曇後雨時々晴
2022,11,15,1010.1,1010.6,14.0,4.5,1.5,7.9,14.0,3.8,84,51,2.6,7.1,南西,10.6,南南西,4.0,--,--,晴時々曇後雨,雨後時々曇一時晴
2022,11,16,1012.6,1013.1,8.0,3.0,1.5,6.0,9.0,3.4,82,57,3.7,9.5,西,15.4,西,1.7,--,--,雨時々曇一時晴、雷を伴う,雨時々曇
2022,11,17,1022.8,1023.3,3.5,4.0,1.0,4.8,8.9,1.2,78,52,3.2,7.1,北西,11.8,北西,2.1 ),--,--,雨時々曇一時晴,晴後時々曇
2022,11,18,1023.2,1023.7,5.5,3.5,1.5,6.0,12.3,1.1,81,46,2.0,7.0,西北西,9.9,西北西,2.0,--,--,曇時々晴後雨,雨時々曇一時晴、雷を伴う
2022,11,19,1024.9,1025.4,1.0,0.5,0.5,7.3,11.7,3.0,79,51,2.5,5.7,西北西,9.2,西北西,2.4,--,--,曇一時雨後時々晴,晴
2022,11,20,1023.2,1023.7,--,--,--,7.8,16.2,0.2,78,45,2.3,5.6,南東,7.9,南東,8.8,--,--,晴,曇一時晴
2022,11,21,1016.9,1017.4,0.5,0.5,0.5,11.2,15.7,6.7,83,63,1.9,4.4,南西,5.4,南南西,3.1,--,--,曇時々晴,晴後雨時々曇
2022,11,22,1020.9,1021.4,2.5,2.5,1.5,8.3,11.6,5.6,63,39,4.5,8.7,西,13.6,西北西,5.0,--,--,曇一時雨後晴,曇時々晴
2022,11,23,1019.5,1020.0,1.5,1.5,0.5,6.4,10.1,1.4,73,48,1.8,5.4,東北東,7.8,東北東,2.4,--,--,曇時々晴,雨時々曇
2022,11,24,1014.2,1014.7,6.5,2.0 ),0.5 ),8.8,13.0,6.2,83,53,2.3,5.4,西北西,8.7,西北西,2.8,--,--,雨後晴時々曇,晴後曇一時雨
2022,11,25,1018.7,1019.2,0.0,0.0,0.0,8.3,13.5,3.3,71,51,2.7,5.5,西,8.1,西南西,5.7,--,--,晴時々曇,晴
2022,11,26,1008.6,1009.1,19.5,4.5,3.0,10.9,17.8,1.9,75,38,5.4,12.4,南南西,18.8,南南西,2.5,--,--,雨時々曇一時晴、雷を伴う,雨後時々曇
2022,11,27,1018.8,1019.3,2.5,1.0,0.5,5.2,7.4,3.0,79,65,4.4,9.4,西南西,14.0,西,0.0,--,--,雨後一時曇,曇時々雨一時晴
2022,11,28,1023.5,1024.0,0.0,0.0,0.0,8.4,13.7,4.4,69,48,2.7,5.1,南西,8.6,南南西,5.3,--,--,晴時々雨後曇,曇時々晴
2022,11,29,1008.5,1009.0,16.5,4.0,2.0,11.5,19.8,3.6,83,49,3.6,10.4,南南西,14.1,南南西,1.9,--,--,雨時々曇,雨時々曇
2022,11,30,1012.5,1013.0,6.0,2.0,0.5,4.4,10.7,-0.7,86,65,4.6,9.7,西,15.2,西南西,0.0,4,4,雨時々曇後みぞれ一時雪,雪、みぞれを伴う
2022,12,1,1019.5,1020.0,22.5,3.5,1.0,-0.6,0.4,-1.4,91,74,4.0,8.5,西,13.9,西,0.0,29 ),32 ),雪,雪
2022,12,2,1023.4,1023.9,4.0,2.0,0.5,-0.8,0.7,-1.9,86,75,3.3,5.6,南南西,8.3,南南西,2.0,7 ),39,雪時々曇,雪後曇時々晴
2022,12,3,1019.5,1020.0,12.0,3.5,1.0,2.2,5.3,-2.2,88,65,2.8,7.8,南南西,12.3,南西,2.2,--,28,曇時々晴後雨,雨、みぞれを伴う
2022,12,4,1018.6,1019.1,27.5,3.5,1.0,0.4,4.9,-2.2,91,70,3.8,7.6,西北西,12.7,西北西,0.0,20,22,雪時々みぞれ,大雪時々曇
2022,12,5,1021.1,1021.6,11.0,2.5,1.0,-0.5,1.4,-2.1,86,70,4.0,6.3,南西,11.5,西,0.6,16,38,雪時々曇,曇時々雪後晴
2022,12,6,1015.1,1015.6,0.0,0.0,0.0,-0.3,2.1,-4.3,90,79,1.7,3.7,南西,6.3,南南西,0.2 ),--,30,曇一時雪後みぞれ,晴一時曇後雪時々みぞれ
2022,12,7,1013.5,1014.0,4.0,0.5,0.5,2.3,4.4,-0.5,85,69,4.2,8.0,西南西,12.7,西南西,2.1,3,27,みぞれ一時曇後一時雨,みぞれ、雷を伴う
2022,12,8,1016.7,1017.2,11.5,2.5,1.0,1.1,2.7,-0.2,92,80,3.8,7.7,西,13.9,西北西,0.2,7,19,みぞれ後時々雪,雪後時々みぞれ
2022,12,9,1019.3,1019.8,6.0,3.0,0.5,1.6,4.5,-0.1,89,69,3.4,6.0,南西,8.2,南南西,0.5,5,23,みぞれ後一時雨時々曇一時晴,晴一時曇後みぞれ時々雪
2022,12,10,1017.0,1017.5,2.5,1.0,0.5,3.3,7.3,-0.4,80,51,2.8,5.1,南西,7.9,南西,2.9,--,17,曇時々みぞれ一時晴,みぞれ時々雨後曇
2022,12,11,1015.8,1016.3,0.0,0.0,0.0,2.7,6.0,0.6,76,52,2.7,5.3,西北西,8.9,北西,1.3,--,11,曇時々みぞれ一時晴後一時雪,雪時々曇、みぞれを伴う
2022,12,12,1021.0,1021.5,0.0,0.0,0.0,1.5,4.6,-0.2,80,54,1.7,4.6,西,7.5,西,0.4,1,10,曇一時雪,曇一時晴
2022,12,13,1007.1,1007.6,16.0,4.5,1.5,3.3,8.8,-0.9,85,65,3.4,10.2,南南西,16.5,南西,2.2,2,9,雨時々曇一時雪、みぞれを伴う,雨後雪時々みぞれ一時曇
2022,12,14,1004.9,1005.4,14.0,3.5,1.0,-1.2,2.8,-3.9,86,62,5.9,12.0,西南西,21.9,西,0.2,21,24,雪、みぞれを伴う,雪
2022,12,15,1011.5,1012.0,13.5,2.0,1.0,-2.2,-1.0,-3.3,88,68,6.7,10.1,西,17.8,西,0.0,15,37,雪,雪時々曇
2022,12,16,1016.1,1016.6,11.5,2.0,1.0,-2.2,-0.7,-3.1,84,63,6.0,10.1,西,17.3,西南西,0.0,12,47,雪,雪
2022,12,17,1013.5,1014.0,4.5,2.0,0.5,-0.3,4.3,-2.8,80,60,3.0,10.6,南西,16.6,南南西,1.7,5,52,曇時々雪,雪時々みぞれ一時雨
2022,12,18,1003.6,1004.1,8.5,1.5,0.5,-2.3,2.3,-4.4,85,61,5.2,9.9,北西,16.6,北西,0.0,8,48,雪,雪後時々曇
2022,12,19,1013.0,1013.5,15.0,3.0,1.0,-3.5,-2.3,-4.7,90,73,3.4,7.8,西南西,13.8,西南西,0.0,26,66,雪,雪
2022,12,20,1018.1,1018.6,6.5,1.5,0.5,-1.2,1.5,-3.7,88,69,5.9,9.2,西南西,13.8,西南西,1.9,4,67,雪時々曇,雪
2022,12,21,1017.0,1017.5,0.0,0.5,0.0,1.2,4.7,-1.1,79,56 ),3.4,8.0,南西,12.2,南西,3.3,--,63,曇後一時晴,曇
2022,12,22,995.8,996.3,9.0,4.0,2.0,5.7,8.6,-0.5,86,72,4.3,9.8,南西,16.1,南西,0.0,--,53,雨一時曇,雨後曇時々みぞれ
2022,12,23,986.2,986.7,1.0,1.0,0.5,2.8,5.5,0.3,70,49,5.2,10.9,南西,16.9,南西,5.2,--,34,みぞれ時々曇後晴,晴後雪時々みぞれ一時曇
2022,12,24,991.8,992.3,0.5,0.5,0.5,3.1,7.1,-0.4,74,54,4.8,10.1,北北西,15.2,北,1.4,1,31,みぞれ時々雨後曇、雷を伴う,晴後一時曇、みぞれを伴う
2022,12,25,1002.3,1002.8,0.0,0.0,0.0,1.5,3.4,-0.2,87,79,3.8,6.5,西南西,9.5,南西,3.0,1,27,曇時々晴,晴時々曇一時雪、みぞれを伴う
2022,12,26,1009.6,1010.1,0.0,0.0,0.0,3.0,7.9,-0.2,82,53,3.2,6.0,西南西,8.5,西北西,2.1,--,25,曇時々晴一時みぞれ,晴後一時雪
2022,12,27,1019.2,1019.7,0.0,0.0,0.0,2.1,7.0,-1.3,85,59,2.8,6.1,南西,8.0,南西,3.6,1,23,晴後雨時々曇、みぞれを伴う,晴後みぞれ時々雨
2022,12,28,1018.0,1018.5,4.0,1.0,0.5,2.0,5.6,0.2,90,64,2.4,4.1,西南西,5.3,南西,0.0,2,22,曇後みぞれ時々雨一時晴,みぞれ時々曇一時晴後一時雪
2022,12,29,1016.1,1016.6,11.5,3.0,1.0,-0.5,1.5,-1.9,88,72,5.8,11.3,西南西,18.7,南西,0.5,13,32,雪,雪時々曇
2022,12,30,1020.5,1021.0,6.0,2.0,0.5,-0.5,1.5,-1.5,90,79,4.8,8.0,西南西,13.4,西,0.3,13,42,雪時々曇,雪時々曇
2022,12,31,1020.4,1020.9,0.0,0.0,0.0,1.8,4.3,-0.3,72,59,4.4,6.7,南西,9.8,南西,0.5,--,41,曇時々雪,曇時々雪
2023,1,1,1015.0,1015.5,1.5,0.5,0.5,1.2,4.7,-2.7,73,46,6.0,10.8,西,19.5,西,1.4,1,35,みぞれ後雪時々曇,雪時々曇
2023,1,2,1015.3,1015.8,5.0,1.5,0.5,-3.4,-1.6,-4.3,80,51,6.9,11.5,西,19.2,西北西,0.9,8,38,雪時々曇,雪時々曇
2023,1,3,1014.2,1014.7,4.5,1.0,0.5,-2.7,-0.7,-3.9,79,53,5.1,9.3,西,16.9,西,0.1,10,45,雪時々曇,雪時々曇
2023,1,4,1014.9,1015.4,4.5,1.0,0.5,-2.7,-1.6,-3.6,82,65,5.9,9.5,西,17.3,西北西,0.1,7,50,雪時々曇,雪
2023,1,5,1018.1,1018.6,2.0,0.5,0.5,-0.8,1.3,-2.8,77,52,5.6,9.5,西,15.6,西北西,0.7,3,53,雪時々曇,雪時々曇
2023,1,6,1018.0,1018.5,4.0,1.0,0.5,0.3,2.4,-1.6,81,61,3.6,7.8,南西,11.4,南西,0.6 ),8,55,雪時々曇、みぞれを伴う,雪
2023,1,7,1013.5,1014.0,3.0,2.0,1.0,0.7,2.2,-0.9,91,82,2.3,5.4,南南西,7.3,南南西,0.0,5,59,雪後みぞれ時々曇,晴時々みぞれ一時曇後雪
2023,1,8,1018.1,1018.6,4.5,1.0,0.5,0.3,2.1,-0.7,90,73,2.8,4.8,南西,7.4,南西,0.7,10,57,雪後みぞれ時々曇,曇時々晴後雪
2023,1,9,1014.2,1014.7,6.0,3.0,1.0,1.8,4.8,-1.4,81,66,4.0,7.0,南西,10.9,南西,4.0,5,54,雪一時晴後みぞれ時々曇,雪一時みぞれ
2023,1,10,1016.4,1016.9,2.5,1.0,0.5,-1.3,-0.1,-2.1,88,76,3.5,8.4,北北西,12.7,北西,0.1,8,55,雪時々曇,雪時々曇
2023,1,11,1019.5,1020.0,1.5,0.5,0.5,2.5,5.6,-1.4,79,66,4.7,8.7,南西,13.5,南西,0.9,--,54,雪後雨時々曇、みぞれを伴う,晴時々曇一時雨
2023,1,12,1020.8,1021.3,0.0,0.0,0.0,4.6,9.9,0.2,73,49,3.8,5.4,南西,9.3,南西,7.0,--,46,雨時々曇後晴、みぞれを伴う,晴
2023,1,13,1016.0,1016.5,0.5,0.5,0.5,5.4,12.4,-0.4,83,55,3.3,6.9,南南西,10.1,南西,5.5,--,41,晴時々曇,雨時々曇一時晴
2023,1,14,1008.1,1008.6,5.5,1.5,1.0,5.5,8.6,2.4,89,82,3.3,5.6,北東,7.8,北東,0.0,--,36,雨時々曇,雨一時曇後みぞれ
2023,1,15,1012.2,1012.7,3.5,1.0,0.5,1.5,2.7,0.8,93,82,2.5,5.8,北北東,8.5,北北東,0.0,1,32,みぞれ,みぞれ時々曇一時雪
2023,1,16,1013.0,1013.5,0.5,0.5,0.5,0.0,1.7,-2.1,80,55,3.7,8.2,西,12.5,西北西,1.3,3,33,雪時々曇一時晴,雪時々曇
2023,1,17,1021.5,1022.0,2.0,0.5,0.5,-2.0,-0.7,-2.9,88,76,2.5,4.4,西南西,8.1,西北西,0.0,10,41,雪後時々曇,雪時々曇
2023,1,18,1019.0,1019.5,1.0,0.5,0.5,-0.9,1.6,-2.3,81,61,2.4,6.2,西北西,9.4,西北西,0.8,1,39,雪時々曇一時晴,曇時々雪
2023,1,19,1020.4,1020.9,0.0,0.0,0.0,-0.4,3.0,-3.5,72,51,1.5,3.2,南西,4.2,南西,6.6,--,35,晴時々曇一時雪,曇時々雪後みぞれ
2023,1,20,1009.6,1010.1,3.0,1.5,1.0,2.7,4.9,0.0,76,51,3.9,9.4,南南西,17.1,南,1.7,--,34,曇後一時みぞれ,雪時々みぞれ一時雨、雷を伴う
2023,1,21,1019.3,1019.8,4.0,1.5,0.5,-1.3,3.4,-4.5,80,52,5.3,10.4,南西,20.8,南南西,1.7,13,43,雪時々曇,雪時々曇
2023,1,22,1025.0,1025.5,5.0,1.5,0.5,-3.2,-0.4,-4.5,87,63,3.6,7.1,西,12.7,西北西,2.3,13,51,雪,雪時々晴
2023,1,23,1017.1,1017.6,0.5,0.5,0.5,-3.1,1.7,-8.4,82,62,2.2,6.8,南西,10.9,南西,2.5,1,49,曇時々晴後雪,曇時々雪
2023,1,24,1004.0,1004.5,3.5,2.0,0.5,-4.2,0.9,-9.7,79,62,5.2,10.0,北北西,15.7,北北西,0.0,4,46,雪,雪時々曇
2023,1,25,1006.9,1007.4,6.0,1.5,0.5,-8.1,-5.8,-9.9,79,59,8.5,12.0,西,20.6,西,0.0,8,52,雪,雪時々曇
2023,1,26,1013.2,1013.7,5.0,1.0,0.5,-4.5,-3.0,-6.4,81,57,5.9,13.3,西,19.8,西北西,0.0,10,58,雪,雪時々曇
2023,1,27,1009.1,1009.6,2.5,0.5,0.5,-3.7,-1.1,-5.7,87,72,3.1,6.0,南西,8.9,南西,1.0,5,59,雪時々曇,雪時々曇一時晴
2023,1,28,1005.5,1006.0,15.5,2.5,1.0,-5.3,-3.6,-6.7,89,75,4.9,9.4,西南西,16.1,西,0.1,29,84,雪,雪
2023,1,29,1012.1,1012.6,11.0,2.5,1.0,-5.7,-4.0,-7.3,86,72,4.0,7.8,西南西,13.7,西南西,0.3,16,95,雪,雪時々曇一時晴
2023,1,30,1011.4,1011.9,4.0,2.5,1.0,-3.8,-0.4,-8.8,83,50,2.0,4.9,西,7.3,西,4.3,9,88,晴後雪時々曇,雪
2023,1,31,1015.5,1016.0,10.0,2.0,1.0,-3.2,-1.7,-4.7,87,69,3.9,8.0,西,13.1,西,0.7,16,100,雪,雪時々曇
2023,2,1,1006.4,1006.9,2.0,1.0,0.5,-0.3,3.2,-3.7,87,62,3.7,14.4,西北西,25.2,西北西,0.0,--,97,雪時々曇一時晴後みぞれ,雪時々みぞれ一時曇、雷を伴う
2023,2,2,1014.9,1015.4,3.5,1.0,0.5,-2.8,0.6,-5.3,79,58,6.0,10.4,西北西,17.7,西北西,0.6,7,88,雪時々曇,雪
2023,2,3,1019.0,1019.5,5.5,1.0,0.5,-3.5,-2.3,-5.0,89,77,3.6,6.1,西南西,10.2,西南西,0.1,13,100,雪,雪
2023,2,4,1017.3,1017.8,3.0,1.0,0.5,-1.8,-0.4,-3.1,89,77,2.4,4.7,南西,8.2,南西,0.1,5,102,雪,雪時々曇一時晴
2023,2,5,1020.6,1021.1,5.0,2.0,1.0,-1.2,1.4,-4.4,83,62,4.0,7.1,西南西,11.3,西,0.8,11,103,雪後時々曇,晴後雪時々曇、みぞれを伴う
2023,2,6,1018.6,1019.1,3.0,1.5,0.5,2.4,6.3,-0.8,77,50,3.2,7.4,南南西,10.9,南西,6.5 ),--,94,晴時々曇,みぞれ後晴一時雪
2023,2,7,1020.8,1021.3,0.0,0.0,0.0,1.4,4.3,-1.6,78,57,2.3,5.1,西北西,7.1,西北西,4.4,--,81,曇時々晴一時雪,曇後晴一時雪
2023,2,8,1019.1,1019.6,0.0,0.0,0.0,-0.7,1.7,-2.4,80,58,2.0,5.5,北北西,8.8,北西,4.7,1,75,雪時々曇一時晴,雪時々曇
2023,2,9,1025.9,1026.4,3.0,1.5,1.0,-3.0,-1.1,-4.4,80,58,4.9,10.2,西北西,16.5,北西,1.1,4,77,雪時々曇,雪時々曇一時晴
2023,2,10,1024.5,1025.0,1.0,0.5,0.5,-1.5,0.7,-4.2,75,50,1.6,3.8,北東,5.5,東北東,1.1,1,75,曇一時晴,雪時々曇
2023,2,11,1020.9,1021.4,0.5,1.0,0.5,1.4,5.5,-1.5,87,68,1.7 ],4.9 ],南西 ],7.5 ],南西 ],2.8,2,75,雪後曇時々みぞれ一時晴,曇時々みぞれ後晴
2023,2,12,1019.4,1019.9,6.5,2.0,1.0,2.3,4.7,-0.3,89,67,3.3,6.5,西,10.2,西,0.0,--,69,雨時々みぞれ,曇時々みぞれ
2023,2,13,1013.1,1013.6,1.5,0.5,0.5,0.7,2.9,-1.2,93,82,2.1,7.9,北,12.2,北北西,0.1,1,65,みぞれ時々曇一時雪,晴時々雪一時曇、みぞれを伴う
2023,2,14,1009.1,1009.6,15.5,3.0,1.0,-2.5,-0.9,-3.6,89,74,3.7,12.4,北,19.2,北,0.1,25,87,大雪,雪後曇時々晴
2023,2,15,1020.1,1020.6,2.0,2.0,0.5,-4.8,-2.7,-8.1,82,66,2.7,9.6,北北東,13.5,北北東,1.8,2,87,雪時々曇,晴後雪一時曇
2023,2,16,1026.5,1027.0,0.5,0.5,0.5,-2.2,0.6,-5.3,81,64,4.3,8.8,西南西,13.3,西南西,1.7,4,85,雪時々曇,曇時々雪
2023,2,17,1023.2,1023.7,0.0,0.0,0.0,2.8,6.0,-0.3,67,51,4.3,7.2,西南西,11.8,西南西,4.9,--,78,曇時々晴一時雪、みぞれを伴う,曇一時みぞれ後晴
2023,2,18,1019.6,1020.1,0.0,0.0,0.0,4.4,8.4,-0.1,65,39,3.8,6.8,西南西,9.9,南西,8.0,--,70,晴後時々曇,雨時々曇、みぞれを伴う
2023,2,19,1005.7,1006.2,2.0,1.0,0.5,2.7,4.2,1.6,91,69,2.7,7.8,南西,12.3,南西,0.0,1,66,雨時々みぞれ一時曇,みぞれ時々雨一時曇後雪
2023,2,20,1009.5,1010.0,9.0,1.5,0.5,-1.2,3.6,-3.7,79,51,7.1,14.4,西南西,25.0,西,3.3,15,77,雪時々曇,雪時々曇
2023,2,21,1020.8,1021.3,8.0,3.0,1.0,-3.0,-1.3,-4.0,88,78,3.5,7.3,西北西,12.5,北西,0.0,15,87,雪時々曇、雷を伴う,雪時々曇
2023,2,22,1027.1,1027.6,3.0,1.5,0.5,-0.9,2.1,-4.3,78,58,4.2,7.2,西北西,11.6,西南西,2.8,7,92,雪時々曇,雪時々曇
2023,2,23,1019.0,1019.5,2.5,1.5,0.5,2.6,6.0,-0.4,74,59,3.9,7.0,南南西,11.7,南南西,4.2,--,80,曇時々晴後雨、みぞれを伴う,みぞれ一時雨
2023,2,24,1017.0,1017.5,0.5,0.5,0.5,2.3,5.0,0.2,83,58,1.9,3.9,北,5.0,北,3.0,1,70,曇時々晴一時雪後時々みぞれ,みぞれ時々曇一時晴
2023,2,25,1019.3,1019.8,7.5,1.5,0.5,-0.8,1.1,-3.3,88,71,3.7,7.7,西北西,12.1,西,0.8,16,83,雪,雪時々晴
2023,2,26,1023.9,1024.4,3.5,1.0,0.5,-2.2,0.8,-4.8,78,56,5.0,9.4,北西,20.7,西北西,1.4,3,86,雪時々曇,晴一時雪
2023,2,27,1028.2,1028.7,0.0,0.0,0.0,1.6,7.9,-7.0,64,38,5.1,11.1,西南西,17.7,西南西,8.6,--,82,晴一時曇、みぞれを伴う,晴
2023,2,28,1019.4,1019.9,0.0,0.0,0.0,7.4,11.3,0.4,64,50,6.6,12.3,南西,20.7,南西,10.4,--,71,晴,晴時々雨一時曇
2023,3,1,1014.4,1014.9,1.5,1.0,0.5,6.9,10.2,3.1,70,55,3.5,7.3,西南西,11.3,南南西,0.8,--,59,曇時々雨,雨時々曇後みぞれ
2023,3,2,1013.5,1014.0,6.5,1.5,0.5,1.7,4.4,-0.5,82,54,2.3,6.1,西,9.7,西,1.4,1,56,みぞれ一時雨,晴後一時雪
2023,3,3,1021.2,1021.7,1.0,0.5,0.5,1.4,4.2,-1.7,74,54,4.3,9.7,西南西,15.0,西南西,1.9,2,55,雪時々曇一時みぞれ,晴時々みぞれ一時雪
2023,3,4,1024.8,1025.3,0.5,0.5,0.5,2.7,5.9,-0.3,70,49,4.1,9.5,西北西,14.0,西北西,3.2,--,54,みぞれ時々雪一時雨後曇,晴
2023,3,5,1027.3,1027.8,--,--,--,1.7,7.3,-3.8,68,44,3.0,6.2,西,9.6,西南西,10.4,--,52,晴後一時曇,晴
2023,3,6,1021.9,1022.4,--,--,--,3.7,10.7,-3.2,64,41,2.5,5.3,南西,8.5,西南西,10.3 ),--,47,晴,晴後一時曇
2023,3,7,1017.6,1018.1,--,--,--,7.4,12.3,-0.5,71,53,4.9,9.1,南南西,14.5,南南西,8.7,--,42,晴後一時曇,晴後一時曇
2023,3,8,1016.1,1016.6,--,--,--,10.5,16.1,3.6,67,41,5.6,10.5,南西,16.3,南西,9.3,--,33,晴一時曇,晴後一時曇
2023,3,9,1019.0,1019.5,--,--,--,6.9,10.9,3.2,81,59,2.1,5.4,東北東,7.9,東北東,4.5,--,22,曇後時々晴,曇時々晴一時雨
2023,3,10,1017.5,1018.0,5.5,2.0,1.0,5.7,9.1,2.6,88,69,3.4,7.4,西南西,11.3,西南西,0.0,--,18,雨,晴時々雨一時曇
2023,3,11,1027.0,1027.5,--,--,--,5.7,10.4,1.5,69,46,3.6,7.0,南西,9.6,西,10.0,--,11,晴,晴
2023,3,12,1022.7,1023.2,--,--,--,5.0,11.8,-0.7,80,56,1.9,4.4,東北東,6.2,東北東,7.6,--,7,晴後時々曇,晴後時々曇
2023,3,13,1012.6,1013.1,0.5,0.5,0.5,5.0,10.0,1.9,81,62,3.9,7.7,西,13.2,西,0.0,--,--,雨時々曇,雪時々晴一時雨後曇
2023,3,14,1023.5,1024.0 ),0.0,0.0,0.0,3.3 ),8.2 ),0.1 ),54 ),29 ),3.6,7.1,西,11.3,西,9.1,--,--,晴一時曇,晴
2023,3,15,1026.3,1026.8,--,--,--,4.5,12.6,-1.9,66,35,1.9,3.5,北西,5.2,北,10.4,--,--,晴,晴時々曇
2023,3,16,1021.1,1021.6,1.0,1.0,0.5,5.2,15.5,-0.1,78,39,3.0,9.2,南南西,15.5,南南西,1.5,--,--,雨時々曇,晴後一時曇
2023,3,17,1022.6,1023.1,0.0,0.0,0.0,4.9,9.2,2.7,58,35,5.1,9.6,西,15.7,西,5.6,--,--,曇一時雪後晴時々みぞれ,晴時々雨一時みぞれ後曇
2023,3,18,1017.1,1017.6,0.0,0.0,0.0,4.1,8.5,0.5,58,33,2.4,5.3,西北西,7.2,西北西,4.3,--,--,曇後時々晴,晴一時曇
2023,3,19,1014.7,1015.2,--,--,--,6.9,12.7,0.9,52,24,5.4,10.0,西南西,15.4,西,11.2,--,--,晴,晴
2023,3,20,1016.9,1017.4 ),0.0,0.0,0.0,9.2 ),15.6 ),2.6,57 ),33 ),4.7,8.8,西南西,12.8,西南西,10.3,--,--,晴一時雨,晴後時々曇
2023,3,21,1016.2,1016.7,0.0,0.0,0.0,7.8,15.5,1.1,65,36,1.6,4.2,北西,5.8,北西,7.5,--,--,晴後曇一時雨,曇一時雨後晴
2023,3,22,1017.0,1017.5,--,--,--,9.0,16.0,2.8,74,46,1.8,4.5,北,6.8,北,10.8,--,--,晴,曇時々晴
2023,3,23,1010.4,1010.9,5.5,1.5,0.5,8.8,14.2,4.0,87,64,1.5,3.3,北,4.8,北西,5.4,--,--,曇時々晴一時雨,雨
2023,3,24,1009.5,1010.0,4.0,2.0,0.5,8.5,12.9,3.3,73,38,4.6,9.9,西,15.4,西,7.4,--,--,晴時々曇,晴後時々曇
2023,3,25,1019.7,1020.2,--,--,--,5.4,9.7,1.4,66,48,2.7,5.6,北北西,7.7,北北西,9.2,--,--,晴時々曇,晴時々曇
2023,3,26,1014.4,1014.9,29.5,4.0,1.0,4.8,7.6,0.4,92,74,1.7,3.7,南南西,4.9,南南西,0.1,--,--,雨時々曇,雨後時々曇
2023,3,27,1016.4,1016.9,0.0,0.5,0.0,6.7,10.4,3.0,62,34,5.8,11.3,西,16.5,西,6.3,--,--,曇時々晴一時雨,晴
2023,3,28,1024.9,1025.4,--,--,--,6.1,12.1,0.3,61,33,2.7,5.6,北西,8.4,西北西,10.6,--,--,晴後一時曇,晴
2023,3,29,1023.7,1024.2,--,--,--,6.4,12.9,-0.1,65,29,2.5,6.2,北北西,8.1,北,11.4,--,--,晴,晴
2023,3,30,1020.0,1020.5,--,--,--,8.1,15.6,1.2,63,21,2.3,6.2,北,8.9,北,11.8,--,--,晴,晴
2023,3,31,1015.3,1015.8,0.0,0.0,0.0,9.6,17.6,2.5,63,28,3.6,8.5,南西,16.1,南西,8.0,--,--,雨時々曇後晴,晴
2023,4,1,1019.0,1019.5,--,--,--,8.1,13.5,4.2,66,40,3.5,6.2,西,9.3,西,11.9,--,--,晴,晴
2023,4,2,1022.0,1022.5,--,--,--,6.8,12.1,1.3,71,48,3.5,8.5,北北東,11.3,北北東,12.1,--,--,晴,晴
2023,4,3,1024.3,1024.8,--,--,--,7.2,14.1,0.2,68,29,2.3,5.5,北,6.7,北北西,12.2,--,--,晴,晴
2023,4,4,1023.5,1024.0,--,--,--,10.6,19.1,2.5,46,21,3.3,6.7,西北西,10.1,北西,11.4,--,--,晴,晴時々曇
2023,4,5,1020.1,1020.6,--,--,--,11.3,18.6,5.4,58,28,1.7,4.5,北北西,6.2,北北西,1.8 ),--,--,曇後一時晴,曇後一時雨
2023,4,6,1011.1,1011.6,0.0,0.0,0.0,14.0,18.4,9.4,72,47,3.4,8.0,南南西,13.3,南南西,0.0,--,--,雨時々曇,雨時々曇
2023,4,7,1005.3,1005.8,24.5,5.0,1.0,13.0,17.0,9.3,93,73,2.5,6.0,南南西,10.0,南南西,0.0,--,--,雨,雨後時々曇
2023,4,8,1004.5,1005.0,0.5,0.5,0.5,8.6,14.6,4.4,81,37,3.3,9.4,西北西,14.0,西北西,1.5,--,--,曇一時晴後雨,雨後晴時々曇、みぞれを伴う
2023,4,9,1011.9,1012.4,5.5,3.0,1.0,5.4,9.6,2.8,66,43,5.4,10.1,西,18.4,西,2.7,--,--,雨後曇時々晴、みぞれを伴う,晴
2023,4,10,1014.5,1015.0,--,--,--,12.2,18.5,4.7,55,25,5.8,10.7,南西,15.5,南西,11.9,--,--,晴,晴時々曇
2023,4,11,1011.4,1011.9,--,--,--,16.1,21.2,9.8,50,33,6.5,12.0,南西,19.0,南西,7.4,--,--,曇時々晴,曇時々晴後雨
2023,4,12,1007.8,1008.3,16.0,5.5,2.0,10.8,18.3,5.6,55,14,6.8,12.9,西,21.4,西南西,5.4,--,--,曇時々雨一時晴,晴後曇一時雨、雷を伴う
2023,4,13,1011.6,1012.1,1.5,1.5,1.5,11.7,16.3,4.0,46,15,7.9,13.4,西,21.5,西,9.1,--,--,晴一時雨後曇,曇後一時晴
2023,4,14,1012.2,1012.7,--,--,--,14.0,18.2,10.2,59,39,7.0,14.2,南南西,21.0,南南西,2.6,--,--,曇,曇時々晴
2023,4,15,1009.6,1010.1,4.0,1.5,0.5,9.9,16.6,6.9,74,37,4.7,10.4,東北東,17.0,東北東,3.4,--,--,曇時々晴後雨,雨後時々曇
2023,4,16,993.2,993.7,5.5,2.0,1.0,9.6,16.4,4.8,81,59,7.1,13.2,南西,21.9,南西,0.8,--,--,雨時々曇,雨
2023,4,17,1009.9,1010.4,1.5,0.5,0.5,6.2,9.6,4.2,75,52,6.7,11.0,西北西,17.5,西南西,4.2,--,--,雨時々曇,雨時々曇一時晴
2023,4,18,1015.6,1016.1,0.5,0.5,0.5,10.0,15.5,5.0,70,39,3.2,5.8,北北西,10.1,南南西,6.0,--,--,曇時々晴一時雨,雨時々曇一時晴
2023,4,19,1009.7,1010.2,9.0,4.0,2.0,10.6,15.1,8.0,71,52,4.5,9.4,西南西,14.6,西南西,5.7,--,--,曇一時雨後晴,曇時々晴
2023,4,20,1005.8,1006.3,--,--,--,14.1,22.8,5.1,61,30,3.2,9.5,南西,14.4,西南西,8.9,--,--,曇時々晴,曇後晴一時雨
2023,4,21,1005.9,1006.4,0.0,0.0,0.0,12.0,16.7,7.3,41,19,7.1,10.3,西北西,15.6,北西,9.5,--,--,晴時々曇,晴時々曇
2023,4,22,1013.1,1013.6,0.0,0.0,0.0,8.6,12.3,6.5,47,33,6.8,12.2,西北西,18.6,西,4.1,--,--,曇一時雨,曇後雨一時晴
2023,4,23,1017.7,1018.2,0.0,0.0,0.0,9.2,14.6,5.7,42,23,6.9,12.7,西,20.7,西,9.5,--,--,晴時々曇,晴後一時雨一時曇、雷を伴う
2023,4,24,1020.9,1021.4,1.0,1.0,1.0,8.6,13.0,5.3,45,24,6.1,11.8,西,18.7,西,4.7,--,--,曇時々晴一時雨,晴
2023,4,25,1020.7,1021.2 ),--,--,--,10.7 ),15.4 ),4.9,35 ),18 ),3.9,7.0,南南西,10.2,南南西,9.8 ),--,--,×,曇後時々雨
2023,4,26,1005.5,1006.0,6.5,1.0,0.5,10.3,16.1,6.6,84,43,3.2,7.7,西,12.2,西,0.0,--,--,雨,雨後曇一時晴
2023,4,27,1015.9,1016.4,0.0,0.0,0.0,11.1,15.2,6.7,45,17,6.7,11.8,西,17.7,西南西,12.7,--,--,晴,晴
2023,4,28,1018.4,1018.9,--,--,--,14.2,22.0,5.0,55,21,3.9,8.3,南西,12.9,南西,12.0,--,--,晴,曇時々晴
2023,4,29,1011.5,1012.0,0.0,0.0,0.0,13.1,17.8,7.2,70,49,2.2,5.5,北北西,7.6,北北西,7.5,--,--,晴後曇一時雨,雨時々曇
2023,4,30,1000.8,1001.3,6.0,2.5,1.0,14.4,21.0,10.9,72,39,5.2,12.2,南西,19.3,西南西,3.5,--,--,雨後曇時々晴,晴
2023,5,1,1009.2,1009.7,3.0,2.0,1.0,13.5,20.4,9.1,64,33,6.1,10.9,西南西,17.6,南南西,6.7,--,--,晴後雨時々曇,雨時々曇一時晴
2023,5,2,1020.7,1021.2,0.0,0.0,0.0,11.5,16.4,7.4,66,42,4.3,8.0,西,12.0,西,8.2 ),--,--,曇時々晴,晴
2023,5,3,1021.3,1021.8,--,--,--,15.5,23.3,4.7,44,18,4.7,9.8,南西,13.4,南西,12.2,--,--,晴,晴
2023,5,4,1015.8,1016.3,--,--,--,19.4,24.9,14.1,34,25,6.6,11.4,西南西,16.9,西南西,9.8,--,--,晴時々曇,曇時々晴
2023,5,5,1010.9,1011.4,3.5,1.5,1.0,18.9,26.2,14.0,58,36,3.7,7.8,西北西,11.8,西北西,5.1,--,--,曇時々晴一時雨,雨
2023,5,6,1005.4,1005.9,45.0,6.0,1.5,12.1,14.4,9.1,95,83,3.7,9.0,東北東,12.5,東北東,0.0,--,--,雨,曇時々雨
2023,5,7,1012.8,1013.3,0.0,0.0,0.0,10.3,13.3,8.5,68,42,6.9,10.5,東北東,16.1,東北東,5.2,--,--,曇後一時晴,雨時々曇
2023,5,8,1011.9,1012.4,8.5,1.5,0.5,6.2,10.1,4.9,84,45,4.0,8.1,東北東,11.8,東北東,1.4,--,--,雨後一時曇,晴後一時曇
2023,5,9,1013.7,1014.2,0.0,0.0,0.0,13.7,21.3,4.0,53,24,4.8,10.6,南南西,14.1,南西,11.9,--,--,晴一時雨,曇時々晴一時雨
2023,5,10,1014.5,1015.0,0.0,0.0,0.0,13.6,19.9,8.5,55,22,3.6,11.4,西北西,18.1,西北西,11.0,--,--,晴時々曇一時雨,晴
2023,5,11,1019.5,1020.0,--,--,--,11.0,16.7,5.7,62,42,3.8,8.1,西,11.4,西,12.3,--,--,晴,晴
2023,5,12,1021.6,1022.1,--,--,--,11.5,18.2,5.1,64,26,2.6,5.2,北西,7.6,南西,11.3,--,--,晴一時曇,晴
2023,5,13,1019.2,1019.7,--,--,--,12.5,20.5,5.9,70,37,2.7,5.7,北西,7.7,西北西,11.0,--,--,晴時々曇,晴時々曇
2023,5,14,1014.8,1015.3,1.0,0.5,0.5,11.2,13.6,7.1,91,81,1.6,3.5,北北西,5.0,北西,3.3,--,--,曇一時晴後雨,曇一時晴後雨
2023,5,15,1011.8,1012.3,16.5,5.0,1.5,13.3,15.2,12.0,98,91,1.4,4.9,北西,7.1,北西,0.0,--,--,雨時々曇,×
2023,5,16,1012.1,1012.7 ),0.5,0.5,0.5,14.7 ),19.2 ),12.4 ),87 ],66 ],2.2,4.4,北,5.6,北北西,9.8,--,--,曇一時雨後晴,晴後時々曇、霧を伴う
2023,5,17,1010.0,1010.5,0.0,0.0,0.0,16.1,22.8,12.0,84,59,2.1 ),6.7 ),北西 ),9.8 ),北西 ),9.5,--,--,曇一時雨後晴,晴時々曇
2023,5,18,1011.3,1011.8,--,--,--,21.6,31.1,12.3,60,22,4.3,9.5,南南西,13.5,南西,11.3,--,--,晴,曇後時々雨
2023,5,19,1012.3,1012.8,1.5,0.5,0.5,15.7,18.2,14.1,91,77,2.2,6.1,北西,9.2,北西,0.0,--,--,雨時々曇,雨後曇時々晴
2023,5,20,1011.3,1011.8,0.0,0.0,0.0,15.9,20.6,12.9,73,54,5.7,10.8,東北東,15.1,東北東,11.9,--,--,晴,曇時々晴
2023,5,21,1005.5,1006.0,0.5,0.5,0.5,15.4,20.1,11.1,85,70,2.7,8.1,南西,12.8,南西,3.2,--,--,曇一時晴後雨,曇時々雨一時晴
2023,5,22,1004.5,1005.0,0.0,0.0,0.0,16.5,21.6,11.7,66,38,4.5,9.7,西,14.6,西,7.9,--,--,曇時々晴,曇後一時雨
2023,5,23,1006.1,1006.6,0.0,0.0,0.0,13.7,18.7,10.2,72,52,3.7,7.1,北,9.5,北,12.5,--,--,晴,晴後曇一時雨
2023,5,24,1012.1,1012.6,0.0,0.0,0.0,14.1,19.4,10.3,66,44,3.9,6.4,南西,10.6,西,11.8,--,--,晴,晴
2023,5,25,1020.9,1021.4,--,--,--,15.6,22.8,7.3,61,31,2.4,5.2,北北東,6.9,北東,12.6,--,--,晴,晴一時曇
2023,5,26,1021.1,1021.6,1.5,1.0,0.5,16.3,20.7,10.7,74,47,2.4,7.3,北西,10.7,北西,5.1,--,--,曇時々晴後雨,雨後晴時々曇
2023,5,27,1020.6,1021.1,--,--,--,19.8,26.3,14.4,65,36,3.7,8.4,西南西,12.2,西南西,10.2,--,--,晴時々曇,曇
2023,5,28,1014.0,1014.5,12.5,4.5,1.5,17.1,19.2,14.8,90,78,2.0,7.9,西南西,12.4,南西,0.0,--,--,雨一時曇,雨後時々曇
2023,5,29,1009.1,1009.6,0.0,0.0,0.0,18.4,24.4,15.2,80,57,3.8,6.9,北西,9.8,北西,7.2,--,--,曇後時々晴,曇一時雨後晴
2023,5,30,1009.1,1009.6,0.0,0.0,0.0,15.7,21.3,12.6,71,42,3.7,7.9,西,12.1,西,7.5,--,--,曇一時雨後晴,晴
2023,5,31,1011.0,1011.5,--,--,--,16.7,22.6,9.9,57,32,4.5,9.1,西,13.8,西北西,13.4,--,--,晴一時曇,晴
2023,6,1,1009.3,1009.8,--,--,--,19.0,26.5,11.7,50,22,3.4,7.4,南西,11.1,西,12.9,--,--,晴時々曇,曇時々晴
2023,6,2,999.0,999.5,3.0,2.5,1.5,17.6,20.0,16.4,84,64,1.6,3.2,南南西,4.8,北,0.0,--,--,雨時々曇,曇時々雨
2023,6,3,997.5,998.0,0.5,0.5,0.5,16.8,20.0,14.1,79,61,5.3,9.4,西,14.3,西北西,4.5,--,--,雨時々曇一時晴,曇後晴一時雨、雷を伴う
2023,6,4,1001.7,1002.2,0.0,0.0,0.0,18.0,24.3,12.4,63,35,5.5,12.8,西南西,21.3,西南西,8.5,--,--,晴一時曇後一時雨,曇時々雨後晴
2023,6,5,1006.1,1006.6,0.0,0.0,0.0,19.8,25.5,14.1,49,27,5.9,9.6,西,14.7,西南西,12.1,--,--,晴後一時雨,晴
2023,6,6,1006.2,1006.7,--,--,--,20.8,28.3,15.1,58,34,4.0,9.2,南西,13.2,南西,8.9 ),--,--,曇時々晴,曇時々晴
2023,6,7,1007.5,1008.0,8.0,7.0,6.0,18.1,25.0,14.5,80,52,2.4,8.2,南西,11.7,南西,4.9,--,--,雨時々晴後曇、雷を伴う,晴一時雨
2023,6,8,1011.5,1012.0,--,--,--,19.4,26.5,13.2,79,52,3.1,7.3,東北東,10.1,東北東,12.2,--,--,晴,曇後時々雨
2023,6,9,1006.7,1007.2,6.0,2.5,1.0,18.9,22.1,16.5,84,60,2.3,5.6,東南東,14.9,東南東,0.0,--,--,雨時々曇,曇時々雨
2023,6,10,1011.4,1011.9,0.5,0.5,0.5,18.6,22.9,15.6,86,67,2.3,4.3,北北東,5.7,北,4.5,--,--,曇時々雨一時晴,晴後曇一時雨、霧を伴う
2023,6,11,1013.0,1013.5,0.0,0.0,0.0,17.8,21.7,15.3,91,73,2.9,5.3,北西,7.8,北西,2.4,--,--,曇後一時晴,曇時々雨
2023,6,12,1008.4,1008.9,0.0,0.0,0.0,18.9,22.9,16.6,90,75,3.1,5.4,北西,6.8,北西,1.6,--,--,曇時々雨,曇一時雨
2023,6,13,1004.8,1005.3,0.0,0.0,0.0,18.5,22.0,16.7,93,77,2.7,5.6,北西,7.8,北西,0.6,--,--,曇後一時雨、雷・霧を伴う,曇一時雨、雷を伴う
2023,6,14,1007.2,1007.7,--,--,--,20.5,26.5,16.8,85,60,2.7,6.6,北,9.3,北,9.5,--,--,晴時々曇,曇後一時雨
2023,6,15,1008.1,1008.6,0.0,0.0,0.0,18.9,21.6,17.5,93,78,2.0,4.6,北北西,5.8,北,0.1,--,--,曇時々雨,雨時々曇
2023,6,16,1007.8,1008.3,17.5,6.0,1.5,18.3,19.8,16.9,96,88,3.4,6.7,北北東,9.0,北北東,0.0,--,--,雨後一時曇,曇後時々晴
2023,6,17,1007.4,1007.9,--,--,--,23.3,28.3,16.8,66,44,7.1,13.6,南西,19.8,南西,12.3,--,--,晴時々曇,曇時々晴一時雨
2023,6,18,1005.4,1005.9,0.0,0.0,0.0,22.2,26.6,16.2,61,33,5.2,8.6,西北西,12.0,北西,12.4,--,--,晴,晴一時曇
2023,6,19,1007.5,1008.0,0.0,0.0,0.0,18.6,24.1,13.7,68,45,2.5,4.3,北北東,6.9,北北東,14.6,--,--,晴一時雨,晴
2023,6,20,1011.0,1011.5,--,--,--,20.0,27.4,13.2,59,29,2.5,5.4,北西,7.6,西,13.4,--,--,晴,晴後時々曇
2023,6,21,1010.9,1011.4,--,--,--,20.3,28.4,14.0,65,37,3.0,7.0,東北東,9.4,東北東,9.3,--,--,晴時々曇,曇時々晴
2023,6,22,1008.0,1008.5,0.0,0.0,0.0,19.9,22.5,17.1,82,61,2.3,6.8,東南東,10.2,東南東,0.6,--,--,曇後一時雨,曇後時々雨
2023,6,23,1007.8,1008.3,3.5,2.5,1.0,19.5,22.0,17.9,84,73,3.2,8.0,東北東,12.0,東北東,0.0,--,--,雨時々曇,雨一時晴後曇
2023,6,24,1013.0,1013.5,1.0,1.0,0.5,20.0,25.0,17.3,85,65,2.7,6.4,北北西,8.9,北西,6.7,--,--,晴後曇一時雨,雨時々曇
2023,6,25,1015.5,1016.0,0.5,0.5,0.5,20.3,23.8,17.7,87,71,1.9,3.5,南南西,4.8,北北西,2.3,--,--,曇時々雨,曇後晴一時雨
2023,6,26,1014.6,1015.1,0.0,0.0,0.0,20.2,24.2,17.4,88,74,2.5,5.6,北西,7.8,北西,5.2,--,--,曇一時雨後晴,曇時々晴
2023,6,27,1011.9,1012.4,3.5,1.5,1.0,20.1,22.6,17.6,92,77,1.7,4.0,北北西,5.2,北,3.6,--,--,曇一時晴後一時雨,雨後曇一時晴
2023,6,28,1006.9,1007.4,0.0,0.0,0.0,25.6,30.6,19.6,73,53,4.9,10.1,南南西,14.7,南南西,5.2,--,--,曇後時々晴,雨時々曇
2023,6,29,1004.0,1004.5,6.0,5.0,2.5,23.2,26.4,21.6,85,68,1.7,4.1,南西,5.5,北北西,1.1,--,--,雨時々曇,晴一時雨後曇
2023,6,30,999.2,999.7,1.0,0.5,0.5,23.9,26.7,21.5,81,70,4.0,12.2,南南西,19.3,南西,1.9,--,--,雨時々曇,曇後時々雨
2023,7,1,1002.3,1002.8,0.0,0.0,0.0,22.1,26.2,19.2,80,64,5.2,10.6,西南西,17.2,西南西,3.7,--,--,曇時々雨一時晴,曇後一時雨一時晴
2023,7,2,1007.6,1008.1,1.0,0.5,0.5,20.4,23.6,18.4,84,67,3.1,5.9,北西,9.1,西南西,0.9,--,--,曇時々雨,曇時々雨
2023,7,3,1007.0,1007.5,14.5,9.5,2.5,20.2,22.5,18.5,93,83,2.0,3.6,北,5.0,南西,0.3,--,--,曇時々雨,曇時々晴
2023,7,4,1006.1,1006.6,--,--,--,21.9,26.2,18.5,79,60,2.8,5.4,北西,7.3,北,12.6 ),--,--,晴,晴後一時曇
2023,7,5,1002.6,1003.1,0.0,0.0,0.0,20.9,25.2,17.3,83,68,2.8,6.3,北西,8.2,北西,8.7,--,--,晴時々曇,雨時々曇
2023,7,6,998.9,999.4,3.0,2.5,1.0,25.5,31.4,19.0,66,43,6.5,12.9,南西,19.9,西南西,12.0,--,--,晴一時雨,晴後時々曇
2023,7,7,1006.2,1006.7,--,--,--,25.2,32.1,19.5,70,45,3.1,8.0,南西,12.1,南南西,9.7,--,--,晴時々曇,曇
2023,7,8,1005.8,1006.3,--,--,--,24.5,29.8,21.2,74,50,2.1,5.0,北西,8.5,北西,7.4,--,--,曇後晴,曇時々晴
2023,7,9,1004.0,1004.5,3.0,1.5,1.0,22.8,25.2,21.4,87,73,1.5,3.3,北,4.3,北,1.1,--,--,雨時々曇,曇時々雨
2023,7,10,1004.4,1004.9,0.0,0.0,0.0,24.8,29.7,22.1,79,57,3.0,7.9,西南西,11.2,西南西,1.5,--,--,曇後一時雨,曇時々晴一時雨
2023,7,11,1004.4,1004.9,8.5,6.5,6.0,25.0,29.1,21.8,84,66,2.2,7.1,南南西,11.0,南,2.1,--,--,曇時々雨、雷を伴う,晴後曇一時雨
2023,7,12,1001.9,1002.4,30.5,10.0,6.0,23.1,25.7,20.5,89,76,2.7,6.7,南南西,9.2,南南西,0.3,--,--,大雨後一時曇,曇一時雨後時々晴
2023,7,13,1003.5,1004.0,3.0,3.0,1.5,23.1,27.6,20.6,78,56,4.8,9.5,西,14.5,西,7.6,--,--,曇時々晴一時雨,晴後曇一時雨
2023,7,14,1007.1,1007.6,2.0,1.5,1.0,23.1,27.9,20.6,76,51,2.9,5.9,西,8.7,西北西,6.1,--,--,曇時々晴一時雨,雨時々曇
2023,7,15,1002.8,1003.3,45.0,8.5,2.5,22.8,25.0,20.2,95,83,2.2,5.1,南南西,10.0,南,0.0,--,--,雨,雨時々曇
2023,7,16,1007.3,1007.8,10.0,3.5,1.0,24.1,28.7,22.1,92,71,2.4,5.7,南西,7.7,南南西,0.3,--,--,雨時々曇,雨時々晴後曇
2023,7,17,1011.1,1011.6,0.0,0.0,0.0,24.6,28.2,21.2,89,75,2.2,4.7,西北西,7.3,西北西,1.6,--,--,曇一時晴後時々雨,曇一時晴
2023,7,18,1010.7,1011.2,0.0,0.0,0.0,24.3,26.5,22.7,85,70,2.1,5.7,西北西,9.3,西,0.0,--,--,曇一時雨,曇後一時雨
2023,7,19,1006.0,1006.5,0.0,0.0,0.0,23.5,26.2,21.9,85,73,3.1,6.1,東北東,8.5,東,0.9,--,--,曇後一時雨,曇
2023,7,20,1008.0,1008.5,--,--,--,23.4,27.9,20.2,78,61,4.1,8.3,東北東,10.6,東北東,6.8,--,--,曇後晴,晴
2023,7,21,1015.0,1015.5,--,--,--,23.0,28.1,19.1,80,65,2.7,6.3,北西,8.0,北北西,8.6,--,--,晴時々曇,晴時々曇
2023,7,22,1017.6,1018.1,--,--,--,23.4,28.1,20.3,85,71,2.5,5.7,北西,7.6,北西,6.4,--,--,曇後晴,曇時々晴
2023,7,23,1014.8,1015.3,--,--,--,24.2,28.3,21.5,87,71,2.1,4.9,北北西,6.7,北北西,10.1,--,--,晴一時曇,曇時々晴
2023,7,24,1012.5,1013.0,--,--,--,27.4,32.8,21.5,71,52,2.1,4.9,北北東,7.0,北北東,12.3,--,--,晴後時々曇,晴一時曇
2023,7,25,1013.2,1013.7,0.0,0.0,0.0,29.5,34.6,23.8,66,48,3.9,7.7,南西,11.7,西南西,9.0,--,--,晴時々曇一時雨,晴後一時曇
2023,7,26,1013.8,1014.3,0.0,0.0,0.0,28.4,33.3,24.9,75,60,3.1,6.6,西北西,9.2,西南西,5.7,--,--,晴後曇一時雨,晴
2023,7,27,1013.1,1013.6,--,--,--,28.4,33.1,23.4,73,54,3.0,6.8,北西,10.9,西北西,8.1,--,--,晴時々曇,晴
2023,7,28,1013.8,1014.3,2.0,2.0,2.0,27.9,33.4,23.8,74,52,2.8,7.0,西,10.2,西北西,8.0,--,--,曇後晴一時雨,晴後時々曇
2023,7,29,1014.2,1014.7,--,--,--,29.7,35.6,23.4,63,45,3.6,7.7,西,10.5,西,13.2,--,--,晴後一時曇,曇時々晴
2023,7,30,1012.7,1013.2,--,--,--,30.2,35.6,24.0,61,42,4.0,8.0,南南西,11.1,南南西,11.5,--,--,晴時々曇,曇
2023,7,31,1010.8,1011.3,11.5,11.5,5.5,26.9,30.8,23.0,77,61,3.8,9.4,西,15.1,西南西,0.7,--,--,曇時々雨、雷を伴う,曇後時々晴
2023,8,1,1010.8,1011.3,--,--,--,27.2,32.3,22.3,70,52,3.5,7.4,北西,10.5,西北西,11.2,--,--,晴,晴時々曇
2023,8,2,1008.9,1009.4,--,--,--,28.9,34.6,22.3,65,43,3.9,9.0,西南西,12.6,西南西,10.9,--,--,晴時々曇,曇時々晴
2023,8,3,1007.0,1007.5,0.0,0.0,0.0,30.3,35.2,26.2,64,50,4.5,8.7,南南西,11.8,南,5.5,--,--,曇一時雨,晴時々曇
2023,8,4,1004.6,1005.1,0.0,0.0,0.0,31.1,35.8,27.5,62,45,4.9,9.8,西南西,14.5,西南西,10.8,--,--,晴後一時雨一時曇,晴時々曇
2023,8,5,1002.5,1003.0,--,--,--,29.7,35.6,25.7,73,50,2.8,6.3,南南西,9.4,南,5.9,--,--,曇一時晴,晴時々曇
2023,8,6,1001.9,1002.4,--,--,--,28.9,34.5,24.7,74,53,2.2,5.2,北,6.9,北,9.1,--,--,晴時々曇、雷を伴う,曇
2023,8,7,1005.2,1005.7,0.0,0.0,0.0,27.0,32.2,24.1,81,68,3.6,7.6,北,10.2,北,5.7,--,--,曇時々晴一時雨、雷を伴う,曇後一時雨
2023,8,8,1008.6,1009.1,0.0,0.0,0.0,27.1,31.9,23.4,81,70,2.8,5.3,北北西,7.6,北西,9.2,--,--,晴時々曇,曇後一時雨
2023,8,9,1009.8,1010.3,0.0,0.0,0.0,28.9,34.5,25.6,83,60,2.5,6.3,北西,8.7,北北東,8.4 ),--,--,曇一時雨後晴、雷を伴う,晴一時雨、雷を伴う
2023,8,10,1009.3,1009.8,--,--,--,29.3,35.7,25.7,78,55,2.6,7.4,北西,10.1,北西,11.7,--,--,晴,晴
2023,8,11,1008.4,1008.9,--,--,--,27.8,32.9,22.9,71,59,3.6,7.7,北,10.4,北,13.3,--,--,晴,晴後一時雨
2023,8,12,1006.2,1006.7,2.5,2.0,1.5,24.7,27.0,22.8,86,76,5.6,8.7,北東,13.7,北東,2.4,--,--,雨,曇後雨一時晴
2023,8,13,1006.6,1007.1,6.5,6.5,4.0,24.8,28.2,21.7,78,67,5.9,8.3,東北東,11.3,東北東,3.1,--,--,曇後一時晴,晴時々曇
2023,8,14,1008.8,1009.3,0.0,0.0,0.0,24.9,28.1,23.4,75,62,8.6,11.8,東北東,17.1,東北東,6.5,--,--,曇時々晴,曇時々晴一時雨
2023,8,15,1007.5,1008.0,0.0,0.0,0.0,25.7,29.0,23.2,81,69,7.7,11.4,東北東,18.1,北東,5.9,--,--,雨時々曇,晴一時雨後曇
2023,8,16,1003.0,1003.5,0.0,0.0,0.0,29.8,36.3,24.3,68,43,3.5,7.4,南東,11.2,南東,6.1,--,--,曇時々晴一時雨,曇一時雨後時々晴
2023,8,17,1005.7,1006.2,0.0,0.0,0.0,29.5,34.7,24.8,65,48,4.3,8.2,南南西,12.5,南南西,8.4,--,--,晴時々曇,曇時々晴
2023,8,18,1010.3,1010.8,0.0,0.0,0.0,26.4,30.5,23.2,83,68,2.3,5.0,北北西,6.7,北北西,5.7,--,--,曇時々晴一時雨、雷を伴う,曇一時雨
2023,8,19,1011.8,1012.3,4.0,4.0,1.5,26.4,29.3,25.1,90,77,2.3,4.8,北,5.8,北,1.5,--,--,曇一時晴後雨、雷を伴う,曇時々晴
2023,8,20,1012.0,1012.5,2.0,1.0,0.5,27.1,31.5,24.8,85,67,2.1,4.7,西南西,7.3,西南西,4.6,--,--,雨時々曇一時晴、雷を伴う,晴
2023,8,21,1011.2,1011.7,--,--,--,27.5,31.3,24.0,83,69,2.5,5.5,北北西,7.5,北北西,11.2,--,--,晴後一時曇,晴
2023,8,22,1010.2,1010.7,--,--,--,28.0,31.9,24.4,84,68,2.3,5.6,北北西,7.8,北北西,10.3,--,--,晴,晴
2023,8,23,1010.5,1011.0,--,--,--,29.1,33.4,25.2,82,65,2.3,6.6,北北西,8.7,北北西,12.6,--,--,晴,晴
2023,8,24,1010.7,1011.2,--,--,--,29.7,34.5,26.4,79,62,2.2,6.4,北北西,8.4,北北西,11.0,--,--,晴後一時曇,晴
2023,8,25,1009.7,1010.2,0.0,0.0,0.0,29.6,35.3,25.9,79,53,2.5,6.0,北西,9.3,北西,12.3,--,--,晴一時雨、雷を伴う,晴
2023,8,26,1010.0,1010.5,0.0,0.0,0.0,29.6,35.9,25.7,75,51,2.3,6.4,北,9.2,北北東,9.6,--,--,晴後雨時々曇、雷を伴う,曇一時雨後晴
2023,8,27,1009.2,1009.7,7.5,7.0,3.5,26.9,33.8,24.1,82,54,2.3,6.7,北西,10.5,北北西,5.2,--,--,曇後晴時々雨、雷を伴う,曇一時雨
2023,8,28,1008.0,1008.5,0.0,0.0,0.0,27.5,31.7,23.7,80,59,2.9,6.8,北,9.1,北北東,9.5,--,--,晴時々曇一時雨,晴後一時曇
2023,8,29,1012.7,1013.2,--,--,--,28.1,32.6,24.5,76,60,3.1,6.1,北北東,8.7,東北東,10.6,--,--,晴後時々曇,晴
2023,8,30,1014.5,1015.0,--,--,--,28.9,34.4,24.4,78,57,2.7,6.2,東北東,8.6,北北東,11.1,--,--,晴、雷を伴う,曇時々晴
2023,8,31,1013.8,1014.3,3.5,3.5,3.5,28.3,32.1,25.1,80,69,2.0,6.7,北西,10.2,北西,7.2,--,--,晴後曇一時雨、雷を伴う,曇時々晴
2023,9,1,1011.7,1012.2,9.0,3.0,1.5,27.6,33.8,23.0,76,46,2.8,8.8,西北西,15.2,西,4.0,--,--,曇時々晴後雨,雨時々曇、雷を伴う
2023,9,2,1012.5,1013.0,14.0,8.0,2.5,24.8,28.5,21.7,82,61,2.6,5.3,西南西,7.3,西南西,1.9,--,--,曇時々雨,曇後晴
2023,9,3,1015.2,1015.7,--,--,--,25.0,30.5,19.1,79,62,2.8,6.2,北,8.4,北,11.5,--,--,晴一時曇,晴
2023,9,4,1012.9,1013.4,0.0,0.0,0.0,27.1,33.0,21.9,81,59,2.3,6.0,東,8.9,東,8.4,--,--,晴後時々曇,雨後曇時々晴
2023,9,5,1008.7,1009.2,0.0,0.0,0.0,26.8,31.0,23.9,79,62,3.7,8.4,東北東,11.3,東北東,8.8 ),--,--,曇一時雨後晴,曇後時々雨
2023,9,6,1006.8,1007.3,0.0,0.0,0.0,25.0,27.3,22.9,82,62,2.0,4.6,西,7.2,西,0.2,--,--,曇後一時雨,曇後晴
2023,9,7,1012.0,1012.5,--,--,--,23.9,27.3,20.3,68,47,3.6,6.9,北,9.6,北,9.9,--,--,晴一時曇,晴後時々曇
2023,9,8,1013.8,1014.3,--,--,--,23.3,30.3,16.5,69,43,2.6,7.2,東,9.7,東,7.6,--,--,晴時々曇,曇時々晴一時雨
2023,9,9,1009.5,1010.0,3.0,3.0,2.0,24.3,28.5,21.1,86,74,2.5,6.5,北北東,7.9,北北東,2.0,--,--,雨後曇時々晴,雨時々曇
2023,9,10,1011.6,1012.1,3.0,2.0,1.0,25.9,30.0,23.0,84,64,2.4,5.3,北,7.4,北,7.7,--,--,晴時々雨一時曇,晴後時々曇
2023,9,11,1011.2,1011.7,0.0,0.0,0.0,25.9,30.3,22.1,87,72,2.1,5.3,北西,7.2,北西,4.5,--,--,曇一時雨,曇時々晴
2023,9,12,1011.0,1011.5,1.0,0.5,0.5,26.3,30.0,23.9,86,67,2.1,7.6,北西,11.7,北西,4.0,--,--,曇時々雨一時晴、雷を伴う,雨時々曇
2023,9,13,1013.5,1014.0,3.0,1.5,0.5,25.6,30.0,23.1,82,62,2.3,5.2,北北東,7.0,北,6.5,--,--,曇一時雨後晴,曇時々晴
2023,9,14,1011.1,1011.6,1.5,1.0,1.0,24.3,27.7,22.2,88,73,2.0,10.4,南南西,17.8,南南西,0.5,--,--,曇時々雨,曇一時雨後晴
2023,9,15,1014.7,1015.2,--,--,--,23.6,28.0,20.4,77,60,2.9,6.4,北,8.9,北北東,6.4,--,--,曇時々晴,曇後一時雨
2023,9,16,1014.0,1014.5,0.0,0.0,0.0,24.0,30.1,20.1,73,42,2.4,5.5,西北西,9.1,西,5.2,--,--,曇時々晴一時雨,曇時々晴
2023,9,17,1013.1,1013.6,--,--,--,23.6,28.7,18.6,81,66,1.8,4.0,北,5.7,北北西,3.4,--,--,曇一時晴,曇後晴
2023,9,18,1011.5,1012.0,0.0,0.0,0.0,27.2,32.8,22.7,70,45,5.0,12.7,西南西,18.6,西南西,9.1,--,--,曇一時雨後晴,曇一時晴後一時雨
2023,9,19,1010.6,1011.1,18.0,11.0,8.0,23.8,30.7,21.3,83,59,3.1,9.6,西北西,16.4,北西,3.5,--,--,雨時々曇一時晴、雷を伴う,雨時々晴後曇、雷を伴う
2023,9,20,1011.2,1011.7,0.0,11.0,0.0,22.3,27.0,18.5,77,57,3.7,7.9,西,13.7,西,2.6,--,--,曇時々雨一時晴,曇後時々雨
2023,9,21,1009.1,1009.6,38.5,9.5,2.5,18.5,19.6,17.6,90,80,3.0,9.1,東北東,13.3,東北東,0.0,--,--,大雨,雨時々曇
2023,9,22,1012.1,1012.6,1.0,0.5,0.5,20.0,25.8,14.7,75,43,2.9,6.4,北西,9.1,北西,8.3,--,--,晴一時雨,晴
2023,9,23,1017.2,1017.7,2.5,2.5,1.0,17.8,26.0,12.7,79,46,2.8,9.8,北,14.8,北,7.1,--,--,晴後雨時々曇、雷を伴う,晴
2023,9,24,1022.2,1022.7,--,--,--,17.6,22.7,12.4,72,47,2.6,5.1,東北東,7.4,北北東,10.2,--,--,晴,晴後時々曇
2023,9,25,1019.8,1020.3,--,--,--,18.1,23.4,11.6,77,55,1.7,3.5,東北東,4.8,東,4.3,--,--,曇時々晴,曇後一時雨
2023,9,26,1014.8,1015.3,0.0,0.0,0.0,20.4,24.9,16.6,77,53,2.2,5.8,南西,8.7,南南西,1.0,--,--,曇一時雨,曇
2023,9,27,1011.9,1012.4,--,--,--,21.4,27.9,16.8,75,47,2.6,6.5,東,9.1,東,8.1,--,--,晴時々曇,曇後時々雨
2023,9,28,1007.1,1007.6,24.5,7.0,3.0,19.6,21.9,18.2,92,80,3.2,10.0,北北西,15.6,北北西,0.1,--,--,雨,雨時々晴一時曇
2023,9,29,1011.2,1011.7,1.5,0.5,0.5,20.2,25.6,15.1,72,43,3.9,9.4,西,13.6,西南西,8.9,--,--,晴時々雨一時曇,晴後時々曇
2023,9,30,1009.7,1010.2,0.0,0.0,0.0,19.2,24.8,14.3,73,50,1.9,4.6,北北東,6.2,北北東,3.7,--,--,曇一時晴後一時雨,曇時々雨一時晴
2023,10,1,1005.0,1005.5,27.5,13.0,7.5,19.6,25.8,16.2,82,56,3.3,8.0,西,13.1,西,3.5,--,--,曇時々晴後雨、雷を伴う,雨時々曇一時晴、雷を伴う
2023,10,2,1009.9,1010.4,8.5,3.0,2.0,16.5,22.4,13.5,79,46,4.5,10.9,西北西,19.9,西北西,4.7,--,--,雨時々曇一時晴、雷を伴う,雨時々曇一時晴、雷を伴う
2023,10,3,1015.7,1016.2,3.5,2.5,2.5,17.6,22.9,13.6,66,37,4.7,9.9,西,15.4,西,9.0,--,--,晴時々雨,曇
2023,10,4,1012.2,1012.7,--,--,--,17.6,22.9,12.7,71,40,2.3,5.7,東,7.9,東,7.6 ),--,--,晴一時曇,曇後雨時々晴
2023,10,5,996.9,997.4,25.5,8.0,5.5,15.4,20.6,13.4,86,63,3.8,10.5,西,18.6,西南西,1.8,--,--,雨時々曇、雷を伴う,雨時々曇
2023,10,6,1000.5,1001.0,14.5,3.5,1.5,14.4,16.9,12.2,81,62,7.4,13.1,西,21.7,西南西,1.6,--,--,雨,曇時々雨、雷を伴う
2023,10,7,1015.5,1016.0,8.0,5.0,4.5,14.8,19.9,10.9,79,47,3.4,7.0,西北西,11.3,北西,6.2,--,--,晴後曇時々雨,晴後一時雨
2023,10,8,1025.8,1026.3,0.5,0.5,0.5,14.0,19.4,10.2,78,47,2.3,4.9,東,6.9,東,7.8,--,--,晴時々曇一時雨,晴後時々曇
2023,10,9,1020.6,1021.1,1.5,1.5,1.5,15.6,22.2,8.8,80,58,2.0,6.2,南南東,8.5,南南東,8.5,--,--,晴後一時雨一時曇,曇後一時雨
2023,10,10,1010.9,1011.4,5.5,2.5,1.0,15.9,19.1,13.7,91,71,2.1,4.9,東北東,6.6,東北東,0.1,--,--,雨時々曇,曇一時雨後晴
2023,10,11,1019.6,1020.1,--,--,--,15.4,19.9,12.1,68,35,2.8,6.2,西,9.5,北西,8.1,--,--,晴,晴時々曇
2023,10,12,1020.2,1020.7,--,--,--,15.0,21.4,9.4,66,33,3.5,8.5,西,12.6,西,9.3,--,--,晴,晴後一時雨
2023,10,13,1014.2,1014.7,0.0,0.0,0.0,18.0,23.8,12.2,61,39,4.9,8.3,西,13.6,西南西,9.3,--,--,晴,晴後一時曇
2023,10,14,1009.6,1010.1,--,--,--,17.2,23.6,12.7,66,41,4.1,8.1,西,12.5,西,8.1,--,--,晴一時曇,晴時々曇
2023,10,15,1004.7,1005.2,0.0,0.0,0.0,15.4,21.5,9.7,77,53,1.9,4.2,南南東,5.8,南南東,4.4,--,--,曇時々晴後雨,雨後曇時々晴
2023,10,16,1005.3,1005.8,2.5,1.0,0.5,14.9,19.7,11.0,74,51,4.9,9.7,西,16.2,西北西,4.5,--,--,曇一時雨後晴,雨時々曇一時晴
2023,10,17,1011.4,1011.9,3.5,1.0,1.0,12.5,16.3,10.3,66,40,5.1,10.6,西南西,19.1,西南西,1.8,--,--,雨時々晴後曇,晴時々曇
2023,10,18,1018.6,1019.1,--,--,--,15.5,21.2,11.7,65,45,3.6 ),5.8 ),南南西 ),8.9 ),南南西 ),6.1,--,--,曇時々晴,曇時々晴
2023,10,19,1013.1,1013.6,1.0,0.5,0.5,17.3,22.6,11.8,77,55,4.2,9.3,南南西,14.2,南南西,1.2,--,--,曇時々雨、雷を伴う,雨時々曇
2023,10,20,1003.7,1004.2,34.0,5.5,1.5,13.8,16.5,10.9,94,75,3.2,7.5,北西,11.0,西,0.0,--,--,雨,雨時々曇
2023,10,21,1008.8,1009.3,17.0,4.0,3.0,8.0,11.0,5.0,84,68,3.8,8.7,南西,14.8,西南西,0.0,--,--,雨時々曇,雨時々曇、雷を伴う
2023,10,22,1015.8,1016.3,27.5,7.0,2.0,9.1,12.6,5.0,85,53,4.2,9.2,南西,15.5,西北西,1.0,--,--,雨時々曇、雷を伴う,晴時々雨、雷を伴う
2023,10,23,1020.8,1021.3,--,--,--,12.3,18.4,7.4,67,39,4.3,8.7,西,15.0,西,6.0,--,--,晴時々曇,晴後一時曇
2023,10,24,1020.6,1021.0 ),--,--,--,11.7 ),19.5 ),5.3,78 ),46 ),1.6,4.3,北北東,6.0,北北東,9.8,--,--,晴一時曇,晴後時々曇
2023,10,25,1015.9,1016.4,--,--,--,13.7,21.1,7.7,79,44,1.9,4.5,北北東,5.5,北北東,7.8,--,--,曇時々晴,晴
2023,10,26,1013.2,1013.7,--,--,--,13.8,20.5,7.9,82,52,1.8 ),3.3 ),北北東 ),5.1 ),北西 ),8.5,--,--,晴,晴後一時曇
2023,10,27,1010.1,1010.6,0.0,0.0,0.0,13.0,18.2,8.3,86,64,1.8,3.8,北北西,5.2,北,3.1,--,--,曇時々雨一時晴,晴後一時曇
2023,10,28,1011.3,1011.8,1.5,1.0,0.5,13.3,18.7,8.2,87,65,2.3,5.3,北,7.1,北北西,4.8,--,--,晴後曇一時雨、雷を伴う,雨後曇時々晴
2023,10,29,1016.3,1016.8,1.0,0.5,0.5,12.4,16.7,8.1,88,74,2.5,6.1,北東,8.9,北東,1.4,--,--,雨時々曇一時晴,晴
2023,10,30,1020.9,1021.4,--,--,--,12.6,19.1,6.4,79,54,2.3,6.0,西,8.4,西北西,8.0,--,--,晴,晴一時曇
2023,10,31,1021.7,1022.2,--,--,--,12.7,19.5,7.6,74,45,2.6,5.1,西北西,7.4,南西,9.9,-- ),--,晴,晴
2023,11,1,1015.3,1015.8,8.5,7.5,2.5,15.4,21.9,7.1,73,48,5.1,10.0,西南西,14.7,西南西,8.9,--,--,晴一時曇,雨時々曇一時晴、雷を伴う
2023,11,2,1016.1,1016.6,8.0,7.5,3.5,13.1,17.0,8.0,83,56,2.8,6.0,西北西,8.6,西南西,4.7,--,--,晴時々曇一時雨,晴後時々曇
2023,11,3,1014.1,1014.6,0.0,0.0,0.0,17.0,24.1,8.0,76,53,4.6,12.0,南西,20.1,南西,9.0,--,--,晴、雷を伴う,晴後曇時々雨
2023,11,4,1022.8,1023.3,1.0,1.0,0.5,12.1,16.3,6.3,78,60,3.0,6.0,西,8.7,西,0.5,--,--,曇時々雨,晴
2023,11,5,1028.6,1029.1,--,--,--,9.5,16.5,3.7,75,44,2.7,6.1,東,8.5,東,9.4,--,--,晴,晴後時々曇
2023,11,6,1012.7,1013.2,0.0,0.0,0.0,14.4,22.4,6.5,84,56,2.5,9.9,南南西,17.5,南南西,0.9,--,--,曇後一時雨,雨時々曇
2023,11,7,1005.3,1005.8,22.5,6.0,1.5,15.1,20.5,8.7,75,42,8.1,17.9,西南西,27.7,西南西,4.3,--,--,曇時々晴後雨、大風を伴う,雨
2023,11,8,1022.4,1022.9,3.5 ),1.5 ),0.5 ),8.1,10.2,7.0,89,78,3.2,10.3,西,17.5,西,0.1,--,--,雨時々曇一時晴,晴時々曇
2023,11,9,1023.2,1023.7,--,--,--,9.4,15.8,3.4,80,51,1.9,3.3,北北東,4.5,北,9.6,--,--,晴,晴後時々曇
2023,11,10,1013.4,1013.9,15.5,5.0,1.5,13.3,22.5,7.1,79,50,4.0,9.2,南南西,16.5,南南西,1.0,--,--,雨時々曇,雨時々曇、みぞれを伴う
2023,11,11,1019.8,1020.3,13.5,2.5,1.5,3.5,8.6,0.9,86,50,4.5,10.2,西,17.3,西北西,0.4,--,--,雨時々みぞれ,みぞれ時々雨
2023,11,12,1018.1,1018.6,10.0,3.5,1.0,2.9,5.3,1.0,93,84,3.0,6.3,南南西,9.8,南西,0.0,--,--,雨時々曇一時晴,雨時々晴一時曇、みぞれを伴う
2023,11,13,1012.4,1012.9,8.5,2.5,1.0,3.5,6.4,2.1,90,70,3.5,7.0,西南西,10.1,西南西,0.5,--,--,雨時々曇,雨
2023,11,14,1018.9,1019.4,2.5,2.5,1.0,6.1,8.1,3.9,74,53,3.9,8.0,西,12.2,西,0.1,--,--,曇時々雨,雨後曇時々晴
2023,11,15,1025.1,1025.6,0.0,0.0,0.0,6.8,12.6,2.3,75,48,2.1,4.9,西北西,7.4,北西,6.8,--,--,晴時々曇,晴
2023,11,16,1025.1,1025.6,--,--,--,8.2,15.0,0.3,74,48,2.6,8.5,南東,13.0,南東,8.4,--,--,晴後時々曇,曇
2023,11,17,1004.8,1005.3,10.0,3.5,1.5,12.8,15.3,10.2,85,61,3.4,9.2,南南西,15.5,南東,0.0,--,--,雨時々曇,雨時々曇
2023,11,18,995.6,996.1,11.5,4.0,1.5,6.9,10.9,3.9,87,65,4.5,9.6,南南西,14.0,南南西,1.9,--,--,雨時々曇一時晴,雨時々曇、雷を伴う
2023,11,19,1002.9,1003.4,12.5,2.5,1.0,9.2,14.0,4.9,80,41,5.6,10.7,西南西,17.3,西,3.3,--,--,雨後曇時々晴,雨
2023,11,20,1009.5,1010.0,9.0,3.0,1.0,6.7,8.9,5.5,75,54,4.8,8.6,西,14.5,西,0.1,--,--,雨時々曇,曇一時雨
2023,11,21,1018.5,1019.0,--,--,--,10.7,13.9,6.2,58,41,5.9,9.8,西南西,14.8,西南西,4.9,--,--,曇時々晴,曇時々晴
2023,11,22,1015.5,1016.0,--,--,--,14.8,18.7,11.9,66,47,5.6,9.1,南南西,14.1,南南西,7.2 ),--,--,晴,晴時々曇
2023,11,23,1007.4,1007.9,5.5,5.5,3.5,15.6,18.7,12.2,67,53,6.2,10.3,南南西,16.7,南西,3.8,--,--,曇一時晴後一時雨,雨時々曇、雷を伴う
2023,11,24,1007.4,1007.9,8.5,3.0,1.0,6.3,12.3,0.7,78,59,4.6,10.1,西北西,16.8,西北西,0.0,--,--,雨、みぞれを伴う,雪時々曇、みぞれを伴う
2023,11,25,1022.1,1022.6,14.0,2.0,0.5,-0.6,1.5,-2.0,87,49,5.6,11.7,西北西,18.8,北西,0.0,16,15,雪,雪時々曇
2023,11,26,1022.4,1022.9,0.5,0.5,0.5,2.2,4.8,-0.1,83,60,3.7,6.3,南西,9.2,西南西,1.0,1,16,曇時々雪後みぞれ,みぞれ後雨時々曇
2023,11,27,1013.8,1014.3,1.5,1.5,0.5,4.2,7.2,2.0,92,75,1.5,2.7,南南西,3.9,南南西,0.5,1,4,曇時々雨,雨時々曇
2023,11,28,1003.7,1004.2,22.0,3.5,1.5,6.7,10.6,3.5,89,49,3.9,10.0,西南西,17.0,西,0.0,--,--,雨時々曇、雷を伴う,みぞれ時々雨一時雪、雷を伴う
2023,11,29,1012.1,1012.6,10.0,2.5,1.0,1.1,4.2,-0.7,82,50,5.7,12.6,西南西,21.4,西,0.0,10,8,雪時々みぞれ,雪
2023,11,30,1013.6,1014.1,23.5,3.0,1.5,-1.2,0.0,-2.3,96,72,4.2,8.9,西,13.0,西北西,0.0,29,36,雪,雪
2023,12,1,1014.6,1015.1,13.0,2.5,1.0,-0.2,2.2,-1.9,94,79,3.7,7.3,南西,10.4,南西,0.2,11,45,雪後時々みぞれ,雪時々曇一時みぞれ
2023,12,2,1018.0,1018.5,1.0,0.5,0.5,1.3,3.2,-0.1,89,79,2.6,5.3,西南西,9.4,西南西,0.2,--,41,曇一時雪後みぞれ,みぞれ後曇時々晴
2023,12,3,1017.9,1018.4,0.0,0.0,0.0,2.2,4.9,0.0,89,77,1.9,3.8,南,5.4,南南西,0.6,--,29,曇一時晴後一時雨,晴一時みぞれ後曇
2023,12,4,1020.5,1021.0,0.0,0.0,0.0,3.8,8.2,-0.8,85,62,2.7,4.7,南南西,6.5,南南西,1.4 ),--,23,曇時々晴,晴時々雨一時曇
2023,12,5,1017.2,1017.7,0.5,0.5,0.5,6.1,11.0,1.4,86,68,3.2,6.1,南南西,9.1,南南西,0.8,--,16,雨後曇時々晴,晴時々曇
2023,12,6,1011.7,1012.2,--,--,--,4.5,10.5,0.2,93,73,1.4,2.7,東南東,3.4,西,3.9,--,8,曇後時々晴,曇一時晴
2023,12,7,1001.6,1002.1,4.0,1.0,0.5,6.0,14.4,2.9,80,45,5.1,13.0,西,22.3,西,2.5,--,5,雨時々曇,雪一時雨後みぞれ
2023,12,8,1015.0,1015.5,1.0,1.0,0.5,6.2,10.2,2.3,65,48,5.9,12.5,西,22.7,西南西,6.1,--,--,みぞれ時々曇後晴,晴後雨一時曇
2023,12,9,1014.8,1015.3,1.0,1.0,0.5,12.0,15.6,4.9,77,57,4.8,11.0,南南西,18.7,南西,3.7,--,--,晴後雨時々曇,晴後曇時々雨
2023,12,10,1022.6,1023.1,0.0,0.0,0.0,5.7,10.2,3.6,64,56,4.5,7.6,西北西,11.6,西北西,0.0,--,--,曇後雨一時晴、みぞれを伴う,曇
2023,12,11,1026.0,1026.5,0.0,0.0,0.0,2.8,4.8,0.7,63,51,3.9,7.4,西北西,12.6,西,1.0,--,--,曇時々雪、みぞれを伴う,曇後雪時々みぞれ
2023,12,12,1016.2,1016.7,6.5,2.5,0.5,2.4,4.4,0.1,87,67,3.7,6.2,北東,10.2,北西,0.5,2,2,みぞれ後雨時々曇,曇時々みぞれ一時雨
2023,12,13,1024.5,1025.0,0.0,0.0,0.0,1.8,2.8,0.6,73,56,4.7,8.1,西,14.6,西北西,0.1,--,--,雪時々曇,曇時々雪
2023,12,14,1028.4,1028.9,0.0,0.0,0.0,2.3,5.0,0.9,58,47,5.9,9.0,西,14.2,西北西,3.3,--,--,曇時々晴,曇時々晴
2023,12,15,1016.7,1017.2,6.0,2.0,0.5,1.7,3.3,0.8,84,67,3.7,7.7,北東,11.9,北東,0.0,--,--,雪時々曇後みぞれ,みぞれ時々曇一時雨
2023,12,16,1002.8,1003.3,9.5,2.5,1.0,4.3,9.7,1.8,94,59,2.6,11.6,南西,19.5,南西,0.0,--,--,雨時々曇,雨後一時みぞれ
2023,12,17,1007.7,1008.2,21.0,5.0,1.5,-0.8,6.6,-4.5,84,50,7.9,14.1,西南西,24.4,西,0.9,16,14,雪、みぞれを伴う,雪時々曇
2023,12,18,1021.9,1022.4,12.5,2.5,1.0,-3.7,-1.7,-4.8,87,63,5.3,9.6,西,21.1,西,1.4,20,28,雪時々曇,雪
2023,12,19,1023.4,1023.9,9.5,2.0,0.5,-1.7,0.5,-3.4,91,73,2.9,6.3,南西,9.4,南西,0.8,17,40,雪後時々曇一時晴,雪
2023,12,20,1015.1,1015.6,10.5,5.0,2.5,-2.0,-1.1,-3.0,93,80,2.9,7.3,北北西,11.4,北西,0.0,15,46,雪,雪時々曇一時晴
2023,12,21,1013.5,1014.0,3.0,1.5,0.5,-2.4,1.3,-4.3,85,54,3.7,6.0,南西,9.2,西南西,3.2,8,46,曇時々雪,雪
2023,12,22,1017.7,1018.2,11.0,2.0,1.0,-3.1,-1.2,-5.0,94,76,3.0,6.0,南西,8.4,南西,0.0,19,58,雪時々曇,雪
2023,12,23,1024.1,1024.6,8.5,2.0,1.0,-3.8,-2.9,-5.0,88,70,4.0,7.2,西北西,12.6,西北西,0.0,12,64,雪時々曇,雪一時曇
2023,12,24,1026.2,1026.7,2.0,0.5,0.5,-0.8,1.7,-3.2,91,77,1.9,4.6,南西,7.0,南南西,1.1,2,64,雪時々曇,曇時々雪一時晴
2023,12,25,1021.1,1021.6,0.0,0.0,0.0,0.6,5.1,-2.4,86,56,1.8,3.3,北西,4.2,南南西,6.8,--,51,晴一時雪後曇,晴時々曇後雪、みぞれを伴う
2023,12,26,1017.4,1017.9,7.0,3.0,1.0,2.4,5.0,-1.3,79,61,4.6,9.7,西北西,16.7,西,1.0,1,45,曇時々雪一時みぞれ後雨,雪時々みぞれ一時雨
2023,12,27,1025.4,1025.9,1.0,0.5,0.5,0.2,1.6,-1.5,77,60,5.1,10.0,西北西,16.0,西北西,0.1,3,33,雪一時曇,雪時々晴後曇
2023,12,28,1024.1,1024.6,0.0,0.0,0.0,2.1,5.3,-0.9,75,51,3.4,7.9,南西,12.8,南西,1.4,--,31,曇一時雪,みぞれ時々曇一時晴
2023,12,29,1021.0,1021.5,0.0,0.0,0.0,2.4,4.5,0.7,84,66,2.8,5.6,西,9.4,南南西,1.6,--,26,曇時々みぞれ一時雨,みぞれ時々曇一時雨
2023,12,30,1019.6,1020.1,4.0,2.0,0.5,3.1,4.2,1.5,89,66,3.1,6.1,西南西,9.7,西南西,0.0,--,22,雨時々曇一時みぞれ,曇後時々みぞれ
2023,12,31,1008.1,1008.6,5.0,1.0,0.5,2.8,4.9,1.3,97,90,2.5,7.5,北東,11.2,北東,0.0,--,19,雨時々曇、みぞれを伴う,雨後みぞれ一時雪
2024,1,1,1021.2,1021.7,3.0,2.0,1.0,1.2,2.3,-0.2,70,50,3.8,11.0,北,15.6,北北西,0.7,2,16,曇時々雪,曇時々晴一時雪
2024,1,2,1017.1,1017.6,10.0,3.5,1.0,4.2,6.8,1.7,77,63,4.4,7.7,南南西,10.7,南南西,1.9,--,14,曇後雨一時晴、みぞれを伴う,雨後一時曇
2024,1,3,1014.6,1015.1,1.0,1.5,0.5,3.4,5.4,1.7,80,59,2.4,5.3,南西,7.4,南西,1.8,--,10,曇一時晴,曇時々みぞれ
2024,1,4,1015.8,1016.3,0.5,1.0,0.5,2.8,6.6,-0.1,85,61,2.1,4.7,南南西,7.4,東北東,3.9,--,8,曇後晴一時雨,曇時々晴一時雪、みぞれを伴う
2024,1,5,1013.9,1014.4,12.0,5.5,2.0,4.6,8.7,0.2,81,58,4.2,11.8,南南西,18.5,南南西,1.8,1,8,雨時々曇,雨時々曇一時晴
2024,1,6,1011.4,1011.9,2.5,1.0,0.5,3.4,6.1,0.6,82,58,3.7,7.2,西,11.0,西,2.3,2,4,みぞれ時々雨一時曇,みぞれ後一時雪一時曇
2024,1,7,1009.3,1009.8,11.0,2.5,1.0,-0.3,1.4,-2.2,89,68,4.2,8.1,西南西,13.5,西南西,1.9,17,17,雪時々曇、みぞれを伴う,雪時々曇
2024,1,8,1015.2,1015.7,7.5,1.5,1.0,-1.9,1.0,-3.3,88,71,4.5,8.4,西,13.5,西北西,1.5,15,28,雪時々曇,雪時々曇
2024,1,9,1012.8,1013.3,12.5,3.0,1.0,0.7,4.4,-2.2,90,69,3.6,6.7,南南西,11.9,南南西,0.9,--,27,みぞれ時々曇,雪時々みぞれ
2024,1,10,1014.3,1014.8,7.0,2.0,1.0,-1.9,1.3,-3.8,85,58,4.6,9.2,西,14.6,西,2.0,16,30,雪時々曇,雪時々曇
2024,1,11,1013.6,1014.1,0.0,0.0,0.0,-0.3,4.2,-3.6,77,53,2.4,5.2,南,11.0,南南西,5.6 ),--,26,曇時々晴,晴後みぞれ時々曇一時雨
2024,1,12,1005.2,1005.7,13.5,2.0,1.0,1.4,4.7,-0.9,89,63,4.7,10.9,南南西,16.9,南南西,1.2,12,27,みぞれ後雪時々曇、雷を伴う,雪時々曇一時晴
2024,1,13,1012.8,1013.3,8.5,3.5,1.0,-1.5,-0.1,-3.4,93,82,3.2,5.5,北北西,9.1,北西,0.0,15,38,雪時々晴一時曇,雪時々晴
2024,1,14,1013.8,1014.3,13.5,4.5,1.0,1.3,3.9,-2.1,84,65,4.3,9.6,南南西,15.5,南南西,0.6,--,35,曇一時雪後みぞれ時々雨,みぞれ時々雨後雪一時曇
2024,1,15,1009.2,1009.7,4.0,1.0,0.5,-3.9,1.7,-5.8,82,67,6.1,9.6,西北西,16.0,西北西,0.0,13,31,雪,雪時々曇
2024,1,16,1017.3,1017.8,10.0,2.5,1.0,-3.4,-0.9,-5.8,91,77,4.1,8.1,西北西,14.4,西北西,0.6,16,43,雪,雪後時々曇、みぞれを伴う
2024,1,17,1020.3,1020.8,0.5,0.5,0.5,4.5,7.4,-0.9,76,63,5.6,7.9,南西,12.5,南西,4.0,--,42,曇時々みぞれ後雨一時晴,雨時々曇一時晴
2024,1,18,1018.9,1019.4,4.0,3.0,1.0,4.5,8.5,0.8,78,55,3.8,7.9,西北西,11.2,西北西,4.1,--,23,曇時々晴一時雨,曇時々晴
2024,1,19,1027.6,1028.1,0.0,0.0,0.0,1.6,3.5,-0.4,71,46,3.2,6.2,北西,8.9,北西,1.6,1,19,曇一時晴後時々雪,雪一時晴後曇
2024,1,20,1031.7,1032.2,0.0,0.0,0.0,0.3,2.2,-1.7,70,48,2.9,5.1,東北東,7.5,東北東,2.6,--,19,曇後一時雪一時晴,晴後みぞれ時々曇
2024,1,21,1023.4,1023.9,19.5,2.5,0.5,2.3,3.0,0.9,86,70,7.8,11.7,東北東,17.7,東北東,0.0,--,18,みぞれ一時雨,みぞれ後一時雨
2024,1,22,1014.7,1015.2,9.5,3.0,1.0,4.9,7.4,2.7,82,65,4.6,9.4,東北東,15.0,東北東,0.0,--,17,曇時々雨,雨
2024,1,23,1002.2,1002.7,2.0,0.5,0.5,1.9,4.5,-0.9,86,56,5.4,9.8,西,15.0,西南西,2.6,3,13,みぞれ時々雨後雪一時曇,雪時々曇一時晴
2024,1,24,995.3,995.8,1.5,1.0,0.5,0.2,3.0,-1.8,79,59,6.3,12.5,南南西,17.6,南西,1.7,2,13,雪時々曇、雷を伴う,雪時々曇一時晴
2024,1,25,1003.9,1004.4,5.5,1.5,0.5,-0.4,1.1,-2.3,84,64,6.6,10.0,西,15.0,西北西,0.1,11,24,雪,雪時々曇
2024,1,26,1011.4,1011.9,4.5,2.0,0.5,1.6,3.6,0.5,83,69,5.0,8.7,西,14.1,西,0.4,1,23,曇一時雪後みぞれ,みぞれ時々曇一時雪
2024,1,27,1016.8,1017.3,5.0,3.0,1.0,1.5,3.5,0.5,92,79,3.6,5.7,西,8.6,西,0.0,3,19,みぞれ後一時雨,みぞれ一時曇後晴
2024,1,28,1020.8,1021.3,0.0,0.0,0.0,2.0,5.6,-1.1,84,57,2.2,5.0,南西,7.0,西南西,4.1,--,17,曇時々雪後晴一時みぞれ,晴後一時雪、みぞれを伴う
2024,1,29,1026.6,1027.1,0.0,0.0,0.0,2.8,6.1,-0.9,83,58,2.2,5.0,南西,6.1,南西,1.0,1,16,曇時々みぞれ一時雪,曇時々みぞれ一時雨後晴
2024,1,30,1028.1,1028.6,0.0,0.0,0.0,3.2,6.6,1.5,69,49,3.6,7.5,西,12.5,西,3.2,--,14,曇時々晴一時雪、みぞれを伴う,晴後みぞれ一時雪
2024,1,31,1020.5,1021.0,1.5,0.5,0.5,3.2,6.1,-0.4,86,69,2.4,8.3,南西,16.4,南南西,0.5,--,12,曇一時晴後雨,雨一時曇後一時雪、みぞれを伴う
2024,2,1,1017.5,1018.0,5.5,1.5,0.5,-2.4,4.1,-5.5,84,58,5.8,10.3,西北西,17.6,西北西,0.0,13,19,雪後時々曇,雪時々曇
2024,2,2,1022.3,1022.8,6.5,2.5,1.0,-2.2,-0.5,-4.4,82,63,4.9,8.6,西北西,15.2,西北西,0.1,11,25,雪,雪時々曇
2024,2,3,1026.1,1026.6,2.0,1.0,0.5,-2.6,-0.1,-5.0,84,66,3.9,7.3,西,10.9,北西,1.2,8,30,雪時々曇一時晴,雪時々曇
2024,2,4,1023.0,1023.5,1.0,0.5,0.5,0.1,2.0,-1.3,77,65,4.7,7.5,西南西,10.8,西北西,0.2,2,25,雪時々曇,雪時々曇
2024,2,5,1023.3,1023.8,0.0,0.0,0.0,-0.7,1.5,-2.8,69,48,2.8,5.8,北東,9.1,西北西,1.7,--,22,曇後時々雪一時晴,曇後雪時々晴
2024,2,6,1020.3,1020.8,0.0,0.0,0.0,-1.2,0.8,-2.7,72,56,2.4,5.0,東,6.8,東北東,4.7,--,20,晴時々雪後曇,曇時々晴一時雪
2024,2,7,1015.3,1015.8,0.5,0.5,0.5,0.2,2.8,-2.4,83,64,2.2,4.5,南南西,6.7,西,1.2,1,19,曇時々雪後みぞれ一時晴,曇時々晴後雪
2024,2,8,1015.1,1015.6,0.0,0.0,0.0,1.7,4.4,-0.1,70,48,4.5,8.5,西南西,13.1,西,0.9,1,17,曇時々雪,雪後曇時々晴
2024,2,9,1019.7,1020.2,0.0,0.0,0.0,0.4,3.7,-2.6,67,48,2.7,5.9,西北西,8.8,北西,2.3 ),--,16,雪時々晴後曇,曇時々晴
2024,2,10,1015.6,1016.1,1.0,1.0,1.0,-0.2,3.5,-5.0,78,52,2.1,5.0,南東,7.1,南南東,3.2,4,17,曇一時晴後時々雪,みぞれ時々曇一時雪
2024,2,11,1017.7,1018.2,5.5,3.0,1.0,0.1,2.8,-1.1,87,53,3.5,8.3,北,12.1,北北西,3.1,11,25,雪時々曇一時晴,雪後一時晴
2024,2,12,1023.4,1023.9,0.0,0.0,0.0,1.3,5.3,-2.5,79,59,3.9,8.0,南西,10.8,南西,4.8,1,24,雪時々曇後みぞれ一時晴,晴後一時雨、みぞれを伴う
2024,2,13,1021.2,1021.7,0.0,0.0,0.0,7.7,11.1,2.8,68,55,6.2,10.2,南南西,16.3,南西,5.3,1,14,雨時々曇一時晴,晴時々曇一時雨
2024,2,14,1017.4,1017.9,0.0,0.0,0.0,11.2,14.6,8.0,62,50,6.8,11.9,南西,17.7,西南西,7.1,--,5,晴時々曇一時雨,晴後雨時々曇
2024,2,15,1011.1,1011.6,26.5,4.0,1.0,5.9,11.5,0.2,90,62,3.2,6.7,北北東,9.5,北東,0.0,5,5,雨時々曇、みぞれを伴う,みぞれ後時々雪一時曇
2024,2,16,1018.8,1019.3,5.5,3.5,1.0,-0.1,1.9,-1.4,82,62,4.4,8.1,西北西,13.6,西,5.0,4,8,雪時々曇一時晴,雪時々曇一時晴
2024,2,17,1026.2,1026.7,0.0,0.0,0.0,1.0,4.7,-1.9,74,46,2.4,5.3,東,7.8,東北東,8.0,--,6,晴時々曇,晴
2024,2,18,1025.8,1026.3,--,--,--,1.8,8.4,-3.7,86,63,1.5,2.7,北北西,4.2,北西,9.6,--,3,晴,晴後一時曇
2024,2,19,1014.7,1015.2,1.5,1.0,0.5,10.1,19.4,0.1,73,38,3.0,7.4,南南西,12.0,南南西,5.8,--,--,晴後曇一時雨,雨時々曇
2024,2,20,1019.9,1020.4,1.0,0.5,0.5,3.2,13.7,-1.3,70,55,5.9,9.9,西北西,17.3,西北西,0.0,--,--,曇一時雨後時々雪,雪時々曇
2024,2,21,1025.2,1025.7,0.5,0.5,0.5,-1.1,1.6,-2.9,73,49,3.3,5.2,西,8.6,西,1.4,2,2,曇後一時雪,曇時々雪
2024,2,22,1023.5,1024.0,0.5 ),0.5 ),0.5 ),-1.4,1.6,-2.4,78,53,3.3,7.8,北西,11.6,西北西,1.2,2,2,雪時々曇,雪
2024,2,23,1025.0,1025.5,0.0,0.5,0.0,-1.9,0.7,-3.1,85,57,2.9,6.4,西,9.3,西,0.2,3,4,雪後時々曇,曇一時雪
2024,2,24,1028.0,1028.5,0.0,0.0,0.0,-1.0,2.6,-3.7,74,58,3.6,6.7,西南西,10.0,西南西,2.4,--,--,雪時々曇,曇一時雪
2024,2,25,1023.7,1024.2,0.5,0.5,0.5,1.3,4.1,-0.7,69,49,3.9,7.8,東北東,10.7,東北東,1.3,1,1,曇,雪一時曇後みぞれ
2024,2,26,1018.4,1018.9,4.5,1.0,0.5,1.2,3.0,0.3,92,73,3.8,5.8,北北東,9.4,北東,0.0,3,1,みぞれ時々雪,みぞれ
2024,2,27,1019.5,1020.0,20.5,5.0,1.5,1.1,2.3,0.2,93,76,2.9,8.1,北,11.7,北,0.0,8,9,みぞれ後曇一時雪,みぞれ後曇時々晴
2024,2,28,1024.5,1025.0,--,--,--,1.8,5.1,0.3,71,48,3.5,7.2,西,9.8,西南西,8.2,--,5,晴一時曇,晴後雪時々曇
2024,2,29,1024.4,1024.9,0.0,0.0,0.0,1.6,4.7,-0.2,74,50,2.4,4.5,南西,7.7,西北西,1.9,2,3,雪後曇時々晴、みぞれを伴う,曇後一時雪、みぞれを伴う
2024,3,1,1006.1,1006.6,4.0,1.5,1.0,1.5,4.3,-3.1,89,73,3.2,9.9,西南西,16.3,西南西,0.0,5,5,みぞれ一時雪後雨,雪時々みぞれ一時雨
2024,3,2,1007.8,1008.3,2.0,1.0,0.5,-2.8,-1.2,-4.9,71,51,8.1,13.8,西南西,23.8,西,2.5,3,6,雪時々曇,雪
2024,3,3,1011.4,1011.9,8.0,2.0,1.0,-1.3,2.0,-3.5,87,67,3.4,9.7,西南西,16.2,西南西,1.2,13,16,雪後一時曇,雪時々曇
2024,3,4,1016.2,1016.7,11.0,2.5,1.5,-1.6,0.2,-3.1,91,74,4.4,8.4,西,14.9,西,1.1,20,28,雪時々曇,雪時々曇一時晴
2024,3,5,1020.4,1020.9,1.0,0.5,0.5,0.3,3.0,-3.0,81,55,3.4,7.1,西南西,9.7,西南西,3.0,3,28,曇時々晴後雪,雪後曇時々晴
2024,3,6,1014.3,1014.8,0.0,0.0,0.0,0.0,3.3,-3.3,86,67,2.1,4.8,北,7.5,北北西,1.5,2,17,雪時々曇、みぞれを伴う,雪後曇時々晴
2024,3,7,1015.8,1016.3,0.0,0.0,0.0,0.1,3.6,-2.2,70,45,3.3,7.6,西北西,10.2,西北西,2.4 ),1,11,雪一時晴後曇,晴時々曇一時雪
2024,3,8,1010.7,1011.2,--,--,--,0.1,5.4,-5.4,72,42,3.5,7.1,北北東,9.8,北北東,9.8,--,8,晴後時々曇,晴
2024,3,9,1011.4,1011.9,0.0,0.0,0.0,0.7,3.2,-1.4,61,39,3.6,6.7,北東,9.3,北東,2.6,--,5,曇時々晴,晴後雪時々曇
2024,3,10,1021.5,1022.0,0.5,0.5,0.5,0.3,3.5,-2.3,79,51,4.0,8.7,西北西,12.5,西南西,2.0,5,7,雪時々曇,雪時々曇
2024,3,11,1019.9,1020.4,6.0,3.0,1.0,4.2,7.7,0.8,80,61,4.4,6.9,西南西,12.1,西南西,2.2,--,6,曇時々みぞれ一時雪後雨,雨時々曇
2024,3,12,1010.2,1010.7,3.5,1.0,0.5,4.2,7.8,2.1,90,73,3.2,8.5,南,12.1,南,1.6,--,--,曇一時晴後雨,雨後晴時々曇、みぞれを伴う
2024,3,13,1008.6,1009.1,2.0,2.0,1.0,2.7,6.7,0.2,66,33,5.5,10.0,西北西,15.8,西北西,5.2,3,3,晴後曇一時雪,雪時々みぞれ一時曇後晴
2024,3,14,1011.2,1011.7,4.5,2.0,0.5,4.1,8.2,0.4,80,64,3.7,8.8,南南西,13.4,南西,3.4,--,2,雨時々晴一時曇、雷を伴う,雨後曇時々晴、雷を伴う
2024,3,15,1009.1,1009.6,1.0,1.0,1.0,7.2,10.7,3.4,70,57,5.2,13.2,西南西,21.4,西,0.0,--,--,曇時々雨、雷を伴う,曇時々晴一時雨
2024,3,16,1019.0,1019.5,0.5,0.5,0.5,5.0,9.0,0.8,65,41,4.1,8.5,西,13.1,西,4.6,--,--,曇時々晴後雨,曇時々晴
2024,3,17,1005.1,1005.6,6.0,3.0,2.0,5.0,9.7,0.9,78,52,4.0,11.3,西,19.0,西,3.2,--,--,曇時々晴後雨、雷を伴う,雨後みぞれ一時雪
2024,3,18,1006.9,1007.4,10.5,2.5,1.0,1.2,4.2,0.2,86,60,7.2,11.8,西,19.5,西,0.0,7,5,みぞれ時々雪,雪後曇時々晴
2024,3,19,1013.9,1014.4,0.0,0.0,0.0,2.8,5.9,-0.2,54,41,4.4,9.0,西北西,14.5,西北西,8.1,--,4,晴一時雪後曇,曇時々雪
2024,3,20,1006.7,1007.2,0.0,0.0,0.0,0.5,2.3,-1.2,69,52,4.2,8.9,北東,12.3,北東,0.0,--,--,曇時々雪,曇後一時雪
2024,3,21,1009.3,1009.8,0.0,0.0,0.0,2.0,5.4,-1.5,67,46,3.2,7.4,西,11.3,西北西,1.3,1,1,曇,曇
2024,3,22,1018.0,1018.5,0.0,0.0,0.0,3.5,8.6,1.0,66,36,3.1,8.8,西北西,13.2,北西,1.2,--,--,曇一時雪、みぞれを伴う,曇一時みぞれ
2024,3,23,1019.3,1019.8,--,--,--,4.9,10.0,0.6,63,35,2.3,5.7,北北東,8.3,北,4.9,--,--,曇時々晴,晴
2024,3,24,1020.1,1020.6,--,--,--,6.2,13.6,-1.4,67,41,3.4,8.1,西南西,12.4,西南西,11.6,--,--,晴,晴
2024,3,25,1017.8,1018.3,--,--,--,6.8,11.9,2.4,60,29,4.1,7.0,南西,10.2,西南西,6.2,--,--,曇時々晴,曇後晴
2024,3,26,1016.0,1016.5,--,--,--,3.6,8.3,-1.3,57,18,3.4,7.6,東,10.7,東,1.1,--,--,曇,曇後時々晴
2024,3,27,1022.0,1022.5,--,--,--,4.2,10.1,-2.0,58,25,2.7,5.9,西,8.6,西北西,12.0,--,--,晴,晴
2024,3,28,1021.0,1021.5,--,--,--,6.0,13.1,-1.8,58,25,2.6,7.2,東,10.4,東北東,8.4,--,--,曇時々晴,曇後一時雨
2024,3,29,1002.8,1003.3,7.5,2.0,0.5,10.3,18.4,5.8,80,58,4.4,12.6,南南西,18.9,南西,4.5,--,--,雨後晴時々曇,雨時々晴
2024,3,30,1006.6,1007.1,6.0,2.5,1.5,9.0,11.7,5.9,63,22,6.3,11.5,西,18.4,西南西,4.5,--,--,雨後曇時々晴,曇後晴時々雨
2024,3,31,1008.1,1008.6,0.0,0.0,0.0,6.9,11.5,3.7,58,33,4.6,9.7,西北西,14.3,西,8.2,--,--,雨時々曇後晴,晴
2024,4,1,1008.0,1008.5,0.0,0.0,0.0,6.9,12.5,2.1,55,24,5.2,9.7,西,15.3,南西,7.8,--,--,晴後曇時々雨,曇時々晴一時雨後みぞれ
2024,4,2,1014.8,1015.3,0.0,0.0,0.0,6.2,10.6,2.4,62,39,6.0,12.4,西,20.7,西,1.8,--,--,曇一時みぞれ後雨,晴
2024,4,3,1013.2,1013.7,0.0,0.0,0.0,7.0,13.0,0.1,68,30,2.0,4.7,北西,7.8,西南西,5.8 ),--,--,晴後曇一時雨,曇後時々晴
2024,4,4,1010.4,1010.9,--,--,--,7.9,14.6,3.7,70,38,3.6,10.4,西北西,14.8,西北西,8.7,--,--,晴時々曇,晴
2024,4,5,1019.8,1020.3,--,--,--,8.2,14.0,3.6,51,21,4.3,8.8,西,13.9,西南西,11.2,--,--,晴一時曇,晴後一時曇
2024,4,6,1020.4,1020.9,--,--,--,7.5,16.4,0.2,63,26,2.1,5.9,北西,8.1,北西,11.9,--,--,晴,曇時々晴
2024,4,7,1018.0,1018.5,--,--,--,10.3,17.6,4.2,69,51,1.7,6.4,北西,8.9,北西,11.1,--,--,晴一時曇,晴
2024,4,8,1017.6,1018.1,--,--,--,11.2,15.6,4.7,69,51,1.7,4.2,北西,5.9,北西,10.7,--,--,晴後一時曇,曇一時晴後雨
2024,4,9,1013.8,1014.3,27.5,5.0,1.0,7.2,12.0,2.0,85,66,4.1,9.0,西,17.3,西,0.0,--,--,雨後一時曇,晴一時雨
2024,4,10,1025.6,1026.1,--,--,--,7.1,13.8,0.5,59,30,5.5,12.0,西南西,17.0,西南西,12.4,--,--,晴,晴
2024,4,11,1026.3,1026.8,--,--,--,7.3,12.6,-0.6,63,36,1.7,4.1,北北西,6.2,北北西,8.1,--,--,晴後時々曇,曇後一時晴
2024,4,12,1021.2,1021.7,--,--,--,10.4,15.0,7.0,73,52,1.7,5.4,北北西,7.7,北,5.2,--,--,曇後時々晴,晴
2024,4,13,1019.1,1019.6,--,--,--,10.9,16.1,5.1,78,59,1.9,4.8,北北西,6.1,北北西,11.1,--,--,晴,晴後時々曇
2024,4,14,1021.0,1021.5,--,--,--,15.3,24.0,7.3,56,32,3.4,6.5,北西,10.4,北西,11.2,--,--,晴,晴
2024,4,15,1020.0,1020.5,--,--,--,13.4,18.8,7.8,67,39,2.6,6.8,北西,9.0,北北西,12.1,--,--,晴,晴後時々曇
2024,4,16,1013.6,1014.1,0.0,0.0,0.0,12.9,17.0,7.9,79,63,1.8,4.5,北,7.3,北,3.5,--,--,曇後時々雨一時晴,雨時々曇後晴、雷を伴う
2024,4,17,1009.6,1010.1,7.5,2.5,1.0,12.0,14.0,9.8,96,90,1.7,4.9,北西,8.6,南南西,0.1,--,--,雨時々曇,晴時々曇
2024,4,18,1007.5,1008.0,--,--,--,12.2,17.2,8.5,84,55,2.6,6.0,北北東,7.5,北北東,8.1,--,--,曇時々晴,曇時々晴
2024,4,19,1006.1,1006.6,0.0,0.0,0.0,11.0,14.0,9.0,83,69,4.4,11.0,西,15.7,西北西,0.0,--,--,曇時々雨,曇後雨時々晴
2024,4,20,1013.1,1013.6,0.0,0.0,0.0,9.7,13.3,8.0,74,60,6.9,10.4,西,18.5,西,4.5,--,--,雨後晴時々曇,曇時々晴
2024,4,21,1016.1,1016.6,--,--,--,11.1,17.6,7.1,69,43,3.9,6.0,南南西,9.6,南西,8.7,--,--,晴時々曇,晴
2024,4,22,1015.9,1016.4,--,--,--,11.1,17.7,4.3,65,30,3.6,7.1,東北東,10.0,北東,11.8,--,--,×,晴時々曇
2024,4,23,1017.5,1018.0 ),--,--,--,12.0 ),18.2 ),5.8,71 ),51 ),3.7,8.1,東北東,10.5,北東,11.9,--,--,晴,晴後一時曇
2024,4,24,1011.0,1011.5,6.5,2.5,1.0,14.8,20.9,9.6,74,40,4.2,11.5,東北東,15.5,東北東,3.3,--,--,曇一時晴後雨,雨時々曇
2024,4,25,1004.4,1004.9,4.0,3.0,1.0,13.1,17.8,10.8,81,57,5.3,12.2,西南西,19.9,西南西,0.9,--,--,曇時々雨,曇時々雨一時晴
2024,4,26,1010.5,1011.0,--,0.0,--,18.1,25.4,10.8,53,32,4.9,8.8,南西,13.8,南南西,10.0,--,--,晴時々曇,曇一時晴
2024,4,27,1011.1,1011.6,--,--,--,16.1,21.8,11.0,56,37,2.3,4.5,北西,6.9,北西,11.1,--,--,晴時々曇,晴
2024,4,28,1013.4,1013.9,--,--,--,16.4,24.5,10.7,56,38,3.9,8.3,西北西,12.4,西北西,12.1,--,--,晴,晴後一時曇
2024,4,29,1013.1,1013.6,--,--,--,15.4,21.2,11.1,43,22,3.3,6.8,東北東,9.6,北,12.0,--,--,晴,曇一時晴後雨
2024,4,30,1003.3,1003.8,5.5,1.5,0.5,12.6,14.2,10.9,89,44,2.0,5.5,西南西,8.4,西,0.0,--,--,雨,曇一時雨
2024,5,1,1010.0,1010.5,--,--,--,11.6,17.5,7.0,63,38,3.6,8.6,西,12.6,西,11.9,--,--,晴,晴
2024,5,2,1016.7,1017.2,--,--,--,12.2,20.0,4.7,55,23,2.1,5.5,北,8.0,北,13.4,--,--,晴,晴
2024,5,3,1015.2,1015.7,--,--,--,14.6,21.4,6.3,53,17,5.8,12.3,西南西,17.9,南西,13.0,--,--,晴,晴
2024,5,4,1018.1,1018.6,--,--,--,14.6,19.6,8.6,68,54,2.4,5.8,北,8.7,北,12.8,--,--,晴,晴後一時曇
2024,5,5,1018.4,1018.9,--,--,--,15.1,21.5,8.8,69,44,1.7,4.2,北,6.4,北北西,11.2,--,--,晴時々曇,曇時々晴
2024,5,6,1012.3,1012.8,4.5,2.0,1.0,16.3,20.1,14.2,77,53,2.2,6.7,南南西,10.1,南西,0.0,--,--,曇後時々雨,雨時々曇
2024,5,7,1004.8,1005.3,8.0,2.0,1.0,16.5,19.6,8.8,84,73,4.4,8.3,南南西,12.4,南南西,0.2,--,--,雨時々曇,雨後時々曇
2024,5,8,1009.5,1010.0,3.5,2.0,0.5,8.8,11.9,6.7,83,62,4.1,9.1,西南西,13.0,西南西,0.1,--,--,曇時々雨,曇時々雨
2024,5,9,1014.2,1014.7,0.0,0.0,0.0,9.9,15.3,7.7,76,48,3.0,7.1,西北西,9.8,南西,4.2,--,--,雨後曇時々晴,曇時々晴一時雨
2024,5,10,1016.4,1016.9,0.0,0.0,0.0,15.8,21.9,10.2,59,37,5.7,9.9,南西,15.7,西南西,8.9,--,--,晴時々曇,晴時々曇
2024,5,11,1017.2,1017.7,--,--,--,19.0,28.4,9.3,49,23,3.7,9.7,南西,15.2,南南西,10.6,--,--,晴時々曇,曇時々晴
2024,5,12,1011.6,1012.1,0.0,0.0,0.0,18.9,25.6,12.0,57,38,3.5,8.9,南西,14.2,南西,2.4,--,--,曇後一時雨,雨時々曇
2024,5,13,1008.0,1008.5,7.0,2.0,0.5,14.6,18.0,9.0,86,63,3.3,7.5,西北西,10.7,西北西,0.0,--,--,雨後時々曇,晴時々曇
2024,5,14,1017.2,1017.7,--,--,--,14.0,21.6,7.6,69,32,2.6,7.3,北,10.4,北北東,12.6 ),--,--,晴,晴
2024,5,15,1014.2,1014.7,--,--,--,14.3,19.7,8.3,78,57,2.1 ),5.2 ),北西 ),7.9 ),北西 ),13.3,--,--,晴,曇後時々晴
2024,5,16,1004.0,1004.5,0.0,0.0,0.0,17.3,26.3,11.8,75,48,5.1,15.2,南西,24.9,南西,5.3,--,--,曇一時晴後一時雨,曇時々雨、大風を伴う
2024,5,17,1005.6,1006.1,9.5,4.0,2.0,14.5,17.8,12.6,73,62,6.9,13.9,南西,21.7,南南西,0.9,--,--,雨時々曇,晴
2024,5,18,1015.0,1015.5,--,--,--,19.6,25.7,13.1,48,30,6.7,10.9,南南西,16.2,南南西,13.8,--,--,晴,晴
2024,5,19,1015.3,1015.8,--,--,--,19.9,27.8,14.3,52,26,3.6,7.0,北北東,10.4,北北東,12.6,--,--,晴,曇
2024,5,20,1011.8,1012.3,0.0,0.0,0.0,17.5,23.0,13.6,69,29,2.2,5.5,西,7.7,西南西,1.7,--,--,曇後一時雨,雨時々曇一時晴
2024,5,21,1015.3,1015.8,1.5,1.0,0.5,14.1,17.1,8.7,74,55,5.6,11.0,西南西,17.3,西南西,6.4,--,--,雨後曇時々晴,晴
2024,5,22,1016.7,1017.2,--,--,--,14.6,22.4,6.3,60,25,2.2,5.2,北西,7.7,北北西,12.1,--,--,晴後時々曇,曇時々晴
2024,5,23,1007.9,1008.4,--,--,--,21.9,28.4,12.5,54,28,5.7,11.0,南西,15.9,南南西,12.1,--,--,晴,曇時々晴
2024,5,24,1005.8,1006.3,0.5,0.5,0.5,16.5,20.1,11.6,79,65,4.0,7.2,西南西,12.7,西,1.1,--,--,曇時々雨,晴後雨時々曇
2024,5,25,1015.3,1015.8,0.0,0.0,0.0,13.1,17.9,8.4,65,41,4.7,7.8,西,12.2,西北西,8.6,--,--,晴時々曇,晴時々曇
2024,5,26,1014.0,1014.5,0.0,0.0,0.0,14.1,21.2,7.1,65,26,2.9,6.6,北西,8.8,北西,7.0,--,--,曇一時晴,曇一時雨
2024,5,27,1000.7,1001.2,0.0,0.0,0.0,17.6,24.5,12.2,74,49,3.8,10.7,南南西,17.3,南西,0.9,--,--,曇時々雨,曇時々晴
2024,5,28,1004.1,1004.6,8.0,3.0,1.0,15.3,18.5,13.2,83,64,3.1,5.0,西,7.2,西,0.9,--,--,曇後一時雨,雨後一時曇
2024,5,29,1007.6,1008.1,2.5,1.5,0.5,12.6,14.9,11.2,82,66,4.6,9.0,西,13.0,西,1.5,--,--,雨時々曇一時晴,曇時々晴後雨
2024,5,30,1013.0,1013.5,0.0,0.0,0.0,16.2,21.5,11.3,77,57,3.5,8.6,南西,11.7,南南西,1.2,--,--,曇,曇後一時雨
2024,5,31,1010.0,1010.5,0.0,0.0,0.0,15.6,20.0,13.3,85,68,3.4,7.9,北,10.7,北北東,0.7,--,--,曇,雨時々曇
2024,6,1,1010.0,1010.5,0.5,0.5,0.5,14.7,20.1,12.0,80,64,2.9,5.9,北北西,8.1,北北西,7.4,--,--,雨時々曇後晴,曇時々晴
2024,6,2,1009.9,1010.4,0.0,0.0,0.0,15.5,20.7,11.3,77,60,3.3,7.9,東北東,10.7,東北東,2.4,--,--,曇一時晴後時々雨,雨時々曇
2024,6,3,1011.7,1012.2,3.0,1.0,0.5,14.0,16.0,12.5,86,74,5.4,7.7,東北東,11.8,東北東,0.2,--,--,雨時々曇,雨一時晴後曇
2024,6,4,1014.8,1015.3,0.0,0.0,0.0,15.4,20.4,12.1,78,58,5.1,10.8,東北東,14.4,東北東,9.8,--,--,雨時々曇後晴,晴後一時曇
2024,6,5,1017.8,1018.3,0.0,0.0,0.0,15.0,19.4,10.4,80,62,2.8,6.5,西,9.9,西北西,2.8,--,--,曇一時晴後一時雨,曇時々雨一時晴
2024,6,6,1020.0,1020.5,0.0,0.0,0.0,15.7,19.9,12.3,74,56,3.2,6.8,北西,10.3,北西,2.1 ),--,--,曇一時雨,晴
2024,6,7,1017.8,1018.3,--,--,--,15.7,21.3,10.2,84,65,2.6,5.5,北西,7.3,北西,14.0,--,--,晴,晴後雨時々曇、霧を伴う
2024,6,8,1015.3,1015.8,0.0,0.0,0.0,16.5,20.0,14.3,91,77,2.0,4.9,北北西,7.3,北北西,6.1,--,--,曇一時雨後晴,曇
2024,6,9,1011.8,1012.3,2.5,2.5,1.5,17.1,19.1,15.4,90,77,1.7,4.1,西南西,6.4,西南西,0.3,--,--,曇時々雨,雨時々曇
2024,6,10,1008.3,1008.8,1.5,1.0,0.5,19.3,24.4,16.0,85,65,2.1,5.1,北,6.9,北西,4.6,--,--,曇時々雨後晴,晴時々曇
2024,6,11,1007.9,1008.4,--,--,--,20.1,26.4,16.0,79,50,2.8,6.1,北北東,8.7,南南西,5.3,--,--,曇時々晴,晴
2024,6,12,1006.2,1006.7,--,--,--,20.7,26.8,14.7,79,58,2.1,5.4,北西,8.1,北西,12.9,--,--,晴,晴
2024,6,13,1003.4,1003.9,--,--,--,21.5,27.0,17.0,80,59,2.5,6.4,北北西,9.4,北北西,12.8,--,--,晴一時曇,曇一時晴後時々雨
2024,6,14,1007.9,1008.4,0.0,0.0,0.0,21.3,26.1,18.3,77,60,3.4,6.5,西,9.2,西,8.3,--,--,曇一時雨後晴,晴
2024,6,15,1006.9,1007.4,--,--,--,20.0,24.6,16.7,86,68,2.9,6.3,北西,8.5,北西,8.4,--,--,晴時々曇、雷を伴う,曇時々晴一時雨
2024,6,16,1001.4,1001.9,1.0,1.0,0.5,19.8,22.7,17.4,91,74,1.9,3.9,北北西,5.6,北北西,2.2,--,--,曇時々晴後雨、雷を伴う,曇時々晴一時雨
2024,6,17,1004.8,1005.3,0.0,0.0,0.0,23.9,29.0,17.8,54,34,6.3,10.7,南西,15.8,南西,12.3,--,--,晴一時曇,曇時々晴
2024,6,18,1003.6,1004.1,--,--,--,25.6,30.3,21.2,51,32,5.0,8.8,南南西,14.6,南南西,11.7,--,--,晴時々曇,晴時々曇一時雨
2024,6,19,1008.2,1008.7,0.0,0.0,0.0,22.3,27.5,16.8,62,34,3.8,6.5,西北西,9.5,西北西,12.4,--,--,晴,晴後一時曇
2024,6,20,1009.0,1009.5,--,--,--,21.0,26.1,14.9,65,39,2.2,5.0,北北西,7.1,北北西,14.0,--,--,晴,晴後一時曇
2024,6,21,1004.9,1005.4,--,--,--,21.9,28.1,16.5,67,41,1.8,3.8,北北西,6.3,北西,5.8,--,--,曇時々晴,晴時々曇
2024,6,22,1005.0,1005.5,--,--,--,21.9,26.4,18.0,80,63,2.8,5.9,北北東,7.4,北西,10.2,--,--,曇時々晴,曇後一時雨
2024,6,23,999.7,1000.2,0.0,0.0,0.0,22.6,29.9,19.4,81,56,3.1,7.7,北北東,13.6,東,5.8,--,--,曇時々雨一時晴,曇後時々雨
2024,6,24,999.7,1000.2,17.5,4.5,3.0,20.9,24.4,19.4,93,78,2.2,6.5,西南西,9.4,西,0.6,--,--,雨時々曇一時晴、雷を伴う,雨時々晴後曇
2024,6,25,1004.3,1004.8,0.0,0.0,0.0,22.2,27.5,18.1,81,58,3.5,6.6,西,10.0,西南西,5.7,--,--,曇後一時晴,曇
2024,6,26,1011.6,1012.1,0.5,0.5,0.5,18.5,22.3,16.8,76,59,5.0,8.4,西,12.6,西北西,2.4,--,--,曇時々雨,雨時々曇後晴
2024,6,27,1013.1,1013.6,0.0,0.0,0.0,22.1,27.9,15.1,62,46,3.9,7.5,西北西,11.1,北西,7.5,--,--,晴時々曇,曇一時雨後晴
2024,6,28,1010.1,1010.6,--,--,--,22.6,30.0,16.9,61,31,2.5,6.2,北,8.2,南南西,13.4,--,--,晴後一時曇,曇時々晴
2024,6,29,1008.9,1009.4,--,--,--,23.1,29.0,17.0,62,44,2.0,4.8,北,6.2,北,12.4,--,--,晴一時曇,晴後一時曇
2024,6,30,1002.3,1002.8,60.0,12.5,4.0,22.6,30.3,17.6,76,37,1.8,4.9,南南西,7.2,南西,5.8,--,--,曇時々晴後雨,大雨後時々曇一時晴
2024,7,1,997.0,997.5,1.0,1.5,0.5,20.6,25.4,15.6,84,71,6.6,14.5,西南西,22.2,西,3.9,--,--,雨,晴
2024,7,2,1008.0,1008.5,--,--,--,21.2,27.6,13.7,62,34,5.4,12.0,西,17.4,西,13.9,--,--,晴,曇時々晴
2024,7,3,1008.9,1009.4,19.5,11.5,7.0,21.6,27.8,16.4,69,39,3.0,6.4,南南西,9.9,南南西,4.4,--,--,曇時々晴後雨,雨時々曇一時晴
2024,7,4,1003.2,1003.7,0.0,0.5,0.0,23.9,29.1,18.2,77,54,3.9,9.7,南南西,15.5,南南西,3.0,--,--,曇時々晴,曇時々晴
2024,7,5,1003.2,1003.7,0.0,0.0,0.0,25.9,29.9,21.0,69,53,4.5,9.2,南南西,13.7,南西,3.7,--,--,曇一時晴後一時雨,曇時々晴一時雨
2024,7,6,1004.0,1004.5,--,--,--,26.7,30.7,24.2,63,48,6.7,9.6,南南西,16.1,南南西,4.4,--,--,曇後一時晴,雨時々曇
2024,7,7,1001.7,1002.2,5.0,2.5,1.0,23.1,25.5,21.5,90,69,2.0,7.6,南南西,10.4,南南西,0.0,--,--,曇時々雨、雷を伴う,曇後一時晴
2024,7,8,1001.4,1001.9,0.0,0.0,0.0,23.2,27.1,21.1,84,66,2.9,8.0,西,10.8,西北西,2.4,--,--,曇時々晴,曇時々雨
2024,7,9,1001.5,1002.0,0.5,0.5,0.5,22.8,25.4,20.9,90,74,2.3,5.7,西南西,8.3,西,2.3,--,--,曇時々雨,曇一時晴後雨
2024,7,10,1002.4,1002.9,17.5,4.0,1.5,22.1,24.3,20.5,90,78,2.3,4.7,西,6.7,西,0.0,--,--,曇時々雨,雨後時々曇一時晴
2024,7,11,999.5,1000.0,2.0,1.0,0.5,22.6,27.9,19.6,87,63,2.0,5.1,西北西,8.0,西北西,4.9 ),--,--,雨後曇時々晴,晴後時々曇
2024,7,12,1002.7,1003.2,--,--,--,23.0,29.5,17.1,71,47,3.0,6.8,南西,9.3,南西,10.9,--,--,晴時々曇,晴
2024,7,13,1009.1,1009.6,--,--,--,23.0,28.8,17.6,74,52,2.9,7.2,北西,9.8,西北西,11.8,--,--,晴時々曇,晴
2024,7,14,1014.3,1014.8,0.0,0.0,0.0,23.0,27.4,18.7,82,63,2.3,5.1,北西,6.8,北北西,7.2,--,--,曇時々晴一時雨,曇
2024,7,15,1015.3,1015.8,--,--,--,23.4,26.4,21.4,86,72,2.2,4.2,北,5.6,北北東,8.2,--,--,晴時々曇,曇時々晴一時雨
2024,7,16,1015.0,1015.5,0.0,0.0,0.0,23.1,27.2,21.5,90,74,2.2,4.9,北,6.6,北西,5.0,--,--,曇一時雨後晴,晴後時々曇
2024,7,17,1011.6,1012.1,--,--,--,23.3,25.5,21.2,88,77,1.6,3.7,北,5.2,北,1.9,--,--,曇一時晴、雷を伴う,曇時々晴、雷を伴う
2024,7,18,1009.7,1010.2,0.0,0.0,0.0,25.3,29.5,22.4,84,67,2.3,5.4,北北西,7.5,北,9.2,--,--,晴時々曇,晴一時雨後曇
2024,7,19,1007.0,1007.5,0.0,0.0,0.0,26.0,29.8,22.7,84,62,3.2,8.9,南南西,12.8,南南西,0.1,--,--,曇時々雨,曇時々大雨
2024,7,20,1007.8,1008.3,61.0,18.0,4.0,26.0,29.9,23.7,88,72,2.8,6.8,北西,9.7,北西,3.7,--,--,雨後曇時々晴,晴後一時曇
2024,7,21,1007.3,1007.8,0.0,0.0,0.0,28.5,34.6,21.9,70,47,4.7,8.5,南西,12.4,南西,9.8,--,--,晴時々曇一時雨,晴後雨時々曇
2024,7,22,1005.0,1005.5,0.0,0.0,0.0,28.9,33.6,26.0,65,45,5.3,8.6,南南西,12.0,南南西,7.7,--,--,雨時々曇後晴,曇時々晴
2024,7,23,1003.1,1003.6,0.0,0.0,0.0,29.6,33.2,26.9,67,54,6.4,10.4,南西,14.3,南西,3.9,--,--,曇一時雨,曇時々晴一時雨
2024,7,24,1000.8,1001.3,0.0,0.0,0.0,26.2,30.8,23.0,76,57,6.4,13.6,西南西,20.8,西南西,1.8,--,--,雨時々曇,曇時々晴一時雨
2024,7,25,1006.6,1007.1,47.0,22.0,8.5,23.6,27.3,21.6,85,63,2.3,9.4,北北西,14.3,北北西,4.4,--,--,曇時々晴後大雨、雷を伴う,曇時々雨
2024,7,26,1014.1,1014.6,0.0,0.0,0.0,23.6,26.8,21.8,88,73,2.2,4.5,北北西,6.3,北北東,0.5,--,--,曇時々雨,雨時々曇
2024,7,27,1016.8,1017.3,61.5,10.0,2.5,22.3,22.8,21.9,99,93,1.6,3.6,北西,4.9,北西,0.0,--,--,大雨,雨後時々曇
2024,7,28,1008.5,1009.0,16.0,7.0,5.0,25.3,27.8,22.1,94,82,2.9,5.3,西,8.5,西北西,0.2,--,--,雨時々曇,雨時々曇
2024,7,29,999.7,1000.2,5.0,3.0,1.5,26.5,29.5,24.0,87,73,3.9,8.4,西南西,12.4,南西,0.4,--,--,雨後時々曇,曇後時々雨
2024,7,30,999.2,999.7,0.0,0.0,0.0,25.7,29.7,23.5,86,70,4.2,9.9,西南西,14.5,西南西,1.3,--,--,曇時々雨,曇後一時雨一時晴
2024,7,31,1004.2,1004.7,0.0,0.0,0.0,24.7,29.2,22.6,81,64,2.9,6.3,北西,8.3,西北西,2.8,--,--,雨後曇時々晴,曇時々晴一時雨
2024,8,1,1006.8,1007.3,0.0,0.0,0.0,24.2,27.3,22.2,83,67,2.4,4.2,北西,5.4,北西,2.7,--,--,曇時々雨一時晴,晴
2024,8,2,1006.2,1006.7,--,--,--,25.4,29.8,21.1,84,61,2.2,4.8,北北西,6.6,北北西,12.5,--,--,晴,晴一時曇
2024,8,3,1007.2,1007.7,--,--,--,27.3,31.9,23.1,82,62,2.2,4.7,北,6.9,北,10.5,--,--,晴,曇時々晴
2024,8,4,1007.9,1008.4,0.0,0.0,0.0,27.7,31.6,24.6,79,66,2.7,5.7,北西,8.3,北,4.7,--,--,曇時々晴一時雨,曇一時雨
2024,8,5,1008.3,1008.8,--,--,--,25.0,27.7,23.6,81,72,2.6,5.1,北西,7.2,北西,0.0,--,--,曇,曇後一時晴
2024,8,6,1007.6,1008.1,--,--,--,26.4,30.7,23.0,81,68,2.8,5.5,北,7.3,北,7.3,--,--,晴時々曇,晴
2024,8,7,1005.3,1005.8,--,--,--,26.5,30.4,23.5,84,73,2.9,6.4,北北西,8.5,北西,8.6,--,--,晴後時々曇,曇時々晴後雨
2024,8,8,1003.8,1004.3,2.0,1.5,1.0,25.7,28.9,22.6,83,61,2.8,5.3,西,8.2,西南西,1.6,--,--,雨後曇一時晴,晴時々曇
2024,8,9,1003.8,1004.3,--,--,--,26.2,31.1,22.2,80,60,2.2,6.4,北,9.0,北,7.9,--,--,曇時々晴,晴
2024,8,10,1004.7,1005.2,--,--,--,26.7,31.5,23.2,77,58,4.2,7.9,東北東,11.3,東,8.5,--,--,晴,晴時々曇
2024,8,11,1004.7,1005.2,0.5,0.5,0.5,24.5,28.1,23.1,82,64,5.1,8.1,北東,12.9,北東,0.8,--,--,雨時々曇,雨
2024,8,12,1001.6,1002.1,7.5,2.0,0.5,25.3,28.3,23.1,90,78,6.0,11.0,東北東,15.2,東北東,2.5,--,--,雨,雨
2024,8,13,1005.8,1006.3,14.0,3.5,1.0,26.1,28.5,24.3,96,86,1.5,3.2,北西,4.7,北北西,0.1,--,--,雨時々曇,曇一時晴後一時雨
2024,8,14,1006.8,1007.3,4.5,2.5,2.0,26.2,28.6,24.9,94,82,2.1,4.3,南西,6.2,南西,0.2,--,--,雨時々曇,曇時々雨一時晴
2024,8,15,1008.4,1008.9,0.0,0.0,0.0,26.4,30.5,24.4,83,67,2.6,4.6,西北西,7.7,北西,4.2,--,--,曇一時雨後晴,曇時々晴
2024,8,16,1008.8,1009.3,--,--,--,27.2,32.0,23.7,79,64,4.5,9.2,東北東,13.0,東北東,12.1,--,--,晴,晴時々曇
2024,8,17,1008.4,1008.9,0.0,0.0,0.0,24.6,28.5,22.2,80,67,5.1,9.4,北北東,13.7,北北東,7.9,--,--,晴一時雨後曇,晴時々曇一時雨
2024,8,18,1010.2,1010.7,0.0,0.0,0.0,24.9,30.2,21.5,77,58,2.9,5.5,西北西,8.0,西,3.8,--,--,曇一時雨後時々晴,晴時々曇
2024,8,19,1012.6,1013.1,--,--,--,24.7,29.4,20.0,79,60,2.5,4.9,北北西,6.8,北北西,12.4,--,--,晴後一時曇,晴一時曇
2024,8,20,1013.7,1014.2,0.0,0.0,0.0,24.3,27.7,21.5,85,67,1.8,4.0,北北西,5.5,北,2.5 ),--,--,曇時々晴一時雨,雨時々曇一時晴
2024,8,21,1013.0,1013.5,0.0,0.0,0.0,25.0,29.0,21.9,82,63,2.7,5.2,北北西,6.7,北北西,11.9,--,--,晴,晴後一時曇
2024,8,22,1009.9,1010.4,0.0,0.0,0.0,24.5,27.9,20.0,86,74,1.9,4.5,南南西,7.2,南,3.7,--,--,曇一時晴後一時雨,曇時々雨
2024,8,23,1006.9,1007.4,0.0,0.0,0.0,30.8,34.2,27.8,67,56,5.7,9.8,南南西,14.3,南南西,5.7,--,--,曇時々晴一時雨,雨時々曇後晴
2024,8,24,1009.6,1010.1,0.0,0.0,0.0,28.9,33.4,24.6,69,51,3.7,7.7,西北西,11.4,西北西,10.0,--,--,晴一時曇,晴一時曇
2024,8,25,1011.3,1011.8,0.0,0.0,0.0,26.2,31.3,23.0,78,60,3.3,6.6,東,9.2,東,6.8,--,--,晴後曇一時雨,雨時々曇
2024,8,26,1010.6,1011.1,1.5,1.5,0.5,25.5,28.9,23.3,88,72,2.3,5.1,北西,7.2,北北西,6.5,--,--,曇時々晴一時雨,曇一時雨
2024,8,27,1007.3,1007.8,9.0,4.5,3.0,24.4,26.5,22.9,93,80,2.2,5.7,西南西,10.1,西,0.0,--,--,雨時々曇、雷を伴う,雨時々曇
2024,8,28,1011.5,1012.0,0.0,0.5,0.0,24.5,28.4,22.4,84,59,2.3,3.8,南西,5.6,南西,1.0,--,--,曇一時雨,曇
2024,8,29,1011.8,1012.3,0.0,0.0,0.0,25.1,27.9,22.1,90,78,2.1,4.6,北北西,6.2,北北西,1.1,--,--,曇後一時雨、雷を伴う,曇一時雨
2024,8,30,1006.4,1006.9,0.0,0.0,0.0,26.9,33.3,23.6,81,52,2.5,6.9,南東,10.1,南東,8.5,--,--,晴時々曇,曇時々晴後雨、雷を伴う
2024,8,31,1001.4,1001.9,70.5,22.5,10.5,24.1,27.2,21.1,93,83,2.5,6.3,西,9.4,西北西,0.1,--,--,大雨時々曇、雷を伴う,曇一時雨後晴
2024,9,1,1007.6,1008.1,--,--,--,24.6,30.0,18.8,73,47,2.7,4.9,北北東,7.0,北,11.2,--,--,晴時々曇,曇後時々晴
2024,9,2,1008.0,1008.5,0.5,0.5,0.5,23.9,27.4,22.3,78,56,2.6,5.6,南南西,7.3,南南西,1.9,--,--,曇時々雨一時晴,曇後時々雨
2024,9,3,1011.9,1012.4,1.5,1.0,0.5,23.2,27.7,19.2,79,54,2.4,5.5,北,7.0,北,11.3,--,--,晴,晴
2024,9,4,1011.8,1012.3,--,--,--,23.1,30.8,15.5,70,23,2.6,7.2,東,9.8,東,12.4,--,--,晴,晴
2024,9,5,1007.1,1007.6,--,--,--,24.3,28.7,17.7,74,59,2.2,4.3,南西,6.8,南南西,10.3,--,--,晴後一時曇,曇時々晴後雨
2024,9,6,1009.7,1010.2,2.0,1.5,1.0,24.1,29.0,18.5,70,34,3.8,8.3,南西,14.5,南西,8.0,--,--,曇時々雨後晴,晴
2024,9,7,1013.9,1014.4,--,--,--,22.5,29.7,15.8,70,48,2.5,6.3,西北西,9.6,西北西,12.1,--,--,晴,曇時々晴
2024,9,8,1014.3,1014.8,0.0,0.0,0.0,24.4,29.9,20.6,69,45,2.8,5.8,西北西,8.2,西北西,9.1,--,--,晴一時雨,晴
2024,9,9,1016.6,1017.1,--,--,--,23.8,29.9,18.0,71,42,2.6,5.3,北,6.7,北,12.1,--,--,晴,晴
2024,9,10,1015.6,1016.1,--,--,--,23.8,28.6,17.4,78,58,1.6,3.8,北,4.9,北,10.3,--,--,晴時々曇,曇時々晴
2024,9,11,1016.1,1016.6,--,--,--,26.5,31.4,23.1,72,52,3.4,6.9,西北西,10.4,西北西,5.7,--,--,曇時々晴,曇後時々雨
2024,9,12,1015.1,1015.6,0.0,0.0,0.0,24.3,28.6,20.7,71,54,2.7,6.6,西北西,8.4,西北西,4.7,--,--,曇後時々晴,晴
2024,9,13,1009.5,1010.0,0.0,0.0,0.0,23.9,29.2,18.5,65,42,3.6,8.4,西北西,12.6,西,7.7,--,--,晴後時々曇,曇後一時雨
2024,9,14,1009.2,1009.7,0.0,0.0,0.0,23.0,27.7,19.9,72,54,2.4,5.1,北北西,7.5,北東,3.9,--,--,曇時々晴後雨,雨時々曇
2024,9,15,1010.2,1010.7,2.5,2.5,1.5,22.4,27.1,18.2,79,65,4.1,7.6,南西,11.8,南西,0.2,--,--,曇時々雨,晴時々曇
2024,9,16,1018.8,1019.3,--,--,--,20.4,26.4,14.8,69,45,3.3,8.1,東北東,10.9,東北東,9.8,--,--,晴後一時曇,曇一時晴後時々雨
2024,9,17,1013.9,1014.4,0.0,0.0,0.0,21.1,23.1,18.0,79,61,2.7,5.7,北北西,8.2,南南西,0.0 ),--,--,曇時々雨,曇一時晴後一時雨
2024,9,18,1013.6,1014.1,0.5,0.5,0.5,22.2,26.3,19.3,79,51,2.6,5.0,西,7.3,西,0.2,--,--,曇後一時雨,曇時々雨後晴
2024,9,19,1014.4,1014.9,0.0,0.0,0.0,23.1,29.2,18.2,67,35,3.2,6.0,西南西,9.6,西,8.5,--,--,晴時々曇,曇一時晴後雨
2024,9,20,1010.3,1010.8,2.0,1.0,0.5,21.6,28.3,16.4,79,61,3.6,8.5,西,13.4,西,2.7,--,--,曇時々雨,雨時々曇
2024,9,21,1013.4,1013.9,5.0,1.5,0.5,14.6,16.5,13.2,81,69,4.2,7.7,東北東,12.5,北東,0.0,--,--,雨時々曇,曇後時々雨
2024,9,22,1009.9,1010.4,13.5,4.0,1.0,16.2,18.1,15.0,88,80,5.6,8.7,北東,13.3,北東,0.0,--,--,雨,雨時々曇
2024,9,23,1017.1,1017.6,1.0,1.0,0.5,17.5,22.5,12.2,74,52,3.4,6.0,東,8.6,東,8.6,--,--,晴一時曇,晴
2024,9,24,1020.7,1021.2,--,--,--,16.1,23.8,9.1,70,42,3.0,8.7,東,12.3,東,11.5,--,--,晴,晴
2024,9,25,1018.8,1019.3,0.0,0.0,0.0,18.6,25.5,9.0,70,47,3.0,7.6,東,11.1,東北東,10.9,--,--,晴,晴時々曇一時雨
2024,9,26,1013.9,1014.4,0.0,0.0,0.0,21.7,27.7,15.9,80,54,2.2,5.6,東北東,7.3,東北東,6.2,--,--,晴後曇一時雨,曇一時雨後晴
2024,9,27,1013.8,1014.3,--,--,--,22.0,27.9,17.7,77,44,2.9,6.1,北西,7.9,北西,9.6,--,--,晴一時曇,晴一時曇
2024,9,28,1017.1,1017.6,--,--,--,20.1,24.9,15.5,79,62,2.4,5.4,北北西,6.8,北,8.4,--,--,晴後一時曇,晴一時曇
2024,9,29,1021.1,1021.6,--,--,--,19.6,26.8,13.9,75,48,2.9,7.3,東北東,9.6,東北東,10.3,--,--,晴,曇時々晴
2024,9,30,1016.7,1017.2,--,--,--,19.6,26.4,13.9,78,50,2.2,4.9,北北西,6.9,北北西,9.2,--,--,晴一時曇,晴
2024,10,1,1009.4,1009.9,--,--,--,20.9,26.1,15.9,77,50,2.8,5.8,北北東,7.3,南南西,9.9,--,--,晴,晴
2024,10,2,1010.5,1011.0,8.5,4.0,1.5,18.9,24.1,16.2,87,66,3.3,6.4,西,10.0,西,0.8,--,--,雨時々曇,雨時々曇
2024,10,3,1022.6,1023.1,4.0,2.0,0.5,16.9,18.7,14.7,75,53,3.9,7.3,東北東,12.0,東北東,0.0,--,--,曇時々雨,雨
2024,10,4,1016.6,1017.1,28.5,8.5,2.5,18.7,21.9,15.8,90,83,4.6,8.6,西南西,13.7,西南西,0.0,--,--,雨時々曇,雨時々曇一時晴
2024,10,5,1022.3,1022.8,0.0,0.0,0.0,18.8,23.8,13.9,72,44,2.9,7.5,西,11.4,西,9.7,--,--,晴,晴後一時曇
2024,10,6,1020.5,1021.0,--,--,--,18.2,24.0,13.0,79,51,2.0,5.2,東北東,7.1,東北東,6.9,--,--,晴時々曇,曇後一時雨
2024,10,7,1013.1,1013.6,3.5,1.0,0.5,16.7,20.5,13.9,87,74,2.6,5.0,南南西,7.3,南南西,0.0,--,--,雨時々曇,曇後一時雨
2024,10,8,1013.6,1014.1,0.5,0.5,0.5,16.8,22.1,13.1,81,52,2.3,5.9,西,8.3,西北西,3.3,--,--,曇一時雨後時々晴,曇一時晴
2024,10,9,1016.5,1017.0,0.0,0.0,0.0,15.4,18.9,11.9,77,57,3.8,7.4,東,11.5,東,2.4,--,--,曇後一時晴,雨時々晴一時曇
2024,10,10,1017.3,1017.8,0.0,0.0,0.0,16.0,19.2,13.7,68,50,5.4,8.7,東,13.2,東,2.4,--,--,曇時々雨一時晴,曇時々雨
2024,10,11,1016.9,1017.4,0.0,0.0,0.0,15.5,20.2,11.1,75,53,2.9,5.7,東北東,7.8,東北東,6.9,--,--,曇後晴,晴
2024,10,12,1021.9,1022.4,0.0,0.0,0.0,15.9,23.1,9.7,73,46,2.3,4.6,北西,6.7,北西,10.7,--,--,晴一時雨,晴後一時雨一時曇
2024,10,13,1025.1,1025.6,0.0,0.0,0.0,16.3,22.9,10.5,64,26,3.4,8.4,西,12.4,西北西,9.3,--,--,晴一時雨,晴
2024,10,14,1025.7,1026.2,--,--,--,14.5,21.8,7.7,74,48,2.5,5.8,東北東,8.4,東,9.5,--,--,晴後一時曇,曇
2024,10,15,1019.7,1020.2,2.5,2.0,1.0,17.0,20.5,12.6,83,67,1.4,2.9,南東,4.6,南南西,0.8,--,--,曇,雨
2024,10,16,1019.0,1019.5,16.5,5.5,3.0,17.1,21.8,10.2,81,62,4.2,8.8,南南西,14.6,南南西,5.4,--,--,曇一時雨後晴,晴
2024,10,17,1024.6,1025.1,--,--,--,14.6,20.9,8.9,75,48,3.5,6.9,西南西,11.7,西,6.0,--,--,晴後時々曇,晴時々曇
2024,10,18,1020.9,1021.4,0.5,0.5,0.5,15.9,22.0,9.2,83,59,1.6,5.1,北西,6.7,北西,7.5,--,--,曇時々晴,曇時々雨
2024,10,19,1009.9,1010.4,8.0,6.5,2.5,16.0,25.3,9.8,78,48,5.5,10.6,南西,16.1,南南西,0.3,--,--,雨時々曇、雷を伴う,曇後一時雨
2024,10,20,1030.0,1030.5,0.0,0.0,0.0,10.0,13.6,7.9,55,38,4.2,8.4,北西,13.6,北西,4.0,--,--,曇後時々晴,晴時々曇
2024,10,21,1030.8,1031.3,--,--,--,11.3,17.1,5.2,72,46,2.0,5.0,南東,6.1,南東,9.4,--,--,晴後一時曇,曇
2024,10,22,1023.5,1024.0,0.0,0.0,0.0,15.3,20.5,9.5,77,51,1.8,3.4,北北東,4.7,北東,4.5 ),--,--,曇時々晴,曇時々雨
2024,10,23,1009.8,1010.3,29.0,6.0,2.0,16.9,20.0,14.4,96,72,2.6,11.0,南西,17.8,南西,0.0,--,--,雨時々曇,雨一時曇後晴
2024,10,24,1016.6,1017.1,--,--,--,16.5,20.2,11.0,72,56,5.0,8.3,西,12.4,西,7.2,--,--,晴時々曇,晴時々曇
2024,10,25,1025.6,1026.1,--,--,--,13.5,19.3,9.2,75,49,3.0,5.9,西,9.0,南西,6.6,--,--,晴時々曇,晴
2024,10,26,1023.1,1023.6,--,--,--,13.0,19.3,8.1,79,56,2.6,5.0,南西,7.7,南西,7.2,--,--,曇時々晴,晴
2024,10,27,1013.0,1013.5,--,--,--,13.3,18.0,7.1,83,59,1.8,2.9,南南西,4.2,北北西,5.8,--,--,曇時々晴,曇後一時雨
2024,10,28,1010.8,1011.3,0.0,0.0,0.0,12.4,15.4,5.8,71,51,4.0,8.8,西北西,12.6,西北西,2.0,--,--,曇一時雨後時々晴,晴
2024,10,29,1021.9,1022.4,--,--,--,9.8,15.3,4.4,68,41,2.3,4.4,東北東,6.0,東北東,9.8,--,--,晴,曇時々晴
2024,10,30,1017.5,1018.0,0.0,0.0,0.0,11.6,18.2,6.3,76,62,2.4 ),6.1 ),西 ),9.2 ),西北西 ),7.1,--,--,晴時々曇,晴時々曇後雨
2024,10,31,1023.1,1023.6,0.5,0.5,0.5,13.8,18.7,9.9,73,45,4.0,7.8,西,12.3,西,8.8,-- ),--,晴後一時曇,曇時々晴
2024,11,1,1022.1,1022.6,--,--,--,13.9,18.7,9.9,77,49,1.8,3.9,北西,5.1,北西,1.1,-- ),--,曇,曇
2024,11,2,1015.5,1016.0,--,--,--,12.7,17.0,9.8,80,61,1.6,3.4,南南西,4.4,南,0.0,--,--,曇,晴
2024,11,3,1019.9,1020.4,--,--,--,10.9,14.4,7.3,68,47,3.6,6.6,西南西,10.2,西北西,3.8,--,--,曇時々晴,晴
2024,11,4,1015.1,1015.6,16.0,6.5,2.0,11.6,19.8,4.0,78,29,3.7,10.7,南南西,17.9,南南西,7.4,--,--,晴後一時雨、雷を伴う,雨後曇時々晴
2024,11,5,1019.5,1020.0,0.5,0.5,0.5,8.8,12.0,5.1,67,41,3.6,7.8,西北西,12.7,北西,3.6,--,--,曇時々晴一時雨,曇一時晴
2024,11,6,1017.0,1017.5,3.5,1.0,1.0,7.6,12.5,4.9,73,46,2.5,8.0,西,15.4,西北西,4.2,--,--,曇後晴一時雨、雷を伴う,雨時々曇一時晴、雷を伴う
2024,11,7,1022.8,1023.3,6.5,2.0,1.0,4.5,6.4,2.8,84,60,4.3,7.9,北西,13.9,北北西,0.0,--,--,雨時々曇、雷を伴う,曇時々雨、みぞれを伴う
2024,11,8,1028.1,1028.6,0.5,0.5,0.5,6.4,9.7,3.3,75,58,3.7,7.1,西南西,12.5,西南西,0.3,--,--,曇時々雨,晴時々雨後曇
2024,11,9,1027.8,1028.3,0.0,0.0,0.0,9.7,14.6,4.4,71,50,3.4,6.3,西南西,8.9,西南西,6.4,--,--,晴一時曇,晴後一時曇
2024,11,10,1024.0,1024.5,--,--,--,9.8,17.9,3.1,78,47,1.9,4.0,南南西,6.0,南南西,7.9,--,--,晴時々曇,晴時々曇
2024,11,11,1017.0,1017.5,2.5,2.5,1.5,9.1,15.5,4.9,81,53,3.3,7.6,西,10.7,西,3.8,--,--,曇一時雨後晴,曇時々晴
2024,11,12,1014.7,1015.2,1.5,0.5,0.5,10.0,15.5,4.4,77,49,3.7,6.8,西,11.6,西,2.2,--,--,曇一時晴後時々雨,雨一時曇後晴
2024,11,13,1022.8,1023.3,--,--,--,7.3,12.5,3.4,69,44,3.2,6.2,西南西,8.9,西,6.3,--,--,晴時々曇,晴
2024,11,14,1024.5,1025.1 ),--,--,--,6.2 ),12.7 ),0.9,75 ],47 ],1.7,3.0,北北東,4.4,北東,8.7,--,--,晴一時曇,曇時々晴
2024,11,15,1019.8,1020.4 ),0.0,0.0,0.0,9.9 ),15.7 ),5.5,78 ],47 ],2.6,5.6,南西,8.1,南西,2.0 ),--,--,曇時々雨一時晴,晴
2024,11,16,1020.3,1020.8,0.0,0.0,0.0,8.9,16.3,2.5,83,52,1.8,3.2,南南西,4.6,北北西,9.3,--,--,晴,晴時々曇
2024,11,17,1012.5,1013.0,7.0,2.5,2.0,11.6,19.9,5.9,83,61,4.2,8.4,南南西,13.4,西北西,0.4,--,--,雨時々曇,曇時々雨、みぞれを伴う
2024,11,18,1019.2,1019.7,3.0,1.0,0.5,2.8,5.9,-0.4,77,51,4.3,8.4,西北西,12.9,北西,0.5,--,--,雨時々曇後みぞれ一時雪,雪時々曇一時晴
2024,11,19,1027.4,1027.9,0.0,0.0,0.0,1.7,4.0,-1.3,78,57,3.5,10.0,北西,14.4,北西,0.0,1,1,曇時々雪、みぞれを伴う,曇後一時晴、みぞれを伴う
2024,11,20,1022.2,1022.7,--,--,--,5.1,10.0,1.3,72,46,2.5,5.2,南南西,7.4,南南西,3.5,--,--,曇後時々晴,曇後雨時々晴、みぞれを伴う
2024,11,21,1015.3,1015.8,0.5 ),0.5 ),0.5 ),7.2,12.0,3.2,83,64,2.2,5.2,西北西,7.5,北西,0.5,--,--,曇時々晴一時雨,曇時々晴一時雨
2024,11,22,1010.6,1011.1,11.5,6.0,1.5,5.8,9.3,2.3,91,76,2.5,6.2,南南西,10.4,西南西,2.0,--,--,雨時々曇、雷を伴う,雨、雷を伴う
2024,11,23,1016.9,1017.4,11.0,3.0,1.0,4.7,8.3,2.7,90,71,3.2,5.8,南南西,7.9,南南西,1.4,--,--,雨時々曇,晴後曇時々雨
2024,11,24,1024.6,1025.1,0.0,0.0,0.0,4.6,6.8,2.8,73,53,3.3,7.0,西北西,10.9,西,0.0,--,--,曇時々雨,曇時々晴一時雨
2024,11,25,1028.9,1029.4,0.0,0.0,0.0,5.2,9.8,0.7,75,48,3.0,6.3,西,9.7,西,5.1,--,--,晴時々曇,晴
2024,11,26,1019.6,1020.1,3.5,1.5,0.5,6.6,13.8,-1.4,77,38,2.1,7.6,南東,11.4,南東,6.5,--,--,曇時々晴,雨時々曇一時晴
2024,11,27,1004.8,1005.3,4.5,2.0,1.0,10.9,14.6,7.5,84,70,3.3,7.9,西,13.9,西南西,0.2,--,--,雨時々曇,雨時々曇
2024,11,28,1002.2,1002.7,6.5,2.5,1.0,5.9,9.2,3.8,87,61,3.0,7.2,西南西,11.1,南西,1.6,--,--,雨後曇時々晴,雨時々曇一時晴
2024,11,29,998.8,999.3,15.0,4.0,1.5,3.0,6.1,0.6,90,75,4.6,9.4,西,14.3,西,1.0,--,--,みぞれ時々雨,みぞれ時々雨一時曇
2024,11,30,999.1,999.6,40.0,4.5,1.5,1.5,3.6,0.5,96,80,4.8,9.8,西,14.9,西,0.1,4,3,みぞれ,みぞれ後一時雪一時曇
2024,12,1,1011.9,1012.4,2.0,2.5,0.5,3.5,6.9,1.4,77,54,4.6,10.3,西南西,18.6,西,1.1,--,3,みぞれ一時雨後曇,曇後時々晴、みぞれを伴う
2024,12,2,1015.6,1016.1,0.0 ),0.0 ),0.0 ),6.0,11.9,0.9,74,43,2.6,6.0,南南西,9.8,南南西,7.6,--,1,晴,曇時々晴後雨
2024,12,3,1014.3,1014.8,14.0,5.5,1.5,6.6,11.1,3.1,82,66,3.4,8.0,南南西,11.7,南南西,0.0,--,--,雨後曇,曇一時雨後みぞれ
2024,12,4,1012.6,1013.1,14.0,3.5,1.0,1.7,4.5,0.4,95,77,3.2,7.0,西南西,11.0,南西,1.5,1,1,みぞれ後時々雨,みぞれ時々曇一時晴
2024,12,5,1007.1,1007.6,4.5,1.5,0.5,2.4,5.2,-0.5,90,62,3.7,7.8,西南西,11.3,西,0.6,--,1,みぞれ時々雨,みぞれ時々雨一時曇
2024,12,6,1005.3,1005.8,22.5,5.0,2.0,1.0,2.2,-0.5,95,76,4.7,10.5,南西,16.3,南西,0.0,10,10,みぞれ時々曇一時雪,みぞれ後雪時々曇
2024,12,7,1010.0,1010.5,9.0,2.0,0.5,0.1,1.7,-2.4,82,65,5.1,11.9,西北西,19.6,西北西,1.3,7,17,雪時々曇,雪時々みぞれ
2024,12,8,1009.3,1009.8,12.0,4.0,1.0,0.2,2.2,-0.6,91,68,3.6,8.1,西北西,12.6,北西,1.8,15,32,雪時々曇一時みぞれ,曇時々雪
2024,12,9,1014.0,1014.5,0.5,0.5,0.5,1.9,4.0,-0.1,79,64,4.2,7.1,西南西,11.8,西,0.2,--,25,みぞれ時々雪一時曇,曇時々晴一時雪
2024,12,10,1014.3,1014.8,8.5,2.5,1.5,2.5,6.2,0.9,83,56,3.1,4.8,西,7.9,西,1.5,--,19,みぞれ時々曇一時雪,みぞれ時々雨
2024,12,11,1012.0,1012.5,10.0,2.5,1.5,0.3,2.6,-2.1,87,60,4.5,9.4,西北西,15.5,西,0.6,6,13,みぞれ後雪時々曇,雪時々曇一時晴
2024,12,12,1015.1,1015.6,3.5,0.5,0.5,-1.0,1.1,-1.8,87,67,4.2,7.8,西北西,13.4,西北西,1.1,6,18,雪時々曇,雪
2024,12,13,1012.2,1012.7,11.5,2.0,1.0,0.2,2.2,-1.4,91,71,4.0,8.3,南西,12.9,西南西,0.3,14,31,雪後みぞれ時々曇,雪時々みぞれ後曇
2024,12,14,1010.5,1011.0,4.5,2.0,0.5,-0.7,0.7,-2.1,89,74,3.3,6.1,西南西,10.5,西,0.3,12,36,雪時々曇,雪後時々曇一時晴
2024,12,15,1006.0,1006.5,13.0,4.0,1.5,0.6,3.5,-1.7,85,61,5.1,10.3,西,18.5,西,3.0,8,38,みぞれ一時晴後雪時々曇,雪時々曇
2024,12,16,1012.4,1012.9,14.5,3.0,2.0,-1.3,1.2,-3.0,91,64,4.4,9.0,西,16.1,西,0.4,14,49,雪時々曇,雪
2024,12,17,1015.8,1016.3,10.0,2.0,1.0,-0.8,1.2,-1.8,93,78,2.7,4.8,南南西,7.7,西,1.2 ),18,66,雪時々曇,雪一時晴
2024,12,18,1016.6,1017.1,9.5,3.0,1.0,-1.8,-0.3,-4.5,91,72,2.6,4.2,西南西,7.1,西北西,0.6,15,72,雪時々曇一時晴,晴時々雪
2024,12,19,1017.7,1018.2 ),5.5,2.0,1.0,-0.5 ),2.1 ),-3.9 ),92 ),76 ),3.4,6.0,南西,9.3,西南西,2.3,5,61,雪時々曇一時雨後みぞれ,みぞれ時々曇後雪
2024,12,20,1017.6,1018.1,12.5,3.0,1.0,1.0,3.9,-0.1,93,68,3.2,7.5,南西,10.2,南南西,0.9,8,65,みぞれ後一時曇,みぞれ後一時雨
2024,12,21,1008.2,1008.7,20.5,4.0,1.0,1.4,3.4,0.2,97 ),89 ),1.9,6.7,北東,9.5,北東,0.8,5,63,みぞれ一時雨後曇,みぞれ一時雨
2024,12,22,1004.3,1004.8,23.5,4.5,1.0,-0.6,1.3,-2.1,94,74,3.9,8.8,南西,12.6,西北西,0.1,22,65,雪時々曇一時晴,雪時々曇
2024,12,23,1009.7,1010.2,7.0,2.5,1.0,-1.9,-0.8,-2.8,89,66,4.2,6.8,西南西,11.9,西南西,0.1,11,74,雪時々曇,雪時々曇
2024,12,24,1015.1,1015.6,3.0,1.0,0.5,-1.4,0.0,-2.8,89,71,3.9,7.1,南南西,10.8,南南西,2.0,5,70,雪時々曇,雪時々曇
2024,12,25,1021.4,1021.9,0.0,0.0,0.0,1.6,4.3,-1.0,84,71,3.2,5.5,南南西,8.8,南南西,1.0,--,67,曇後時々みぞれ一時晴,曇時々晴一時雨
2024,12,26,1007.9,1008.4,13.0,3.5,1.0,2.4,6.2,-1.1,85,61,5.4,11.1,南南西,17.6,南南西,0.1,7,58,みぞれ時々雨一時曇,雪時々曇、みぞれを伴う
2024,12,27,1005.6,1006.1,21.5,4.0,1.0,-2.4,-1.0,-3.2,92,71,5.5,9.5,西,15.1,西,0.0,29,81,雪,雪
2024,12,28,1008.1,1008.6,12.5,2.0,1.0,-1.7,-0.1,-2.6,92,70,4.5,10.1,西,15.9,西北西,0.1,22,96,雪時々曇,雪
2024,12,29,1013.7,1014.2,15.0,2.5,1.0,-1.8,-0.6,-2.8,94,68,3.4,8.1,南南西,14.5,南南西,0.0,15,106,雪時々曇,雪時々曇
2024,12,30,1016.8,1017.3,12.0,3.0,1.0,0.2,2.8,-2.3,90,64,3.6,7.9,西南西,12.0,南西,0.1,12,115,雪時々曇、みぞれを伴う,みぞれ後曇時々雪
2024,12,31,1003.8,1004.3,8.5,3.5,1.0,0.9,2.3,-0.4,96,79,2.5,6.3,北西,9.8,北西,0.0,2,101,みぞれ一時雨,曇時々雪一時みぞれ
2025,1,1,1013.0,1013.5,11.0,2.5,1.0,0.0,1.5,-1.2,93,77,3.2,7.5,西南西,10.8,南西,1.1,16,94,雪一時曇後時々みぞれ,大雪、みぞれを伴う
2025,1,2,1015.3,1015.8,25.0,3.5,1.0,-1.0,0.1,-2.5,97,77,3.5,7.8,西南西,13.3,西南西,0.0,31,120,雪,雪
2025,1,3,1016.8,1017.3,1.5,1.5,0.5,-2.8,-1.9,-4.4,93,80,2.8,6.6,北西,10.3,北西,1.0,1,120,雪時々曇,雪後一時晴
2025,1,4,1018.0,1018.5,21.5,4.0,1.5,-2.5,-1.2,-6.2,98,92,3.4,5.8,南西,9.0,北,0.0,26,131,雪,雪
2025,1,5,1021.0,1021.5,8.0,3.5,1.5,-0.9,1.8,-3.3,92,68,2.3,5.4,西,8.3,西,2.2,10,139,曇時々雪,晴後一時雪
2025,1,6,1012.7,1013.2,0.5,0.5,0.5,1.6,5.2,-4.2,94,78,2.3,6.2,南南西,10.3,南南西,1.3,--,126,雨一時雪後曇、みぞれを伴う,みぞれ時々雨一時曇
2025,1,7,999.2,999.7,2.5,2.0,1.0,2.6,6.0,1.1,94,78,3.0,9.0,北西,13.3,北西,1.0,--,105,雨時々曇、みぞれを伴う,曇一時雨後みぞれ時々雪
2025,1,8,1004.6,1005.1,9.0,2.5,1.0,0.0,1.4,-1.2,90,73,3.8,6.8,西,11.3,西南西,0.4,16,103,雪時々曇,雪時々曇
2025,1,9,1005.3,1005.8,10.0,3.0,1.0,-1.2,0.7,-3.4,87,64,4.5,8.9,西,19.3,西,0.4,14,111,雪時々曇,雪後晴時々曇
2025,1,10,1007.8,1008.3,0.5,0.5,0.5,-0.2,4.0,-4.4,84,61,3.4,7.5,西南西,11.8,西南西,5.7,--,109,晴後雪時々みぞれ一時曇,晴一時みぞれ
2025,1,11,1019.6,1020.1,0.0,0.0,0.0,0.6,4.6,-4.0,84,57,2.0,4.8,北,6.4,北,6.2,--,100,晴一時雪後曇、みぞれを伴う,晴後雪一時みぞれ
2025,1,12,1019.0,1019.5,0.5,0.5,0.5,1.3,5.8,-2.2,86,55,1.5,3.8,東北東,4.8,東,6.4,2,96,曇一時雪後晴、みぞれを伴う,晴
2025,1,13,1016.1,1016.6,0.0,0.0,0.0,0.8,6.5,-4.4,82,55,3.1,6.0,西南西,10.1,南西,5.0,--,93,晴時々曇一時みぞれ,晴一時雪後曇、みぞれを伴う
2025,1,14,1014.1,1014.6,7.0,2.5,1.0,1.5,3.6,0.1,82,63,4.9,10.2,南西,15.3,南西,0.2 ),10,96,みぞれ一時雨後雪時々曇,雪一時みぞれ
2025,1,15,1011.9,1012.4,13.5,4.0,1.0,-1.9,0.9,-4.5,87,62,4.0,8.3,南西,13.9,西南西,0.1,22,116,雪,雪時々曇
2025,1,16,1013.3,1013.8,12.0,3.5,1.0,-2.6,-0.8,-5.1,89,70,3.6,8.1,南西,13.5,南西,0.4,20,125,雪時々曇,雪時々曇一時晴
2025,1,17,1016.0,1016.5,7.5,3.0,1.0,-3.2,-0.7,-5.5,85,69,4.9,14.2,北西,20.3,北西,1.3,8,130,雪時々曇,曇時々晴後雪
2025,1,18,1022.3,1022.8,0.0,0.0,0.0,-1.3,1.3,-3.5,85,70,2.9,5.3,西北西,9.8,西北西,0.9,--,123,雪後曇時々晴,晴時々曇
2025,1,19,1016.7,1017.2,0.0,0.0,0.0,3.0,8.0,-3.5,74,54,2.7,6.2,南南西,9.7,南南西,6.0,--,116,曇一時雪後晴,晴時々曇後雨、みぞれを伴う
2025,1,20,1012.5,1013.0,1.5,1.5,1.0,3.7,7.3,0.2,86,69,2.6,6.1,南南西,10.5,南西,1.1,--,105,曇後一時雨一時晴,曇時々晴、みぞれを伴う
2025,1,21,1017.7,1018.2,0.0,0.0,0.0,2.3,5.5,-0.4,88,70,2.4,6.3,北北東,8.2,北北東,4.1,--,99,曇一時雨後時々晴、みぞれを伴う,晴時々曇後雪
2025,1,22,1020.7,1021.2,0.0,0.0,0.0,2.6,7.1,-0.8,84,54,1.9,5.2,西北西,8.0,西北西,4.7,1,95,曇時々晴一時雪、みぞれを伴う,晴一時曇、みぞれを伴う
2025,1,23,1020.0,1020.5,0.0,0.0,0.0,2.3,6.2,-1.7,83,57,2.0,5.1,南,6.4,南,3.4,--,93,曇時々晴一時雨,晴時々みぞれ後雨一時曇
2025,1,24,1019.7,1020.2,6.5,2.0,0.5,2.8,5.2,1.0,84,60,4.9,8.5,南西,13.5,南西,6.2,--,92,晴後みぞれ時々曇,みぞれ後晴
2025,1,25,1022.2,1022.7,4.5,2.0,0.5,2.3,5.8,-0.9,80,50,2.7,6.1,北東,8.5,北東,5.7,2,90,曇時々晴一時雨、みぞれを伴う,みぞれ時々雨
2025,1,26,1022.1,1022.6,3.5,2.0,1.0,1.9,4.1,-1.8,88,70,2.8,6.1,東北東,9.5,北東,1.1,--,89,みぞれ時々雨後曇一時晴,晴後時々曇
2025,1,27,1013.6,1014.1,--,--,--,2.1,6.1,-2.6,78,50,2.1,3.8,南南東,4.9,南,4.3,--,86,曇時々晴,晴時々曇、みぞれを伴う
2025,1,28,1005.5,1006.0,1.5,1.5,1.0,3.2,7.3,0.0,84,65,2.5,6.8,西南西,10.2,西,3.7,--,85,晴後雨時々曇,晴後曇時々みぞれ、雷を伴う
2025,1,29,1002.6,1003.1,4.0,1.5,1.0,1.9,5.1,-0.2,86,67,3.9,7.9,西南西,12.8,西北西,1.6,3,85,みぞれ時々曇一時雨,雪時々曇一時みぞれ
2025,1,30,1009.4,1009.9,9.5,3.0,1.0,0.0,1.9,-1.7,87,66,4.6,8.3,西,13.0,西,0.7,14,97,雪一時みぞれ,雪時々曇一時晴
2025,1,31,1017.2,1017.7,6.0,1.5,0.5,-0.8,1.4,-1.9,88,66,4.5,7.8,西南西,11.8,南西,1.3,9,103,雪時々曇,雪一時晴
2025,2,1,1020.3,1020.8,9.0,2.0,1.0,-0.8,1.2,-2.0,89,73,5.1,8.8,南西,13.3,南西,2.6,15,117,雪後時々曇,曇時々雪
2025,2,2,1018.1,1018.6,0.0,0.0,0.0,-0.2,2.4,-2.3,78,63,2.8,5.7,南西,8.5,南西,0.6,--,110,雪後曇時々晴,晴時々曇
2025,2,3,1006.8,1007.3,1.5,1.0,1.0,0.0,4.7,-6.0,82,51,2.4,7.2,東南東,12.8,東南東,2.8,--,105,曇一時晴、みぞれを伴う,みぞれ一時曇後晴
2025,2,4,994.4,994.9,0.0,0.0,0.0,0.5,3.8,-3.7,78,51,7.5,12.7,西南西,19.3,西南西,3.6,1,101,雪時々みぞれ一時曇,雪時々曇
2025,2,5,993.8,994.3,1.5,0.5,0.5,-3.2,-1.2,-4.6,78,48,7.8,12.6,南西,20.0,西南西,3.6,2,101,雪時々曇,曇時々晴後雪
2025,2,6,1001.0,1001.5,0.5,0.5,0.5,-2.3,0.6,-4.7,82,59,7.9,11.1,南西,19.4,南西,3.8,2,100,雪時々曇,雪時々曇一時晴
2025,2,7,1002.2,1002.7,1.5,0.5,0.5,-3.4,-0.5,-4.3,80,49,6.2,12.0,西南西,19.7,西南西,1.4,3,102,雪時々曇,雪一時曇後晴
2025,2,8,1003.3,1003.8,0.0,0.0,0.0,-0.3,3.7,-4.1,71,51,2.7,5.8,南南西,7.5,南南西,7.6,--,101,曇一時雪後晴,曇時々晴一時雪
2025,2,9,1011.2,1011.7,3.0,1.0,0.5,-0.3,2.0,-2.1,83,60,4.5,8.7,西,13.8,西,1.3,6,102,雪時々曇,雪時々曇一時晴
2025,2,10,1013.6,1014.1,15.5,3.0,1.0,-1.8,1.1,-3.7,91,67,4.8,9.5,西,16.3,西,1.1,27,124,大雪後時々曇,雪時々曇一時晴
2025,2,11,1018.5,1019.0,5.0,1.5,1.0,-1.6,-0.2,-3.0,84,65,4.9,9.1,西北西,14.4,西北西,0.8,5,128,雪時々曇,曇時々雪
2025,2,12,1011.6,1012.1,0.5,0.5,0.5,2.5,5.0,-0.6,73,60,5.1,7.3,南南西,10.7,南南西,2.1,--,122,曇後一時雨、みぞれを伴う,みぞれ一時曇
2025,2,13,1002.9,1003.4,17.5,4.0,1.0,-0.5,2.7,-2.3,90,61,5.1,10.4,西北西,18.5,西北西,0.5,10,114,雪一時みぞれ,雪時々曇
2025,2,14,1009.6,1010.1,3.5,1.5,0.5,1.3,4.7,-1.7,71,49,7.6,13.2,西,20.8,北西,2.3 ),3,116,雪時々曇、みぞれを伴う,雪時々曇一時晴
2025,2,15,1015.3,1015.8,0.0,0.5,0.0,4.0,7.3,-0.2,56,38,5.8,10.0,西,18.3,北西,8.1,--,109,曇一時雪後晴,曇時々みぞれ後晴
2025,2,16,1008.9,1009.4,0.0,0.0,0.0,3.6,9.3,-0.4,79,54,3.2,8.3,西,12.1,西南西,5.4,--,103,晴後曇一時雨,晴後一時雪一時みぞれ
2025,2,17,1002.9,1003.4,9.5,3.0,1.0,0.8,5.9,-2.7,91,63,4.3,8.8,南西,13.7,西,1.6,10,107,みぞれ時々雨一時曇後一時雪,雪時々曇
2025,2,18,1007.7,1008.2,12.0,4.0,1.0,-3.1,-1.3,-5.2,89,72,5.2,10.9,西,18.1,西,0.8,19,123,雪,雪時々曇
2025,2,19,1010.4,1010.9,3.5,3.5,1.0,-0.6,3.9,-5.3,79,51,4.3,6.8,西北西,11.0,西,5.5,7,126,曇時々雪一時晴,曇後雪時々晴
2025,2,20,1015.8,1016.3,8.0,4.0,1.5,-1.7,0.8,-5.0,92,79,3.4,5.4,南南西,8.0,南南西,2.7,15,128,雪時々晴後曇,晴時々雪一時曇
2025,2,21,1018.3,1018.8,2.0,1.5,1.0,-1.9,0.8,-5.5,86,67,2.0,5.9,南西,7.7,南西,0.9,5,123,曇時々雪,雪一時曇後晴
2025,2,22,1017.0,1017.5,7.5,2.5,1.0,-1.9,0.4,-5.4,93,78,2.8,6.2,南西,8.9,南西,2.2,12,131,雪時々曇一時晴,雪時々曇
2025,2,23,1018.2,1018.7,18.0,4.0,1.0,-1.8,0.1,-3.9,96,81,3.3,6.2,西,10.7,西南西,1.4,24,150,雪時々曇,雪後時々晴
2025,2,24,1017.6,1018.1,0.0,0.0,0.0,-1.1,1.6,-6.4,81,71,3.9,6.3,南南西,8.7,南南西,0.9,--,148,曇時々雪,曇時々晴
2025,2,25,1018.8,1019.3,1.5,1.0,1.0,3.3,6.2,0.1,71,49,5.2,9.4,南南西,14.9,南南西,5.5,--,136,晴時々曇,雨時々曇一時晴、みぞれを伴う
2025,2,26,1011.0,1011.5,4.5,2.0,1.0,2.2,4.9,0.0,73,48,7.4,13.7,西,20.6,西,2.3,1,123,曇時々みぞれ一時雨後雪,雪時々曇
2025,2,27,1017.7,1018.2,0.5,0.5,0.5,2.2,5.4,-0.9,67,42,5.8,10.1,西,16.0,西,4.9,1,116,雪後曇時々晴,晴
2025,2,28,1016.4,1016.9,--,--,--,5.4,10.7,-1.5,68,43,5.1,9.3,南南西,14.4,南南西,9.8,--,111,晴一時曇,晴
2025,3,1,1016.5,1017.0,--,--,--,6.9,11.5,1.8,69,49,5.0,9.7,西南西,13.5,南西,8.6,--,104,晴後一時曇,晴後曇一時雨
2025,3,2,1015.3,1015.8,0.0,0.0,0.0,3.6,7.1,0.3,74,61,4.4,8.8,西,12.6,西,0.0,--,97,曇一時雨,晴一時雪後曇
2025,3,3,1021.2,1021.7,0.0 ),0.0 ),0.0 ),-0.6,2.0,-2.6,63,49,4.7,9.0,西,13.1,西南西,6.0,--,94,曇後一時晴一時雪,雪時々曇一時晴
2025,3,4,1027.4,1027.9,0.0,0.0,0.0,0.2,2.5,-2.7,67,49,2.8,6.4,東北東,9.5,東北東,2.7,--,94,曇一時雪,曇後一時雪
2025,3,5,1019.3,1019.8,0.5,0.5,0.5,2.7,4.4,0.6,80,65,4.0,7.9,東北東,11.3,東北東,0.0,--,93,みぞれ時々雪一時曇後雨,みぞれ時々雨
2025,3,6,1013.0,1013.5,1.0,1.0,0.5,3.0,5.0,1.2,86,73,4.2,8.4,東北東,11.7,東北東,1.9,--,90,みぞれ後雨時々曇,みぞれ一時雨後曇時々雪
2025,3,7,1020.4,1020.9,2.0,0.5,0.5,0.2,2.8,-1.6,82,45,4.1,9.3,西北西,14.9,西北西,2.9,6,91,雪時々曇一時晴,雪後曇時々晴
2025,3,8,1027.2,1027.7,0.0,0.0,0.0,0.8,3.9,-2.2,70,54,3.6,7.4,西南西,11.4,南西,2.5,1,91,雪一時晴後曇,曇時々晴
2025,3,9,1026.8,1027.3,4.5,3.5,1.5,2.5,7.4,-1.6,70,34,2.7,7.3,西南西,11.1,西南西,8.4,--,87,晴時々曇,みぞれ後晴時々曇
2025,3,10,1028.8,1029.3,0.5,0.5,0.5,3.1,8.0,-0.9,70,35,2.2,4.5,南南西,7.2,南西,10.8,--,83,晴,晴
2025,3,11,1021.1,1021.6,--,--,--,4.8,13.1,-3.4,68,35,2.3,5.8,西南西,8.9,西,10.7,--,80,晴,晴
2025,3,12,1016.1,1016.6,0.0,0.0,0.0,6.6,12.7,0.3,73,45,2.5,6.1,南西,7.3,南西,10.4,--,74,晴,晴後時々雨一時曇
2025,3,13,1011.1,1011.6,0.0,0.0,0.0,6.7,10.9,2.4,64,42,6.5,12.4,西,19.2,西,9.1,--,70,晴時々曇一時雨、みぞれを伴う,みぞれ時々曇
2025,3,14,1018.5,1019.0,2.5,1.0,1.0,3.3,5.7,1.0,74,50,5.8,9.9,西北西,17.0,西北西,2.6 ),2,58,みぞれ後時々雪時々雨一時曇,みぞれ時々雪
2025,3,15,1025.3,1025.8,1.5,0.5,0.5,3.0,6.3,1.0,74,49,4.1,9.5,西,13.8,西,3.2,1,55,みぞれ一時雨後曇,曇時々晴
2025,3,16,1013.3,1013.8,12.5,2.5,0.5,1.9,4.6,-1.5,83,61,5.3,10.0,北東,15.9,東北東,0.0,--,51,曇後みぞれ一時雨,みぞれ一時雨
2025,3,17,999.6,1000.1,13.5,2.0,1.0,2.0,3.4,0.8,94,74,4.1,7.0,北東,12.2,東北東,0.1,2,47,みぞれ時々雨,みぞれ後晴時々曇
2025,3,18,1013.2,1013.7,2.5,2.5,1.0,1.6,5.4,-1.4,79,41,2.0,6.7,南東,8.6,南東,6.8,2,47,晴後曇一時雪、みぞれを伴う,みぞれ一時雪後晴
2025,3,19,1013.8,1014.3,0.5,0.5,0.5,0.9,6.0,-4.0,78,60,2.5,8.2,西,12.4,西北西,6.1,2,46,曇後晴時々みぞれ一時雨,雪時々晴、みぞれを伴う
2025,3,20,1014.2,1014.7,0.5,0.5,0.5,3.4,8.2,-0.8,70,36,4.3,8.6,西南西,12.7,西南西,3.7,3,45,曇一時雪後一時晴、みぞれを伴う,晴時々雨後曇、みぞれを伴う
2025,3,21,1004.5,1005.0,1.0,1.0,1.0,7.8,11.7,2.7,72,59,5.3,10.5,南南西,16.9,南南西,4.5,--,38,雨後曇時々晴,曇時々晴
2025,3,22,999.5,1000.0,0.0,0.0,0.0,8.9,11.7,5.3,68,49,7.7,10.7,南西,17.6,南西,0.1,--,27,曇時々雨,曇時々雨一時晴
2025,3,23,1008.3,1008.8,0.0,0.0,0.0,5.4,8.7,2.4,63,45,4.4,8.6,西,14.0,西南西,5.8,--,13,曇時々晴,晴
2025,3,24,1007.4,1007.7 ),--,--,--,5.4 ),10.0 ),-1.6,73 ),35 ),2.2,4.8,北北西,6.3,南南西,8.0,--,9,晴後時々曇,曇
2025,3,25,999.3,999.8,--,--,--,11.8,17.3,8.8,73,55,3.9,7.7,南南西,12.4,南,6.5,--,2,曇時々晴,曇時々晴後雨、雷を伴う
2025,3,26,1001.9,1002.4,5.0,2.5,1.0,6.8,11.3,2.3,82,60,5.3,9.5,西南西,15.7,西,0.7,--,--,雨時々曇、雷を伴う,晴一時雨後曇
2025,3,27,1004.7,1005.2,27.5,6.0,2.0,4.7,8.1,1.4,90,61,1.8,4.5,北北東,6.8,東北東,0.0,--,--,雨時々曇,雨時々曇、霧を伴う
2025,3,28,1001.3,1001.8,7.0,2.0,1.0,6.6,9.3,4.3,88 ],69 ],3.4,7.2,西,12.8,西,0.0,--,--,雨時々曇,雨後曇時々みぞれ一時雪
2025,3,29,1015.6,1016.1,0.0,0.0,0.0,3.8,7.7,-1.4,62,33,5.2,9.9,西,14.8,西,7.5,--,--,曇時々みぞれ一時雨後晴,晴一時曇
2025,3,30,1019.1,1019.6,3.5,2.0,1.0,0.7,6.5,-3.4,74,42,4.2,12.1,南西,18.9,南西,3.6,1,1,みぞれ時々晴後曇一時雪,雪時々曇
2025,3,31,1027.4,1027.9,0.5,0.5,0.5,1.8,7.4,-2.2,63,32,3.9,7.4,西南西,13.6,西,8.4,2,2,雪時々曇後晴,晴
2025,4,1,1029.3,1029.8,0.0,0.0,0.0,4.7,11.4,-3.4,66,35,2.1,5.3,東,7.7,東,9.9,--,--,晴後一時曇,曇後時々雨
2025,4,2,1023.1,1023.6,7.0,3.0,1.0,6.0,6.9,5.0,83,71,6.0,9.5,東北東,14.9,東北東,0.0,--,--,雨,雨
2025,4,3,1014.0,1014.5,0.5,0.5,0.5,6.0,10.9,4.1,79,52,4.6,9.4,東北東,13.6,東北東,3.6,--,--,雨時々曇一時晴,雨時々曇一時晴
2025,4,4,1014.3,1014.8,1.0,0.5,0.5,5.8,7.8,3.8,82,68,3.8,6.8,西,11.5,西北西,0.0,--,--,雨時々曇,曇一時雨後晴
2025,4,5,1019.0,1019.5,--,--,--,7.0,12.4,3.5,69,45,3.6,7.0,西,9.9,西南西,5.8,--,--,曇後時々晴,曇一時晴
2025,4,6,1014.6,1015.1,1.5,1.5,1.0,7.3,13.0,2.5,84,53,2.1,5.2,北西,6.8,北北西,3.2,--,--,曇一時晴後雨,曇一時雨後晴
2025,4,7,1012.9,1013.4,1.5,1.0,0.5,8.5,13.8,5.0,78,51,4.9,9.3,西南西,13.5,西南西,2.4,--,--,曇時々雨一時晴,雨時々曇
2025,4,8,1011.0,1011.5,9.5,2.5,0.5,8.1,13.2,5.5,82,53,3.1,5.0,西南西,8.3,南南西,2.8,--,--,曇後雨一時晴,雨後時々曇一時晴
2025,4,9,1010.1,1010.6,0.5,0.5,0.5,9.1,15.4,4.7,75,46,3.8,8.3,西,12.1,西,9.9,--,--,晴,晴後時々曇
2025,4,10,1009.5,1010.0,0.5,0.5,0.5,9.5,14.9,3.9,71,37,1.7,3.7,南南東,5.9,南東,2.4,--,--,曇一時晴後一時雨,雨一時晴後曇
2025,4,11,1009.7,1010.2,1.0,1.0,0.5,10.3,15.6,7.0,84,57,2.0,5.5,北北西,7.5,北,3.0,--,--,曇時々雨,曇時々雨後晴
2025,4,12,1015.5,1016.0,--,--,--,11.5,16.2,6.8,76,51,2.3,4.6,北,6.6,北北東,10.5,--,--,晴一時曇,晴時々曇
2025,4,13,1009.6,1010.1,0.0,0.0,0.0,12.4,17.8,7.7,71,51,5.5,12.6,南東,20.0,南東,3.3,--,--,曇一時晴,雨時々曇
2025,4,14,1002.7,1003.2,8.5,2.5,0.5,10.0,12.4,5.8,87,72,4.7,8.9,東北東,13.2,東北東,0.1,--,--,雨時々曇,曇時々晴一時雨
2025,4,15,994.1,994.6,2.0,0.5,0.5,7.1,10.2,3.9,94,78,2.2,4.5,北北西,7.1,西,0.0,--,--,雨時々曇,雨時々曇
2025,4,16,997.3,997.8,6.0,2.5,0.5,8.8,14.3,5.1,70,49,7.6,12.1,西南西,18.7,西南西,3.7,--,--,雨時々曇一時晴,晴
2025,4,17,1008.8,1009.3,0.0,0.0,0.0,13.0,20.0,4.4,55,21,5.3,9.9,南西,14.6,南西,11.6,--,--,晴,晴時々雨一時曇
2025,4,18,1010.3,1010.8,8.0,5.5,2.5,10.6,15.8,8.2,89,76,1.8,6.6,南西,10.7,南西,1.0,--,--,曇時々雨、雷を伴う,雨後曇時々晴、雷を伴う
2025,4,19,1011.9,1012.4,0.0,0.0,0.0,12.6,17.0,9.3,68,43,5.2,10.2,西,14.4,西,10.0,--,--,晴時々曇,曇後時々雨
2025,4,20,1009.7,1010.2,11.5,6.0,2.0,11.8,21.6,8.3,80,43,4.8,11.8,西南西,17.7,西南西,4.0,--,--,雨時々曇一時晴,曇時々雨一時晴
2025,4,21,1016.8,1017.3,--,--,--,10.9,16.0,8.2,72,51,4.5,7.4,西,11.9,西,5.8 ),--,--,晴時々曇,晴
2025,4,22,1014.1,1014.6,--,--,--,10.7,17.0,5.6,73,50,3.5,7.9,東北東,10.2,北,11.1,--,--,晴後一時曇,曇後時々雨
2025,4,23,1005.6,1006.1,9.0,3.0,1.0,9.9,11.9,7.9,93,81,2.2,4.4,北,6.5,東北東,0.0,--,--,雨後時々曇,曇一時晴
2025,4,24,1005.6,1006.1,--,--,--,13.1,19.1,9.6,77,56,4.7,10.4,東北東,14.7,東北東,11.2,--,--,晴時々曇,曇
2025,4,25,1006.8,1007.3,8.5 ),4.0 ),2.0 ),9.6,12.4,6.6,88,77,3.2,6.6,西南西,11.1,西南西,0.1,--,--,雨時々曇,曇一時雨後晴
2025,4,26,1010.1,1010.6,0.5,0.5,0.5,10.3,16.1,4.9,55,29,5.7,12.5,南西,21.9,西南西,8.1,--,--,晴後曇一時雨、雷を伴う,晴後曇時々雨
2025,4,27,1009.1,1009.6,20.5,5.0,1.5,12.7,18.6,9.3,64,24,5.4,11.1,南西,17.5,南西,0.7,--,--,曇後時々雨,雨後曇
2025,4,28,1009.1,1009.6,0.5,0.5,0.5,10.7,14.7,8.8,82,63,3.7,7.5,東北東,11.5,東北東,1.8,--,--,曇一時晴後一時雨,雨時々曇
2025,4,29,1001.4,1001.9,17.0,4.5,1.5,8.1,9.9,7.4,93,85,3.2,8.1,東北東,11.4,東北東,0.0,--,--,雨,雨後時々曇
2025,4,30,1015.3,1015.8,1.0,1.0,0.5,8.8,11.9,6.3,83,69,5.0,8.9,西南西,13.9,西南西,0.8,--,--,雨時々曇,雨時々曇後晴
2025,5,1,1019.8,1020.3,--,--,--,10.5,17.8,3.5,80,60,3.0,6.5,北北西,8.7,北北西,13.0,--,--,晴,曇時々晴
2025,5,2,1009.6,1010.1,0.0,0.0,0.0,14.7,24.5,8.2,74,35,3.3,9.8,南東,15.7,南,5.9,--,--,曇時々晴一時雨,雨時々曇
2025,5,3,1006.0,1006.5,1.5,1.5,1.0,14.4,19.0,11.3,58,37,4.8,9.6,南西,14.3,南西,7.1,--,--,晴一時雨後曇,曇後時々雨
2025,5,4,1003.6,1004.1,4.5,2.0,1.0,12.3,15.9,9.3,72,53,3.9,9.8,南南西,14.9,南西,3.9,--,--,雨時々曇一時晴,雨時々晴一時曇、雷を伴う
2025,5,5,1009.5,1010.0,1.0,0.5,0.5,12.8,18.8,8.8,67,38,5.1,9.4,南西,13.8,南西,5.6,--,--,曇時々晴一時雨,曇
2025,5,6,1009.5,1010.0,--,--,--,11.8,15.4,9.1,71,50,3.0,7.5,東北東,10.0,東北東,1.0,--,--,曇,曇時々晴後雨
2025,5,7,1007.4,1007.9,4.5,2.0,0.5,10.4,12.7,7.6,91,74,4.1,7.8,北北東,10.6,北北東,1.3,--,--,雨後時々曇,晴
2025,5,8,1019.5,1020.0,--,--,--,14.0,22.1,4.9,56,22,3.3,7.8,北西,11.3,北西,13.4,--,--,晴,晴
2025,5,9,1019.3,1019.8,--,--,--,13.7,19.2,6.3,60,32,2.4,5.6,北西,6.9,北西,11.5,--,--,晴後一時曇,曇後一時雨
2025,5,10,999.0,999.5,0.0,0.0,0.0,14.6,19.3,12.0,83,63,2.8,10.2,南西,15.7,南西,1.3,--,--,雨時々曇,晴時々雨一時曇
2025,5,11,998.2,998.7,0.0,0.0,0.0,14.4,16.6,11.2,73,60,5.4,9.9,南西,14.7,南西,0.6,--,--,曇後時々雨,曇一時雨
2025,5,12,1007.9,1008.4,1.0,1.0,0.5,13.0,17.1,9.3,79,59,2.8,6.5,南西,9.1,南西,0.4,--,--,雨時々曇,晴時々曇
2025,5,13,1015.4,1015.9 ),--,--,--,16.3 ),23.8 ),9.4 ),68 ),38 ),3.2,8.0,南南西,11.5,南西,12.0 ),--,--,晴,晴後一時曇
2025,5,14,1019.4,1019.9,--,--,--,15.5,21.3,9.0,64,43,1.7,4.4,北北西,6.3,北西,8.6,--,--,曇時々晴,晴時々曇
2025,5,15,1018.4,1018.9,--,--,--,15.1,19.3,9.2,74,59,1.9,4.5,南西,5.8,北西,8.3,--,--,曇時々晴,曇後晴一時雨
2025,5,16,1017.4,1017.9,0.0,0.0,0.0,21.0,28.7,14.6,62,39,3.8,8.0,南西,11.8,南西,11.1,--,--,晴時々曇一時雨,曇時々晴
2025,5,17,1007.6,1008.1,2.5,1.5,0.5,16.6,21.0,14.5,88,70,1.8,4.8,北西,7.3,西北西,1.5,--,--,曇後時々雨,曇時々晴一時雨
2025,5,18,1003.8,1004.3,--,0.5,0.0,17.5,23.9,9.1,70,46,6.4,12.8,南南西,20.9,南西,5.3,--,--,曇時々晴,晴
2025,5,19,1009.7,1010.2,0.0,0.0,0.0,14.5,21.2,7.5,57,28,3.3,6.3,北北東,9.4,南西,10.5,--,--,晴後一時曇,曇時々雨
2025,5,20,1007.2,1007.7,3.5,2.5,0.5,16.7,21.6,12.6,58,22,4.9,11.6,西,17.2,西,7.5,--,--,曇一時雨後晴,曇時々晴後雨
2025,5,21,1009.4,1009.9,14.5,5.0,1.5,12.9,15.5,10.4,89,58,2.4,5.5,北北西,7.5,北西,0.9,--,--,雨時々曇,雨時々曇、雷を伴う
2025,5,22,1006.0,1006.5,3.0,2.0,0.5,13.8,18.9,11.8,86,59,3.0,6.1,北北東,8.3,北北東,6.2,--,--,雨時々曇後晴,晴
2025,5,23,1014.3,1014.8,--,--,--,13.9,18.8,10.2,71,49,3.6,6.3,北西,9.2,西北西,9.7,--,--,晴後時々曇,曇時々晴
2025,5,24,1014.9,1015.4,0.5,0.5,0.5,14.0,17.7,9.9,80,68,2.2,5.8,東,9.9,東,0.0,--,--,曇後一時雨,雨一時曇
2025,5,25,1005.7,1006.2,16.0,3.5,1.0,12.0,14.2,9.8,87,68,5.6,11.7,東北東,16.5,東北東,0.0,--,--,雨時々曇,雨時々曇
2025,5,26,1016.1,1016.6,3.0,2.0,1.0,13.5,17.2,10.2,78,58,5.3,9.4,西,14.0,西南西,5.3,--,--,雨後曇時々晴,晴時々曇
2025,5,27,1022.1,1022.6,--,--,--,14.1,18.7,9.2,77,55,2.4,5.8,北,7.6,北,13.8,--,--,晴,曇時々晴
2025,5,28,1019.5,1020.0,--,--,--,15.0,20.7,9.9,74,51,1.8,4.5,北,6.6,北,11.1,--,--,晴時々曇,晴
2025,5,29,1016.9,1017.4,--,--,--,18.3,25.5,10.6,46,25,3.3,6.9,北西,10.1,北西,14.2,--,--,晴,曇時々晴
2025,5,30,1012.9,1013.4 ),--,--,--,16.7 ),22.4 ),11.9 ),65 ),39 ),2.0,4.1,北西,5.8,北西,5.9,--,--,曇時々晴,曇後時々雨
2025,5,31,1010.4,1010.9,0.0,0.0,0.0,13.1,17.5,9.1,82,67,6.0,10.9,東北東,15.0,東北東,0.6,--,--,曇時々雨,雨時々曇
2025,6,1,1005.4,1005.9,0.0,0.0,0.0,14.3,20.2,9.0,68,43,4.6,8.6,東北東,13.6,東北東,12.0,--,--,晴時々曇,曇時々晴
2025,6,2,1005.8,1006.3,--,--,--,16.5,22.3,13.2,72,49,4.6,9.3,北西,12.1,北西,8.4,--,--,晴時々曇,晴一時曇
2025,6,3,1001.4,1001.9,0.0,0.0,0.0,15.6,22.9,10.5,81,57,2.9,7.2,東北東,10.4,東北東,6.5,--,--,曇時々晴,雨時々曇
2025,6,4,996.7,997.2,1.0,0.5,0.5,17.7,23.9,12.7,72,42,5.5,12.5,南西,20.0,南西,4.9,--,--,曇時々晴一時雨,晴後雨時々曇
2025,6,5,1004.5,1005.0,4.0,4.0,3.0,16.9,20.2,14.4,74,57,5.5,8.4,南西,13.3,西南西,2.2,--,--,曇時々雨,晴後時々曇
2025,6,6,1008.8,1009.3,--,--,--,22.5,28.8,16.9,44,24,6.0,9.5,南南西,14.1,南南西,11.9,--,--,晴一時曇,晴時々曇
2025,6,7,1006.8,1007.3,--,--,--,23.6,29.0,18.2,48,31,5.5,12.0,南南西,18.5,南西,9.7,--,--,晴後時々曇,曇時々晴
2025,6,8,1008.9,1009.4,--,--,--,19.7,25.5,15.2,68,40,2.7,7.4,北西,10.7,北西,9.2,--,--,曇後晴,晴
2025,6,9,1011.1,1011.6,--,--,--,19.3,28.0,12.9,70,42,2.4,5.3,北,6.7,北西,14.3,--,--,晴,晴時々曇
2025,6,10,1007.5,1008.0,--,--,--,20.5,28.8,15.4,75,48,2.2,6.6,北西,8.9,西北西,8.9,--,--,晴時々曇,曇
2025,6,11,1004.9,1005.4,4.0,4.0,3.0,19.6,25.7,16.7,84,63,3.2,9.3,西,14.9,西北西,0.8,--,--,曇時々雨,曇一時晴後雨
2025,6,12,1014.1,1014.6,0.5,0.5,0.5,16.6,19.4,15.6,82,70,5.2,10.0,西南西,15.0,西南西,0.7,--,--,雨時々曇,曇後時々晴
2025,6,13,1017.5,1018.0,--,--,--,17.8,22.7,13.1,78,58,2.4 ),5.2 ),北 ),7.1 ),北 ),14.1,--,--,晴,曇時々晴
2025,6,14,1009.0,1009.5,0.0,0.0,0.0,18.2,22.8,14.0,85,68,1.7,3.5,北北西,5.0,北北西,5.4,--,--,曇一時晴後一時雨,雨後曇時々晴
2025,6,15,1000.1,1000.6,0.0,0.0,0.0,20.0,22.7,17.7,86,75,2.2,5.3,北,7.2,北北西,6.0,--,--,曇時々晴,曇後雨時々晴
2025,6,16,1001.6,1002.1,0.0,0.0,0.0,20.6,23.0,18.6,87,73,2.8,6.6,北北東,8.4,北,5.3,--,--,曇後晴時々雨,雨時々曇
2025,6,17,1004.4,1004.9,6.5,4.5,1.5,25.2,30.4,18.2,70,52,6.1,11.5,南南西,15.9,南南西,12.1,--,--,晴,晴
2025,6,18,1010.9,1011.4,--,--,--,23.6,27.9,19.4,73,56,4.5,7.3,北西,11.2,南西,8.9,--,--,晴時々曇,曇時々晴
2025,6,19,1014.5,1015.0,--,--,--,22.4,26.8,18.5,84,67,2.3,4.9,北,7.2,北,11.5,--,--,晴,晴時々曇
2025,6,20,1013.9,1014.4,--,--,--,21.8,24.1,19.4,87,77,2.0,4.6,北北西,6.2,北北西,8.6,--,--,晴一時曇,曇時々晴
2025,6,21,1007.6,1008.1,0.0,0.0,0.0,24.9,32.2,19.7,75,48,2.9,7.0,南南西,10.8,南西,3.3,--,--,曇後一時雨,曇時々雨
2025,6,22,1003.3,1003.8,35.5,12.0,3.0,22.5,27.7,20.2,88,59,2.9,8.5,南南西,12.7,南南西,0.0,--,--,大雨,曇一時雨
2025,6,23,1008.3,1008.8,--,--,--,21.3,25.3,17.9,87,72,1.9,5.2,北西,7.8,北西,1.7 ),--,--,曇,晴時々曇
2025,6,24,1013.3,1013.8,--,--,--,21.9,29.2,15.7,75,43,2.2,6.6,北,8.5,北,11.2,--,--,晴一時曇,晴
2025,6,25,1013.3,1013.8,0.0,0.0,0.0,22.3,26.3,17.9,80,68,2.0,4.8,北西,7.3,北西,8.8,--,--,曇時々晴,曇時々雨一時晴
2025,6,26,1006.8,1007.3,63.0,31.5,15.0,22.6,24.6,21.3,93,81,2.2,6.2,西北西,9.6,西北西,0.1,--,--,曇後時々大雨,大雨時々曇一時晴
2025,6,27,1004.1,1004.6,8.0,7.0,2.0,22.0,25.9,20.1,86,70,4.7,8.0,西南西,14.2,西南西,1.2,--,--,曇時々雨,晴時々曇
2025,6,28,1006.9,1007.4,--,--,--,23.1,28.4,19.2,75,52,4.0,7.9,南西,10.2,南西,12.7,--,--,晴一時曇,晴
2025,6,29,1009.1,1009.6,--,--,--,23.3,27.6,18.4,80,59,3.3,8.9,北西,11.6,北西,10.7,--,--,晴後一時曇,曇
2025,6,30,1010.3,1010.8,0.0,0.0,0.0,23.9,26.9,21.2,83,66,1.7,3.9,北,5.3,北,0.6,--,--,曇一時雨,雨時々曇
2025,7,1,1011.6,1012.1,1.5,1.0,0.5,25.0,30.8,22.0,85,58,2.1,7.2,南西,10.0,南西,1.3,--,--,曇一時晴後雨,曇時々雨、霧を伴う
2025,7,2,1012.4,1012.9,0.0,0.0,0.0,24.3,28.6,21.9,90,73,2.0,5.0,北西,6.8,北西,2.6,--,--,曇一時雨後時々晴,曇時々晴
2025,7,3,1009.8,1010.3,2.0,2.0,1.5,26.0,31.2,22.3,84,65,1.9,7.3,北北西,9.8,北北西,8.9,--,--,晴時々曇後雨,曇時々晴
2025,7,4,1005.1,1005.6,6.5,3.0,1.5,26.8,30.9,23.2,77,63,4.3,9.2,南西,13.1,南西,0.7,--,--,雨時々曇,雨時々曇
2025,7,5,1002.3,1002.8,15.0,10.5,4.5,25.1,29.6,22.8,87,68,3.5,7.1,南南西,11.2,南南西,4.1,--,--,雨後曇時々晴,晴、霧を伴う
2025,7,6,1001.7,1002.2,0.0,0.0,0.0,26.4,32.1,21.2,79,57,3.7,7.1,南南西,11.5,南南西,4.7,--,--,曇時々晴一時雨,晴時々曇
2025,7,7,1004.7,1005.2,--,--,--,26.7,30.9,24.5,82,64,3.3,7.2,南南西,10.3,南南西,2.5,--,--,曇一時晴,曇時々晴
2025,7,8,1008.9,1009.4,--,--,--,27.3,34.2,21.4,65,30,3.0,6.7,北西,10.4,西北西,14.3,--,--,晴,晴
2025,7,9,1011.3,1011.8,--,--,--,24.5,30.3,19.3,69,54,3.2,6.5,北北西,8.7,北北西,13.3,--,--,晴,晴一時曇
2025,7,10,1014.4,1014.9,--,--,--,23.0,27.8,19.1,68,51,6.5,9.2,東北東,12.9,東北東,13.2,--,--,晴,晴
2025,7,11,1016.5,1017.0,--,--,--,20.7,25.8,16.8,70,51,5.8,9.0,東北東,12.6,東北東,13.9,--,--,晴,晴後一時曇
2025,7,12,1011.9,1012.4,--,--,--,20.3,26.3,15.2,74,52,3.0,7.0,北,9.7,北,13.3,--,--,晴,晴
2025,7,13,1006.1,1006.6,--,--,--,21.6,26.7,16.3,79,64,2.5,4.9,北,6.9,北北東,12.7,--,--,晴,晴後一時曇
2025,7,14,1000.3,1000.8,0.0,0.0,0.0,24.2,34.1,17.4,80,50,3.3,8.7,東北東,13.2,東北東,10.7,--,--,晴一時雨後曇,曇時々晴一時雨
2025,7,15,1002.7,1003.2,0.5,0.5,0.5,24.1,27.2,22.2,92,79,1.5,3.5,北西,4.7,西北西,0.2,--,--,雨時々曇,曇時々雨
2025,7,16,1009.7,1010.2,17.5,15.0,5.0,27.2,34.4,23.3,82,46,2.6,7.3,南南西,11.5,南南西,5.3,--,--,雨後晴時々曇,晴時々曇
2025,7,17,1013.0,1013.5,0.0,0.0,0.0,28.3,36.0,24.0,76,46,2.0,6.7,南南西,10.2,南,6.4 ),--,--,晴時々曇,曇時々雨
2025,7,18,1014.0,1014.5,0.0,0.0,0.0,29.2,34.7,25.1,68,48,2.7,6.9,南西,9.6,南南西,2.3,--,--,曇時々雨,曇
2025,7,19,1014.5,1015.0,--,--,--,28.4,33.4,24.9,66,51,2.2,6.7,西北西,10.1,西北西,5.8,--,--,曇時々晴,曇後一時晴
2025,7,20,1014.3,1014.8,--,--,--,29.1,34.9,23.1,65,44,3.7,9.7,西南西,14.8,南西,8.0,--,--,晴時々曇,晴
2025,7,21,1013.8,1014.3,0.0,0.0,0.0,30.2,34.7,25.9,61,45,5.1,9.6,南西,15.0,南西,8.7,--,--,晴後曇一時雨,晴一時曇
2025,7,22,1012.4,1012.9,--,--,--,30.3,34.9,26.4,63,48,5.2,9.8,南西,14.8,南西,7.5,--,--,曇時々晴,曇時々晴一時雨
2025,7,23,1011.3,1011.8,0.0,0.0,0.0,29.4,33.5,26.8,69,52,3.6,8.6,西北西,12.8,西北西,7.9,--,--,曇一時雨後晴,晴後時々曇
2025,7,24,1010.6,1011.1,--,--,--,29.2,34.1,25.2,72,54,3.4,7.8,北西,11.3,北西,11.6,--,--,晴一時曇,晴
2025,7,25,1011.4,1011.9,--,--,--,28.2,34.2,23.5,63,37,3.2,6.5,北西,12.1,南西,12.7,--,--,晴,曇時々晴
2025,7,26,1010.0,1010.5,0.0,0.0,0.0,27.4,33.5,22.2,66,47,2.1,5.4,南西,8.0,南西,1.4,--,--,曇時々雨,曇時々雨
2025,7,27,1005.7,1006.2,0.0,0.0,0.0,29.2,33.2,26.9,66,54,4.5,7.8,西南西,12.6,西南西,0.5,--,--,曇一時雨,曇後一時晴
2025,7,28,1003.5,1004.0,0.0,0.0,0.0,29.3,34.2,24.9,67,45,3.0,7.1,北西,10.2,北西,7.7,--,--,曇一時雨後晴,晴後一時曇
2025,7,29,1003.1,1003.6,--,--,--,28.5,33.7,24.0,71,51,2.9,6.9,北,9.1,北,8.4,--,--,晴時々曇,晴
2025,7,30,1004.5,1005.0,--,--,--,26.8,31.7,23.5,80,63,3.3,7.6,北,10.5,北,13.0,--,--,晴,晴後時々曇
2025,7,31,1005.4,1005.9,--,--,--,27.1,32.6,23.3,79,57,2.6,6.5,東北東,8.5,東北東,10.5,--,--,晴時々曇,曇一時晴
2025,8,1,1004.1,1004.6,--,--,--,27.2,34.1,22.8,76,51,3.5,8.3,北北東,11.5,北北東,12.5,--,--,晴,晴後時々曇
2025,8,2,1001.0,1001.5,--,--,--,27.2,31.1,24.2,85,71,3.1,6.6,北北西,8.8,北北西,9.3,--,--,晴時々曇,晴後時々曇
2025,8,3,1003.2,1003.7,--,--,--,28.1,32.7,25.4,78,55,2.4,5.7,北,8.0,南西,8.6,--,--,晴一時曇,曇時々晴
2025,8,4,1004.2,1004.7,0.0,0.0,0.0,27.3,31.7,24.3,82,65,2.2,5.3,北西,6.9,北西,4.4,--,--,曇時々晴,曇時々大雨、雷を伴う
2025,8,5,1002.5,1003.0,67.5,48.0,17.5,25.6,30.5,22.1,87,64,2.7,8.0,北北西,12.2,北西,1.5,--,--,雨後時々曇、雷を伴う,曇一時晴
2025,8,6,1001.1,1001.6,21.5,14.0,7.0,25.6,28.6,23.1,84,67,2.3,4.6,西南西,6.9,南西,0.0,--,--,雨時々曇,雨時々曇
2025,8,7,995.3,995.8,25.0,15.0,4.0,23.5,26.2,22.4,93,70,2.0,7.1,南,10.9,南,1.3,--,--,雨時々曇、雷を伴う,曇時々晴後雨、雷を伴う
2025,8,8,1000.0,1000.5,5.5,1.5,1.0,23.7,28.2,20.4,83,58,3.8,6.9,西南西,10.3,西北西,4.3,--,--,雨時々曇一時晴、雷を伴う,晴時々雨後曇、雷を伴う
2025,8,9,1005.9,1006.4,14.5,14.5,8.5,24.1,30.6,19.1,79,50,2.5,5.5,北北東,7.0,北北東,8.7,--,--,晴後雨時々曇,曇時々晴
2025,8,10,1003.9,1004.4,--,--,--,24.4,28.9,20.0,84,70,1.9,5.7,北北西,8.1,北北西,5.7,--,--,曇時々晴,晴時々曇
2025,8,11,1004.1,1004.6,0.0,0.0,0.0,26.4,30.6,22.5,78,55,2.1,5.7,北,7.3,北,7.5,--,--,晴後曇一時雨,曇
2025,8,12,1009.8,1010.3,--,--,--,27.2,32.3,24.2,74,47,2.8,6.0,西,9.7,西北西,4.4,--,--,曇後一時晴,晴
2025,8,13,1016.8,1017.3,--,--,--,26.0,30.4,22.2,71,50,2.6,4.8,北北東,6.5,北北東,12.5,--,--,晴,曇時々晴
2025,8,14,1014.9,1015.4,0.0,0.0,0.0,25.5,29.6,20.0,74,61,1.9,4.9,北西,6.0,南南西,4.9,--,--,曇時々晴,曇後晴時々雨
2025,8,15,1012.4,1012.9,4.0,4.0,2.5,26.9,31.3,23.1,73,49,4.5,8.0,西,11.7,南西,10.2,--,--,晴時々雨一時曇,晴
2025,8,16,1013.7,1014.2,--,--,--,25.7,32.8,19.1,61,29,2.4,6.7,北西,9.8,北西,11.7,--,--,晴後一時曇,曇時々晴
2025,8,17,1009.9,1010.4,31.5,31.5,13.0,25.8,33.1,20.0,72,37,4.3,11.3,南西,16.7,南西,7.3,--,--,晴後大雨時々曇、雷を伴う,曇一時雨後晴
2025,8,18,1013.9,1014.4,--,--,--,25.7,31.7,21.5,71,41,3.4,6.7,北西,10.0,北西,9.1 ),--,--,晴時々曇,曇時々晴
2025,8,19,1008.7,1009.2,0.0,0.0,0.0,26.8,31.9,21.1,71,56,4.1,8.9,南西,13.1,南南西,6.2,--,--,曇後晴一時雨,曇一時晴後時々雨、雷を伴う
2025,8,20,1006.8,1007.3,50.5,12.0,10.5,25.7,30.7,21.1,85,63,3.5,6.8,北西,9.9,西,0.1,--,--,雨時々曇、雷を伴う,大雨時々曇、雷を伴う
2025,8,21,1008.7,1009.2,12.0,12.0,4.5,26.0,30.8,21.1,76,52,4.4,8.6,西,12.9,西南西,10.8,--,--,晴時々曇,曇時々晴
2025,8,22,1010.5,1011.0,--,--,--,24.9,28.7,20.4,75,55,2.2,4.9,北北東,6.4,北北東,5.2,--,--,曇時々晴,曇
2025,8,23,1007.8,1008.3,0.0,0.0,0.0,28.6,33.5,22.9,74,53,4.2,9.3,西南西,13.4,西南西,2.3,--,--,曇時々晴,雨時々曇後晴
2025,8,24,1012.4,1012.9,--,--,--,26.3,29.8,22.9,74,46,2.4,5.6,北北東,7.3,北北東,12.0,--,--,晴,晴
2025,8,25,1013.4,1013.9,--,--,--,25.9,30.8,20.5,78,58,2.5,5.9,北西,8.1,北西,9.9,--,--,晴後一時曇,晴
2025,8,26,1008.7,1009.2,0.5,0.5,0.5,28.3,35.2,23.8,77,51,3.6,8.6,南南西,11.6,南南西,6.5,--,--,曇時々晴後雨、雷を伴う,曇時々雨、雷を伴う
2025,8,27,1005.8,1006.3,3.0,1.5,1.5,26.2,30.6,22.5,79,56,4.4,9.3,西,14.7,西,3.9,--,--,曇後雨時々晴、雷を伴う,雨時々曇後晴
2025,8,28,1013.8,1014.3,0.0,0.0,0.0,24.2,29.0,19.1,74,49,2.3,4.6,北西,6.9,西北西,6.4,--,--,曇時々晴,曇一時雨
2025,8,29,1013.2,1013.7,18.5,6.0,3.0,22.3,26.5,19.9,84,58,2.0,5.0,東北東,7.6,北東,0.0,--,--,雨時々曇,雨後一時晴、雷を伴う
2025,8,30,1011.3,1011.8,15.0,14.0,6.0,25.2,31.3,20.7,81,59,3.8,10.1,西,15.4,西,5.2,--,--,晴後曇一時雨,晴時々曇一時雨
2025,8,31,1013.3,1013.8,0.0,0.0,0.0,25.3,30.0,22.2,76,57,2.1,5.4,北,6.9,北,7.7,--,--,曇一時雨後晴,晴後時々曇
2025,9,1,1008.2,1008.7,4.0,4.0,2.0,26.3,33.1,21.5,81,57,2.4,7.5,南南西,11.3,南西,3.1,--,--,曇後一時雨,曇時々晴一時雨、雷を伴う
2025,9,2,1005.4,1005.9,24.0,16.0,14.5,25.3,27.0,22.2,89,77,3.7,9.1,西北西,17.8,北西,0.5,--,--,雨時々曇、雷を伴う,曇時々雨、雷を伴う
2025,9,3,1011.1,1011.6,0.0,0.0,0.0,25.1,29.1,20.9,75,50,4.1,7.8,西,11.5,南西,5.4,--,--,晴一時雨後曇,晴時々曇
2025,9,4,1014.3,1014.8,--,--,--,24.2,30.2,18.7,73,45,2.7,5.4,東,7.5,東,8.7,--,--,曇時々晴,曇後一時雨
2025,9,5,1008.3,1008.8,0.0,0.0,0.0,24.6,30.3,21.4,81,58,2.7,6.7,北北東,9.0,北北東,7.4,--,--,曇一時雨後晴、雷を伴う,晴
2025,9,6,1008.8,1009.3,--,--,--,24.2,29.3,18.9,77,49,2.3,5.2,北西,7.3,西北西,11.7,--,--,晴,晴時々曇
2025,9,7,1004.5,1005.0,3.0,3.0,2.0,24.6,29.1,20.8,79,64,3.9,8.6,南南西,13.2,南南西,1.2,--,--,雨時々曇,曇時々雨
2025,9,8,1009.4,1009.9,--,--,--,24.2,29.8,20.1,76,49,2.2,4.7,北,7.1,西,9.8,--,--,晴時々曇,曇時々晴
2025,9,9,1011.9,1012.4,0.0,0.0,0.0,23.5,27.7,19.6,75,58,1.7 ),3.9 ),北北東 ),5.2 ),北北東 ),0.8,--,--,曇後一時雨,曇時々雨
2025,9,10,1014.4,1014.9,0.0,0.0,0.0,23.9,26.7,21.6,78,59,2.3,4.6,北北東,6.3,北北東,1.5,--,--,曇後一時雨,雨時々曇
2025,9,11,1016.1,1016.6,2.0,1.0,0.5,22.9,27.0,19.2,82,64,2.5,5.3,東北東,7.1,東北東,7.2,--,--,曇一時雨後晴,晴
2025,9,12,1018.3,1018.8,--,--,--,22.6,30.4,16.2,74,38,2.6,6.3,東北東,8.4,東北東,11.9,--,--,晴,晴後時々曇
2025,9,13,1008.8,1009.3,14.5,4.5,1.5,22.5,27.9,17.8,86,68,2.7,14.3,南南西,22.7,南南西,1.0,--,--,雨時々曇,雨時々曇
2025,9,14,1008.9,1009.4,3.5,2.5,2.5,23.3,27.5,18.8,74,50,5.5,11.4,南南西,18.4,南西,6.5,--,--,曇時々雨後晴,晴時々曇
2025,9,15,1014.0,1014.5,--,--,--,23.4,29.6,15.7,69,45,2.5,5.6,西,8.1,西南西,10.6,--,--,晴,晴
2025,9,16,1012.6,1013.1,0.0,0.0,0.0,25.2,31.5,21.5,68,32,3.5,7.6,西南西,10.7,南西,10.3,--,--,晴,曇一時晴後雨
2025,9,17,1007.2,1007.7,4.5,2.5,2.0,24.0,29.0,20.6,79,64,3.4,8.0,西,12.8,西,3.3,--,--,雨後曇時々晴,雨時々曇
2025,9,18,1011.2,1011.7,5.5,2.0,0.5,20.1,25.8,15.7,76,48,3.1,7.4,西北西,11.1,西北西,5.7,--,--,雨後晴一時曇,晴時々曇
2025,9,19,1019.1,1019.6,--,--,--,18.5,23.9,13.1,65,27,2.1,4.2,北北東,5.9,北北東,11.3 ),--,--,晴,曇時々晴
2025,9,20,1009.4,1009.9,21.5,6.0,3.5,17.9,24.6,14.2,83,59,2.6,13.8,南南西,21.9,南南西,0.3,--,--,雨時々曇,雨時々曇一時晴
2025,9,21,1009.3,1009.8,0.5,0.5,0.5,20.1,24.5,16.5,68,47,6.1,12.2,西,18.7,西,10.5,--,--,晴一時雨,晴
2025,9,22,1021.3,1021.8,--,--,--,18.3,24.6,13.3,66,36,2.4,5.7,北西,8.3,北西,10.1,--,--,晴,曇時々晴
2025,9,23,1022.9,1023.4,--,--,--,18.9,25.8,13.0,67,41,2.5,6.8,東,9.4,東,10.2,--,--,晴一時曇,晴
2025,9,24,1021.0,1021.5,--,--,--,19.8,25.9,12.3,69,43,2.1,4.8,北北西,6.4,北北西,9.2,--,--,晴後一時曇,曇時々晴一時雨
2025,9,25,1013.4,1013.9,12.5,6.0,2.0,20.6,25.2,16.9,85,77,2.7,8.0,南南西,12.4,南南西,0.1,--,--,雨時々曇,晴一時曇後時々雨
2025,9,26,1013.7,1014.2,0.5,0.5,0.5,21.7,27.3,17.6,73,47,4.8,9.8,西,15.4,西,9.3,--,--,晴時々雨一時曇,雨時々晴後曇
2025,9,27,1015.6,1016.1,0.5,0.5,0.5,20.5,25.4,17.2,70,47,4.1,8.1,西北西,12.9,西北西,7.4,--,--,晴一時雨,晴
2025,9,28,1012.8,1013.3,0.0,0.0,0.0,21.2,26.4,16.2,67,46,3.3,6.3,南南西,9.3,南西,8.6,--,--,曇時々晴,曇時々雨
2025,9,29,1004.8,1005.3,19.0,7.0,1.5,18.2,21.1,15.7,88,75,2.4,4.3,南南西,6.1,南西,2.1,--,--,雨後曇時々晴、雷を伴う,晴
2025,9,30,1011.4,1011.9,0.0,0.0,0.0,19.9,26.5,14.1,76,42,2.6,5.0,北西,6.8,南西,10.2,--,--,晴一時雨,曇一時晴
2025,10,1,1012.4,1012.9,--,--,--,19.2,23.5,15.5,82,65,1.6,3.1,北北東,4.1,北,0.8,--,--,曇、雷を伴う,曇後一時雨、雷を伴う
2025,10,2,1015.0,1015.5,12.5,9.5,5.5,19.6,25.9,16.6,83,46,3.1,11.3,北西,17.3,北西,6.2,--,--,晴時々雨一時曇、雷を伴う,晴一時雨、雷を伴う
2025,10,3,1021.6,1022.1,--,--,--,20.3,26.9,15.6,73,40,3.2,5.6,西南西,9.2,北西,10.5,--,--,晴,晴
2025,10,4,1018.5,1019.0,--,--,--,20.0,28.4,12.4,70,43,2.6,8.0,東北東,10.5,東北東,11.1,--,--,晴,曇時々晴一時雨
2025,10,5,1011.9,1012.4,10.0,4.0,2.5,20.2,22.9,17.6,90,73,1.7,5.3,北北西,7.5,北西,0.0,--,--,雨時々曇,雨時々曇一時晴
2025,10,6,1016.2,1016.7,1.5,1.5,0.5,18.8,21.2,15.4,68,48,3.6,8.5,北北西,12.5,北北西,4.7,--,--,曇時々晴,曇後一時晴
2025,10,7,1019.8,1020.3,--,--,--,18.6,23.8,13.8,65,44,2.6,6.8,東北東,8.9,東北東,9.2,--,--,晴時々曇,曇後時々雨
2025,10,8,1013.6,1014.1,0.5,0.5,0.5,19.0,24.1,15.8,69,48,3.8,8.2,西,12.3,西北西,4.4,--,--,雨後晴時々曇,晴時々曇一時雨
2025,10,9,1019.4,1019.9,--,--,--,15.0,19.3,10.8,63,39,2.9,6.3,北西,9.1,北西,7.2,--,--,晴時々曇,晴後時々曇
2025,10,10,1021.2,1021.7,0.0,0.0,0.0,13.3,18.2,8.9,69,42,2.6,5.8,西,9.6,西南西,1.1,--,--,曇一時雨,曇一時晴
2025,10,11,1020.4,1020.9,0.0,0.0,0.0,13.1,16.5,8.9,63,43,3.1,6.1,東北東,8.6,東北東,0.2,--,--,曇,×
2025,10,12,1011.7,1012.2,0.0,0.0,0.0,16.5,19.1,13.2,76,65,1.8,3.7,西北西,6.5,東南東,0.0,--,--,曇時々雨,×
2025,10,13,1015.2,1015.7,0.0,0.0,0.0,17.0,21.0,12.7,75,55,3.0,5.9,北北東,8.0,北北東,5.1,--,--,曇後時々晴,曇時々晴
2025,10,14,1020.1,1020.6,--,--,--,14.9,21.6,10.6,77,51,2.3,5.8,東北東,7.4,東北東,5.7,--,--,曇時々晴,晴
2025,10,15,1023.1,1023.6,--,--,--,15.2,21.5,9.9,76,51,2.8,5.9,西,9.0,西,9.2,--,--,晴,曇時々晴
2025,10,16,1019.7,1020.2,1.0,0.5,0.5,14.4,17.8,11.3,86,59,2.1,6.3,東北東,9.4,東北東,0.0,--,--,雨時々曇,雨後曇時々晴
2025,10,17,1022.3,1022.8,0.0,0.0,0.0,16.4,21.5,12.6,81,54,2.2,5.4,西北西,7.4,西北西,6.8,--,--,晴一時雨後時々曇,曇時々晴
2025,10,18,1014.9,1015.4,20.5,5.5,1.5,14.8,19.4,11.8,91,71,2.5,8.1,西,12.6,西,0.8,--,--,雨時々曇,雨時々曇
2025,10,19,1021.9,1022.4,0.0,0.0,0.0,11.7,14.9,7.8,65,46,4.3,7.3,西,11.9,西南西,3.4,--,--,曇一時雨後一時晴,曇一時晴
2025,10,20,1022.3,1022.8,3.0,2.0,1.0,9.4,11.8,6.8,74,52,3.4,7.1,北北西,13.2,北北西,0.3,--,--,雨後曇,雨時々曇
2025,10,21,1027.0,1027.5,1.5,0.5,0.5,8.4,11.5,6.3,82,65,2.8,5.0,南西,7.4,南南西,2.1,--,--,雨時々曇,曇時々雨
2025,10,22,1029.7,1030.2,2.0,1.5,1.0,8.5,11.6,5.7,84,66,2.4,4.5,西南西,6.3,西南西,0.6,--,--,曇時々雨,曇時々晴
2025,10,23,1029.6,1030.1,0.0 ),0.0 ),0.0 ),8.7,13.8,5.2,74,45,2.0,5.2,北西,7.9,北西,2.7,--,--,曇時々晴一時雨,曇時々晴後雨
2025,10,24,1029.0,1029.5,2.0,2.0,1.0,8.2,13.2,4.0,72,35,2.2,4.0,北,6.2,北西,4.5,--,--,曇一時雨後晴,晴
2025,10,25,1025.4,1025.9,--,--,--,8.7,15.6,1.8,71,40,2.1,4.4,東,6.1,東,8.6,--,--,晴時々曇,晴時々曇
2025,10,26,1012.8,1013.3,4.0,2.0,1.0,12.4,19.5,5.0,90,63,2.4,6.5,東南東,10.6,東南東,2.7,--,--,曇時々晴後雨,雨時々曇
2025,10,27,1005.3,1005.8,6.0,3.5,2.0,12.9,17.9,6.7,73,46,5.9,11.7,西南西,20.2,西,3.7,--,--,雨時々曇一時晴,雨一時晴
2025,10,28,1016.0,1016.5,28.5,5.0,2.0,6.0,8.4,3.7,83,66,5.8,11.0,西南西,18.7,西南西,0.5,-- ),--,雨時々曇、雷を伴う,雨時々曇一時晴
2025,10,29,1027.8,1028.3,0.5 ),0.5 ),0.5 ),7.5,13.7 ),3.1 ),70,35 ),3.7,8.3,西北西,13.0,西,6.3 ),--,--,晴一時雨,晴
2025,10,30,1027.8,1028.3,--,--,--,7.8,14.6,1.6,75,43,1.8,3.7,北北西,4.7,北北西,9.8,--,--,晴,晴後一時曇
2025,10,31,1020.5,1021.0,1.0,1.0,0.5,9.4,15.1,3.1,82,56,1.5,3.4,南,4.5,東南東,0.3,--,--,曇,大雨一時曇
2025,11,1,999.1,999.6,66.5,13.0,2.5,12.2,14.6,10.3,92,72,5.8,16.7,北北西,25.1,北北西,0.4,--,--,雨後時々晴、大風を伴う,雨時々曇一時晴
2025,11,2,1007.3,1007.8,7.0,4.0,2.0,11.7,16.3,8.5,80,50,4.5,9.0,西,14.3,西,4.6,--,--,晴時々曇後雨,雨時々曇
2025,11,3,1018.4,1018.9,18.5,11.0,5.0,8.8,13.2,3.9,81,53,3.1,7.8,北東,11.0,北北東,1.9,--,--,雨後曇時々晴,晴
2025,11,4,1026.8,1027.3,--,--,--,7.8,14.8,1.4,77,47,2.4,5.2,南西,7.8,西南西,7.0,--,--,晴後一時曇,晴
2025,11,5,1024.4,1024.9,--,--,--,11.9,19.0,4.7,75,46,3.1,6.6,南南西,10.0,南西,5.3,--,--,曇時々晴,晴時々曇
2025,11,6,1019.3,1019.8,0.0,0.0,0.0,11.7,17.8,5.8,78,43,2.2,6.6,西,10.2,西,8.0,--,--,晴後一時曇,曇一時雨後晴
2025,11,7,1019.0,1019.5,0.0,0.0,0.0,8.7,12.5,4.3,62,45,5.6,12.2,西北西,20.9,北西,1.8,--,--,曇時々雨,曇時々雨一時晴
2025,11,8,1026.9,1027.4,--,--,--,5.6,9.7,3.5,71,47,2.4,4.8,西,7.6,西,1.2,--,--,曇後一時晴,曇
2025,11,9,1012.0,1012.5,1.0,0.5,0.5,7.9,13.4,3.6,81,57,1.8,6.3,西南西,12.1,西南西,0.5,--,--,曇後時々雨,雨時々曇一時晴、雷を伴う
2025,11,10,1004.2,1004.7,11.0,2.5,1.5,6.5,11.5,2.7,87,73,4.7,9.9,西,19.9,西北西,0.7,--,--,雨時々曇、雷を伴う,雨一時曇
2025,11,11,1014.1,1014.6,4.5 ),2.0 ),0.5 ),5.2,6.9,3.2,76,53,4.1,7.9,南西,12.9,西,0.0,--,--,曇時々雨,雨時々曇一時晴、みぞれを伴う
2025,11,12,1021.1,1021.6,0.0,0.0,0.0,7.2,11.7,2.5,65,42,3.3,6.9,西南西,12.5,西南西,5.3,--,--,晴時々曇,晴
2025,11,13,1011.4,1011.9,12.5,6.0,3.0,9.7,14.4,2.8,73,58,3.4,7.3,南南西,13.5,南南西,3.9,--,--,雨後晴時々曇、雷を伴う,晴後時々曇
2025,11,14,1015.9,1016.4,--,--,--,7.4,9.9,5.3,60,50,3.2,6.0,西,11.8,西,0.0,--,--,曇,曇一時晴
2025,11,15,1024.1,1024.6,0.0,0.0,0.0,6.4,9.1,4.4,70,56,2.3,6.7,西南西,9.7,西南西,0.1,--,--,曇後雨時々晴,晴後一時曇
2025,11,16,1026.2,1026.7,--,--,--,6.8,13.6,0.8,70,33,1.7,4.0,西南西,6.9,西南西,9.0,--,--,晴,晴後一時雨
2025,11,17,1010.8,1011.3,14.0,4.0,1.0,6.9,13.7,2.0,74,47,5.5,10.8,西,20.2,西,0.0,--,--,雨後時々曇、雷を伴う,みぞれ
2025,11,18,1011.5,1012.0,13.0,3.0,1.0,0.5,2.5,-0.4,93,69,3.0,7.1,西北西,14.9,北西,0.0,15,13,みぞれ後雪時々曇,雪時々曇一時みぞれ
2025,11,19,1018.3,1018.8,0.0,0.0,0.0,2.5,4.5,0.2,86,66,2.7,4.5,南西,7.6,南南西,0.0,--,11,みぞれ後曇一時雨,曇時々雨
2025,11,20,1017.2,1017.7,3.5,3.0,1.0,8.0,12.2,3.3,78,60,3.1,6.5,南南西,12.8,南,4.7,--,--,曇後晴時々雨,雨時々晴、雷を伴う
2025,11,21,1013.1,1013.6,16.5,4.5,2.0,6.6,10.1,1.7,76,43,5.0,10.7,西南西,17.1,西北西,3.2,--,--,雨時々曇一時晴,雨時々みぞれ後曇
2025,11,22,1021.1,1021.6,0.5,1.0,0.5,5.7,9.6,2.4,68,43,3.8,9.1,西南西,15.2,西,2.5,--,--,曇一時雨,晴時々曇一時雨
2025,11,23,1020.1,1020.6,2.0,1.5,0.5,9.7,15.0,3.3,82,60,2.9,5.7,南西,9.7,南,2.9,--,--,雨時々曇一時晴,雨時々晴後曇
2025,11,24,1015.6,1016.1,2.0,1.0,1.0,9.9,15.7,5.9,91,57,1.8,5.6,西北西,11.1,北西,2.3,--,--,曇時々晴後雨,晴一時雨
2025,11,25,1010.9,1011.4,2.0,1.5,0.5,8.7,13.0,3.3,88,66,1.7,6.3,北東,10.3,北東,4.7,--,--,曇時々晴,雨一時曇
2025,11,26,1017.2,1017.7,14.0,3.5,1.0,8.3,10.3,6.3,84,67,2.5,6.8,東北東,11.6,北東,1.4,--,--,雨後曇時々晴,曇一時雨
2025,11,27,1016.8,1017.3,--,--,--,8.0,11.8,4.2,74,50,1.5,3.7,北北東,5.5,東,7.0,--,--,晴後一時曇,雨時々曇
2025,11,28,1004.4,1004.9,13.0,3.5,1.0,7.6,10.4,2.7,79,53,4.6,9.7,西,17.9,西南西,0.4,--,--,雨、雷を伴う,みぞれ時々雨後雪一時曇
2025,11,29,1016.8,1017.3,0.0,0.0,0.0,4.9,8.7,2.6,60,47,4.7,9.2,西南西,16.5,西,3.1,--,--,曇時々雪一時みぞれ後晴,晴後一時雨一時曇
2025,11,30,1014.6,1015.1,2.5,2.0,1.0,8.3,12.8,2.8,81,67,2.5,8.1,南西,13.9,南南西,0.6,--,--,雨後曇時々晴,曇後雨時々晴、雷を伴う
2025,12,1,1012.2,1012.7,10.0,4.0,2.0,8.2,14.8,2.6,83,63,3.2,7.9,西,13.4,西,0.4,--,--,雨時々曇、雷を伴う,晴後一時曇
2025,12,2,1013.4,1013.9,5.0,2.0,1.0,5.8,10.2,0.4,78,48,2.0,5.7,西南西,10.6,西北西,3.3,--,--,曇時々晴一時雨,雨、みぞれを伴う
2025,12,3,1007.1,1007.6,7.5,4.0,1.0,2.2,4.9,-1.7,91,70,3.1,9.3,北,14.1,北北西,0.4,3,3,雨時々みぞれ一時曇,雪一時みぞれ
2025,12,4,1008.7,1009.2,5.0,1.0,0.5,-1.7,0.5,-4.4,86,60,5.3,8.5,西,14.6,西,0.4,8,9,雪,雪時々曇
2025,12,5,1012.8,1013.3,3.0,1.0,0.5,1.1,3.1,-0.7,77,61,5.2,9.0,西南西,14.7,西南西,2.1,5,11,雪時々曇、みぞれを伴う,曇後雪時々みぞれ
2025,12,6,1017.8,1018.3,0.5,0.5,0.5,5.1,6.9,3.0,78,60,4.7,10.0,南南西,15.2,西南西,0.8,--,7,雨時々曇一時みぞれ,雨時々曇一時晴
2025,12,7,1014.3,1014.8,7.5,2.0,1.5,6.4,9.4,3.6,90,77,3.0,6.4,西南西,9.7,西,1.3,--,--,雨時々曇一時晴,雨時々曇後晴
2025,12,8,1012.6,1013.1,6.0,1.5,1.0,3.5,8.0,0.2,91,76,3.7,9.0,西北西,15.5,西北西,0.7,--,--,雨時々曇一時晴,みぞれ一時雨
2025,12,9,1019.5,1020.0,5.0,2.0,1.5,1.5,4.6,0.4,80,53,4.5,8.6,西,13.8,西南西,1.7,6,3,雪時々曇一時みぞれ,雪一時晴後みぞれ時々曇
2025,12,10,1021.5,1022.0,1.5,1.0,1.0,1.4,4.4,-1.2,72,45,3.9,7.8,西,13.1,西南西,5.2,--,2,曇一時雪後晴、みぞれを伴う,晴後雨時々曇、みぞれを伴う
2025,12,11,1011.1,1011.6,24.5,5.5,1.5,2.8,6.4,-1.7,89,70,4.2,8.4,南南西,15.1,西北西,0.0,2,2,雨,雪一時みぞれ
2025,12,12,1021.4,1021.9,1.5,0.5,0.5,-2.9,-1.1,-4.2,77,53,6.1,9.8,西北西,15.9,西北西,1.5,4,4,雪時々曇,雪時々曇
2025,12,13,1025.2,1025.7,0.5,0.5,0.5,-0.7,1.9,-3.1,79,62,3.2,5.9,南南西,9.0,南,0.0,1,5,曇後雪時々晴,曇
2025,12,14,1005.6,1006.1,10.5,3.0,1.0,2.7,5.2,-1.3,89,64,3.0,7.5,北東,10.8,東北東,0.0,--,2,みぞれ時々曇後雨,雨時々曇
2025,12,15,1008.4,1008.9,4.5,3.0,1.0,3.4,6.0,1.5,79,59,5.3,9.2,西,14.6,西北西,0.0,--,--,曇後雨時々雪一時みぞれ,雪後曇時々晴
2025,12,16,1016.1,1016.6,0.0,0.0,0.0,3.5,7.7,1.2,67,51,5.2,9.3,西南西,13.8,西,1.8,--,--,みぞれ一時晴後雨時々曇,曇一時雪後晴
2025,12,17,1017.3,1017.8,0.0,0.0,0.0,1.6,4.6,0.3,76,57,4.2,7.2,西,11.6,西,2.2,--,--,晴時々曇後みぞれ一時雪,雪時々曇一時みぞれ
2025,12,18,1022.8,1023.3,0.0,0.0,0.0,1.2,2.7,0.0,67,53,4.7,8.9,西,12.5,西,0.6,--,--,曇後雪時々晴,曇時々晴一時雪
2025,12,19,1025.2,1025.7,0.0,0.0,0.0,5.0,9.5,1.9,73,59,2.9,5.9,南西,8.7,南南西,0.9,--,--,曇後雨一時晴、みぞれを伴う,晴一時雨
2025,12,20,1018.1,1018.6,0.0,0.0,0.0,12.7,16.8,2.3,63,51,5.7,9.2,南南西,14.7,南西,6.8,--,--,晴後曇一時雨,曇時々晴一時雨
2025,12,21,1013.5,1014.0,9.0,3.5,1.0,10.1,15.6,3.5,76,64,4.5,9.1,西,14.0,西北西,0.3,--,--,雨時々曇,曇後みぞれ時々雪一時雨
2025,12,22,1026.6,1027.1,3.0,1.5,0.5,1.2,3.5,-0.2,72,50,4.0,9.0,西北西,14.2,北西,3.2,--,--,雪後曇時々晴,曇時々雪
2025,12,23,1028.4,1028.9,0.0,0.0,0.0,2.0,5.6,0.3,67,43,1.6,3.1,西南西,5.0,南西,5.0,--,--,曇時々晴,曇一時晴後時々雪
2025,12,24,1014.5,1015.0,0.0,0.0,0.0,5.7,10.6,0.7,85,71,1.8,4.9,南南西,8.4,南西,0.0,--,--,雪時々曇後雨、みぞれを伴う,雨時々曇
2025,12,25,1005.9,1006.4,4.0,1.5,0.5,3.8,7.3,1.7,92,82,2.5,4.8,西,7.3,西,0.0 ),--,--,雨一時曇後時々みぞれ,雨時々曇後みぞれ
2025,12,26,1002.5,1003.0,14.5,3.5,1.0,-1.0,2.8,-5.2,88,59,4.6,9.9,西,18.6,西,0.2,15,15,雪時々みぞれ一時曇,雪時々曇
2025,12,27,1015.0,1015.5,19.5,3.0,1.0,-3.5,-2.1,-6.1,91,57,4.1,8.6,西,15.6,西北西,0.0,37,46,大雪,雪
2025,12,28,1019.0,1019.5,1.5,1.5,0.5,0.1,2.7,-2.2,87,73,4.4,7.6,西南西,14.5,西,0.3,--,46,雪時々曇後みぞれ,晴後一時曇
2025,12,29,1015.1,1015.6,1.5,0.5,0.5,2.2,6.1,-3.1,89,62,2.9,10.1,南南西,15.4,南南西,2.1,--,28,曇時々雨一時晴,雨後曇時々晴、みぞれを伴う
2025,12,30,1011.7,1012.2,11.5,4.5,1.5,2.4,7.6,-0.4,94,69,3.5,8.2,西,12.1,西南西,2.0,2,12,雨一時曇後一時みぞれ、雷を伴う,雪時々みぞれ一時曇
2025,12,31,1012.9,1013.4,9.5,2.5,1.0,-2.4,-0.3,-4.2,87,57,3.8,7.0,西北西,10.9,西北西,0.0,18,26,雪時々曇,雪
2026,1,1,1009.4,1009.9,29.5,4.5,1.0,-4.4,-3.5,-5.2,94,68,5.3,10.7,西南西,17.7,西南西,0.0,36,61,大雪,雪
2026,1,2,1009.1,1009.6,0.5,0.5,0.5,-1.4,2.1,-4.1,87,68,3.6,5.6,南西,8.6,南西,3.5,1,58,晴後曇時々雪,晴時々曇後雪
2026,1,3,1010.2,1010.7,1.0,1.0,0.5,-0.4,1.6,-3.6,85,64,3.3,5.5,西北西,8.7,西北西,0.8,3,47,曇時々雪,雪時々曇、みぞれを伴う
2026,1,4,1010.3,1010.8,8.0,2.0,1.0,-0.2,0.8,-1.1,90,70,5.1,9.5,西,13.9,西北西,0.0,12,50,雪後一時みぞれ一時曇,雪
2026,1,5,1009.1,1009.6,8.0,2.5,1.0,-2.4,-0.8,-4.0,92,67,3.0,7.3,西,12.2,西,0.0,18,63,雪,雪
2026,1,6,1013.7,1014.2,6.0,1.5,1.0,-3.9,-3.0,-4.5,92,73,3.0,5.2,南西,8.4,西,0.0,13,72,雪後一時晴,雪後時々曇
2026,1,7,1011.0,1011.3 ),9.0,4.0,1.5,0.1 ),4.5 ),-5.7 ),89 ),66 ),3.0,9.2,南南西,14.1,南南西,2.9,--,66,曇時々晴一時雨、みぞれを伴う,みぞれ一時雨
2026,1,8,1008.0,1008.5,16.5,3.5,1.0,-1.8,0.8,-4.6,93,80,3.8,7.6,西北西,13.3,西北西,0.0,16,56,雪,雪時々曇
2026,1,9,1015.5,1016.0,4.0,2.0,0.5,-1.8,0.2,-4.3,88,74,3.9,6.6,南西,10.4,西南西,0.1,10,59,雪,晴一時曇後みぞれ時々雪
2026,1,10,1006.4,1006.9,7.0,4.0,1.5,3.7,7.5,-0.7,84,55,3.4,7.6,南南西,12.8,南南西,1.3,--,54,曇時々みぞれ一時晴後雨,雨時々曇、みぞれを伴う
2026,1,11,996.9,997.4,9.0,1.5,1.0,1.8,5.4,-1.9,85,62,5.1,10.2,西,17.4,西,0.4,12,44,みぞれ時々雨後雪、雷を伴う,雪
2026,1,12,1007.4,1007.9,10.5,1.5,1.0,-2.6,-1.2,-3.6,89,72,5.7,10.8,西南西,17.6,西南西,0.1,14,57,雪,雪時々曇一時晴
2026,1,13,999.7,1000.2,8.5,2.5,1.0,-0.2,4.2,-4.0,88,62,4.8,13.5,西,22.8,西南西,1.6,5,54,雪一時曇後みぞれ時々雨,雪
2026,1,14,1010.2,1010.7,7.5,1.0,1.0,-3.8,-2.4,-5.1,85,61,7.1,11.1,西,19.8,西南西,0.6,8,52,雪時々曇,雪時々曇
2026,1,15,1011.7,1012.2,1.5,1.0,0.5,0.4,2.3,-2.6,89,59,3.6,8.2,西南西,13.5,南西,0.0,4,55,雪後みぞれ,曇一時晴後みぞれ
2026,1,16,1010.4,1010.9,6.5,2.0,1.0,1.0,3.1,0.0,91,69,4.0,8.5,西南西,12.5,南西,1.0,3,48,みぞれ後一時雪,雪時々曇
2026,1,17,1012.9,1013.4,7.0,2.5,1.0,0.4,2.0,-1.8,90,66,3.4,9.6,西南西,14.6,西南西,0.0,13,52,みぞれ時々雪,雪一時晴後一時曇
2026,1,18,1020.8,1021.3,2.5,1.0,0.5,-1.9,0.5,-3.2,86,61,4.6,9.1,西南西,13.9,西南西,2.7,8,59,雪時々曇一時晴,雪後晴時々曇
2026,1,19,1013.7,1014.2,3.0,1.5,0.5,-1.4,0.6,-4.6,93,86,2.0,6.2,西,10.1,西北西,0.0,8,59,雪時々曇、みぞれを伴う,雪時々曇、みぞれを伴う
2026,1,20,1007.8,1008.3,12.0,2.5,1.0,-3.9,-0.5,-6.2,87,65,6.3,13.4,西,19.7,西,0.5,18,73,雪時々曇,雪後時々曇
2026,1,21,1007.7,1008.2,9.0,2.0,1.0,-4.2,-2.8,-4.9,90,69,4.4,9.1,西南西,14.1,西南西,0.9,10,78,雪時々曇,雪後時々曇
2026,1,22,1007.4,1007.9,20.5,5.0,1.0,-4.4,-2.3,-5.7,93,82,3.6,7.0,西北西,11.4,西,0.7,26,100,雪時々曇,大雪時々曇
2026,1,23,1013.3,1013.8,30.5 ),4.0 ),2.5 ),-4.3,-3.1,-5.3,93,72,4.5,7.6,南西,11.6,南西,0.1,33,129,雪,雪一時晴
2026,1,24,1011.6,1012.1,11.5,2.0,1.0,-3.8,-2.1,-5.2,92,78,3.7,6.5,南西,10.4,南西,0.1,13,126,雪,雪
2026,1,25,1011.2,1011.7,12.5,4.0,1.0,-4.7,-2.2,-6.5,90,67,4.6,8.3,西北西,13.7,西,0.4,17,132,雪時々曇,雪後時々霧一時晴
2026,1,26,1017.1,1017.6,4.5,1.0,0.5,-3.5,-0.8,-8.5,88,64,3.9,7.5,西南西,11.8,西北西,0.3 ),7,131,雪時々曇一時晴,雪時々曇
2026,1,27,1011.5,1012.0,8.0,2.5,1.0,-0.7,2.1,-2.4,90,66,2.9,7.9,西,14.4,南西,1.4,13,130,雪時々曇一時晴、みぞれを伴う,雪
2026,1,28,1014.3,1014.8,26.5,3.5,1.0,-1.8,-0.5,-2.8,97,89,3.6,6.8,西南西,10.6,南西,0.0,30,158,雪,雪
2026,1,29,1014.1,1014.7 ),12.0,3.0,1.0,-2.2 ),1.1 ),-4.0 ),88 ),60 ),4.0,6.4,西,9.9,西南西,6.1,19 ),162 ),雪時々曇一時晴,雪後一時晴
2026,1,30,1012.5,1013.0,10.5,3.0,1.0,-2.1,0.2,-4.5,90,70,3.4,7.7,南南西,11.3,南南西,0.3,11,167,雪時々晴後曇,雪時々曇一時晴
2026,1,31,1014.1,1014.6,10.5,3.0,1.0,-2.0,0.5,-4.0,90,69,4.4,7.2,西南西,11.1,西南西,2.9,17,164,雪時々曇一時晴,雪時々曇
2026,2,1,1013.2,1013.7,22.0,5.0,1.5,-2.0,0.2,-3.9,91,68,4.9,8.2,南西,14.9,南西,2.4,29,183,雪時々晴,雪時々曇一時晴
2026,2,2,1015.2,1015.7,14.0,3.5,1.0,-1.9,0.7,-2.9,90,72,4.6,9.1,南西,13.0,南西,2.4,14,178,雪時々曇,雪後一時晴
2026,2,3,1019.6,1020.1,2.0,1.5,0.5,-0.8,1.6,-4.0,84,72,4.5,7.7,南南西,10.8,南南西,0.1,4,178,雪時々曇,曇時々雪一時晴
2026,2,4,1015.9,1016.4,2.0,1.0,0.5,2.7,6.2,0.6,86,69,3.9,6.3,南西,9.3,南,3.3,--,166,みぞれ一時晴後雨時々曇,晴時々みぞれ一時雨
2026,2,5,1012.6,1013.1,0.5,0.5,0.5,2.9,5.5,0.2,87,69,2.0,6.8,南南西,9.6,南,6.9,1,141,晴時々曇一時雨,雨時々晴一時みぞれ
2026,2,6,1008.6,1009.1,4.0,2.0,1.0,-1.3,4.4,-6.2,79,55,9.1,14.0,西南西,23.1,西南西,2.5,4,131,雪時々曇、みぞれを伴う,雪時々曇
2026,2,7,1012.6,1013.1,7.5,2.0,0.5,-5.3,-2.0,-6.4,85,58,5.0,9.7,西,15.4,西,1.4,13,133,雪時々曇,雪時々曇
2026,2,8,1006.3,1006.8,6.0,1.5,1.0,-4.9,-1.9,-6.5,88,58,3.5,7.7,西,11.8,南西,2.5,8,135,雪時々曇,雪時々曇
2026,2,9,1014.3,1014.8,7.0,1.5,0.5,-2.7,0.1,-4.8,90,67,5.1,8.6,南西,13.0,西,0.4,9,142,雪時々曇,雪後一時みぞれ
2026,2,10,1017.6,1018.1,1.5,1.0,0.5,3.7,6.8,-0.4,76,56,4.6,7.8,南西,11.1,南西,2.3,1,139,曇一時雪後みぞれ時々雨,曇後時々雨、みぞれを伴う
2026,2,11,1009.2,1009.7,4.0,2.5,1.0,2.5,5.4,-0.2,80,60,5.1,8.8,西北西,12.9,北西,0.6,1,124,みぞれ一時雨,雪一時みぞれ
2026,2,12,1012.1,1012.6,13.0,2.5,1.0,-0.8,1.8,-1.9,87,67,4.4,9.7,西,17.0,西,0.0,22,135,雪,曇時々雪
2026,2,13,1013.6,1014.1,1.0,0.5,0.5,2.1,5.4,-2.2,73,52,5.7,8.7,南西,13.1,南西,4.5,--,132,曇後一時みぞれ一時晴,晴時々雨、みぞれを伴う
2026,2,14,1016.2,1016.7,--,--,--,4.7,9.8,0.9,69,40,3.3,6.6,西南西,9.6,西南西,9.2,--,117,晴,晴
2026,2,15,1010.4,1010.9,0.5,0.5,0.5,5.7,10.5,0.1,80,59,4.8,8.0,南南西,11.8,南西,2.5,--,112,雨時々曇一時晴,曇時々雨一時雪
2026,2,16,1015.5,1016.0,1.0,0.5,0.5,0.4,4.4,-1.6,81,57,5.2,8.9,西,14.2,西,1.0,3,104,雪時々曇,雪
2026,2,17,1019.3,1019.8,0.0,0.0,0.0,1.0,4.0,-1.5,72,51,3.2,5.5,南西,8.1,西南西,2.9,1,105,曇一時雪,晴後一時曇
2026,2,18,1009.4,1009.9,4.0,3.0,2.0,2.1,7.8,-0.9,76,43,3.6,9.1,西,13.7,西北西,3.6,3,101,曇一時晴後一時みぞれ,雪一時みぞれ
2026,2,19,1016.0,1016.5,1.5,0.5,0.5,-1.4,0.3,-2.9,76,54,5.9,9.4,西,15.9,西北西,0.9,5,103,雪時々曇,雪時々晴後曇
2026,2,20,1017.4,1017.9,0.0,0.0,0.0,3.0,6.8,-1.2,77,58,3.8,7.1,南西,9.9,南西,3.0,2,102,曇時々雪一時みぞれ後雨,晴時々曇
2026,2,21,1016.4,1016.9,--,--,--,6.1,9.8,1.8,67,53,4.4,7.6,南南西,11.2,南南西,7.7,--,95,晴時々曇,晴
2026,2,22,1014.0,1014.5,--,--,--,2.8,7.7,-1.8,85,62,1.4,3.3,南,4.9,南南東,6.9,--,90,晴時々曇,晴一時曇後雨、みぞれを伴う
2026,2,23,1015.2,1015.7,2.5,2.5,1.0,4.3,12.5,0.5,71,48,5.2,11.1,西,17.6,西,4.1,--,88,曇時々みぞれ一時雨,みぞれ時々曇
2026,2,24,1026.0,1026.5,3.0,1.5,1.0,3.1,6.5,0.4,68,45,2.5,6.2,西,9.6,西,2.8,2,83,曇一時晴,みぞれ時々雪一時曇
2026,2,25,1028.0,1028.5,3.0,1.5,0.5,1.9,5.5,-1.6,73,47,3.2,7.7,東北東,10.2,東北東,7.0,1,84,晴時々曇,晴
2026,2,26,1023.3,1023.8,--,--,--,1.6,7.8,-4.9,81,52,2.6,7.5,東北東,9.8,東,10.0 ),--,82,晴,曇時々晴
2026,2,27,1017.5,1018.0,0.0,0.0,0.0,4.0,6.5,0.1,86,74,5.1,9.7,東北東,13.2,東北東,0.0,--,77,曇一時雨,雨時々曇
2026,2,28,1013.3,1013.8,4.0,3.0,1.0,4.6,7.9,2.7,87,67,3.7,9.3,西,13.1,西,0.3,--,72,曇時々雨,みぞれ一時雨後曇時々雪
2026,3,1,1022.4,1022.9,0.0,0.0,0.0,2.7,4.4,1.1,63,54,5.8,9.4,西南西,14.2,西南西,2.1,--,68,曇,晴
2026,3,2,1025.4,1025.9,--,--,--,2.8,6.6,-0.7,65,48,3.8,6.6,南西,9.8,西北西,9.0,--,66,晴一時曇,晴時々曇
2026,3,3,1022.9,1023.4,0.0,0.0,0.0,1.9,4.1,-2.3,73,57,5.0,8.7,東,12.6,東,4.2,--,62,曇時々晴,みぞれ時々曇
2026,3,4,1014.5,1015.0,0.0,0.0,0.0,3.6,6.1,1.7,85,73,2.7,8.6,東北東,11.9,東,0.0,1,61,みぞれ後雨時々曇,みぞれ時々雨
2026,3,5,1019.4,1019.9,0.5,0.5,0.5,3.7,7.5,1.1,86,61,2.4,5.9,西北西,9.1,北西,3.1,2,58,みぞれ時々雨一時晴後曇,晴時々雨一時曇、みぞれを伴う
2026,3,6,1018.9,1019.4,0.0,0.0,0.0,4.6,7.7,1.9,77,52,3.2,7.4,東北東,10.3,東,6.3,--,54,曇時々晴一時雨、みぞれを伴う,雨時々曇
2026,3,7,1006.9,1007.4,8.5,3.5,1.5,4.3,8.6,2.4,84,59,5.4,11.0,西南西,18.1,南西,1.7,--,50,雨時々曇,みぞれ時々雨
2026,3,8,1016.3,1016.8,6.5,1.5,0.5,1.6,4.9,-0.4,86,61,6.2,9.5,西北西,18.3,西北西,0.6,6,49,みぞれ時々雪,雪時々みぞれ後曇
2026,3,9,1019.7,1020.3 ),0.0,0.0,0.0,1.6 ),6.1 ),-0.4 ),66 ),37 ),4.7,8.7,西北西,13.5,西北西,5.1,1,49,曇時々晴一時雪,雪後曇時々晴
2026,3,10,1022.0,1022.5,0.5,0.5,0.5,1.0,4.9,-1.5,77,50,3.2,6.9,西,9.9,西,5.0,--,44,晴後曇時々雪、みぞれを伴う,晴時々雪一時曇
2026,3,11,1025.5,1026.0,0.0,0.0,0.0,1.5,5.4,-1.6,81,55,2.0,5.4,南西,8.0,南西,1.9,--,42,曇一時晴後みぞれ,晴
2026,3,12,1022.9,1023.4,0.0,0.0,0.0,2.7,6.7,-1.6,68,46,2.8,5.5,北,7.7,北西,6.2,--,39,曇時々晴,曇時々晴後みぞれ
2026,3,13,1022.0,1022.5,0.0,0.0,0.0,3.7,6.9,0.8,73,53,1.9,4.3,西南西,6.6,西,2.7,1,36,みぞれ一時雨後曇時々晴,晴、みぞれを伴う
2026,3,14,1021.7,1022.2,0.0,0.0,0.0,5.0,9.8,-0.3,81,57,4.1,7.6,西南西,11.1,西南西,6.7,--,33,晴後曇一時雨,雨時々曇
2026,3,15,1020.2,1020.7,0.0,0.0,0.0,5.0,8.3,3.6,77,59,4.0,6.3,西,9.3,西南西,0.8,--,26,曇時々雨,曇、みぞれを伴う
2026,3,16,1019.9,1020.4,0.0,0.0,0.0,4.6,8.3,1.2,60,44,4.4,8.6,西北西,14.0,西北西,2.6,--,22,曇一時雪、みぞれを伴う,晴後一時曇
2026,3,17,1021.0,1021.5,0.0,0.0,0.0,4.0,8.0,0.6,59,38,4.3,7.9,西,12.6,西北西,5.0,--,19,晴時々みぞれ一時雨後曇,晴
2026,3,18,1018.3,1018.8,--,--,--,5.1,9.4,0.5,59,39,2.9,5.4,北北東,7.9,東北東,9.4,--,16,晴後時々曇,曇一時晴後雨、みぞれを伴う
2026,3,19,1009.1,1009.6,2.5,1.0,0.5,5.0,10.9,2.7,76,51,3.5,10.3,西,15.3,西,1.0,1,11,雨時々曇,晴時々曇
2026,3,20,1010.9,1011.4,10.0,5.5,2.0,5.5,11.5,0.1,53,22,4.6,13.8,南西,21.8,南西,8.1,3,5,晴後時々曇,みぞれ時々雨後雪、雷を伴う
2026,3,21,1017.7,1018.2,0.5,4.0,1.0,2.6,5.6,0.3,69,53,7.2,11.8,西北西,18.3,西北西,0.5,1,3,雪後みぞれ時々曇,晴時々雪一時みぞれ後曇
2026,3,22,1021.9,1022.4,0.0,0.0,0.0,6.3,12.2,1.3,65,41,3.6,6.4,南西,8.8,南南西,6.7,--,--,曇時々晴,晴
2026,3,23,1014.9,1015.4,0.0,0.0,0.0,6.0,13.1,-1.5,74,42,2.0,5.2,北西,7.5,北西,5.5,--,--,曇時々晴,曇一時雨後晴
2026,3,24,1018.6,1019.1,--,--,--,7.0,13.3,1.4,64,28,3.7,8.2,西北西,11.3,西北西,10.9,--,--,晴,晴
2026,3,25,1019.2,1019.7,--,--,--,5.6,13.1,-0.5,66,26,3.3,7.3,北北東,10.5,北北東,11.3 ),--,--,晴,晴後一時曇
2026,3,26,1015.0,1015.5,0.0,0.0,0.0,6.5,14.2,-0.6,77,49,2.4,6.0,東北東,8.4,東北東,7.5,--,--,晴後雨時々曇,曇時々晴一時雨
2026,3,27,1014.2,1014.7,0.0,0.0,0.0,7.2,10.9,4.1,86,71,2.2,4.5,北北東,5.9,北東,4.1,--,--,雨後曇時々晴,曇時々晴
2026,3,28,1014.7,1015.2,--,--,--,7.0,12.1,3.8,83,58,1.8,3.9,北西,5.8,北西,4.1,--,--,曇後時々晴,晴時々曇
2026,3,29,1019.4,1019.9,--,--,--,8.0,13.5,3.4,73,44,2.3,5.3,北北西,7.7,北西,10.8,--,--,晴,晴、霧を伴う
2026,3,30,1018.4,1018.9,-- ),-- ),-- ),7.2,12.7,1.6,79,55 ),1.7,4.2,北北西,5.8,北北西,8.0,--,--,晴一時霧後曇,曇時々晴
2026,3,31,1011.0,1011.5,10.0,2.5,1.0,6.7,9.2,3.9,92,83,3.0,6.7,東北東,10.5,北東,0.0,--,--,雨時々曇,雨後時々曇
2026,4,1,1012.1,1012.6,0.0,0.0,0.0,9.1,14.2,5.7,82,61,2.5,4.8,北北東,6.3,北東,8.9,--,--,晴時々曇,曇一時晴後時々雨
2026,4,2,1008.5,1009.0,4.5,1.5,0.5,4.7,7.4,2.3,90,68,3.5,8.2,東北東,11.6,東北東,0.0,--,--,雨一時曇,曇時々晴一時雨
2026,4,3,1014.2,1014.7,0.0,0.0,0.0,9.0,14.7,4.7,70,41,3.6,7.4,西,10.5,西北西,7.7,--,--,曇後晴,晴後時々曇
2026,4,4,1009.9,1010.4,9.0,4.0,1.0,8.5,14.7,3.6,84,57,1.2,3.0,南西,4.5,南南西,0.1,--,--,曇後一時雨,雨
2026,4,5,1006.7,1007.2,8.5,2.5,1.0,10.7,15.3,8.1,92,71,2.3,6.2,南西,9.1,南西,2.1,--,--,曇時々雨,曇一時晴後一時雨
2026,4,6,1010.8,1011.3,--,0.0,--,9.9,14.6,6.8,86,66,2.9,6.4,北西,8.7,北西,8.3,--,--,曇時々晴,曇時々晴後雨
2026,4,7,1002.2,1002.7,15.0,4.0,1.0,7.2,13.2,3.3,86,63,5.6,13.8,南西,21.7,南西,0.1,--,--,雨,雨時々曇一時晴
2026,4,8,1014.4,1014.9,0.5,0.5,0.5,8.1,13.4,3.0,57,23,6.4,10.1,西南西,15.7,西南西,9.6,--,--,晴一時雨,晴
2026,4,9,1013.1,1013.6,--,--,--,13.8,20.6,7.0,37,19,6.6,12.4,南西,17.7,南西,11.7,--,--,晴,曇一時晴後雨
2026,4,10,1000.6,1001.1,11.5,4.5,1.0,10.8,14.1,8.6,83,49,2.0,7.3,南南西,11.7,南西,0.0,--,--,雨,曇時々雨後晴
2026,4,11,997.2,997.7,12.5,6.5,2.5,10.3,14.4,4.4,75,56,9.4,14.6,南西,22.2,南西,4.9,--,--,雨時々曇,雨時々曇一時晴
2026,4,12,1009.8,1010.3,0.0,2.0,0.0,8.4,11.5,6.1,62,43,8.6,13.2,西,19.7,西,3.6,--,--,曇時々雨一時晴,晴
2026,4,13,1014.6,1015.1,--,--,--,10.7,18.9,3.6,53,21,4.7,11.2,西,19.4,西,12.3,--,--,晴,晴後時々曇
2026,4,14,1017.6,1018.1,--,--,--,9.6,16.0,3.2,56,28,2.3,6.2,北,8.4,北,11.7 ),--,--,晴,晴後一時曇
2026,4,15,1014.8,1015.3,0.0,0.0,0.0,9.9,16.7,3.6,72,51,4.2,9.1,北北東,12.7,東北東,8.9,--,--,曇時々晴,曇後一時雨
2026,4,16,1019.5,1020.0,0.0,0.0,0.0,10.1,15.4,5.2,62,43,5.2,9.0,東北東,12.9,東北東,8.6,--,--,曇一時雨後晴,晴
2026,4,17,1018.6,1019.1,--,--,--,9.5,15.8,1.9,65,38,1.8,4.0,南,5.4,南,9.1,--,--,晴後時々曇,曇後一時雨
2026,4,18,1012.4,1012.9,11.5,5.5,2.0,14.9,19.3,10.5,71,50,5.5,12.1,南西,17.7,西南西,5.5,--,--,雨後晴,晴
2026,4,19,1016.4,1016.9,--,--,--,12.8,18.7,7.3,53,28,3.9,8.0,西,12.4,西,12.4,--,--,晴,晴
2026,4,20,1012.6,1013.1,--,--,--,11.6,21.9,4.1,65,39,2.8,7.8,西北西,10.3,北西,12.1,--,--,晴,曇一時晴後一時雨
2026,4,21,1004.7,1005.2,11.0,6.5,2.0,12.2,15.4,9.4,60,22,8.1,15.1,西南西,23.6,西南西,9.1,--,--,雨一時曇後晴、大風を伴う,晴時々曇
2026,4,22,1007.7,1008.2,--,--,--,14.1,18.4,9.4,54,41,8.2,15.4,西南西,23.5,西南西,4.1,--,--,曇、大風を伴う,晴一時曇
2026,4,23,1012.8,1013.3,--,--,--,10.8,17.0,5.5,54,20,2.7,6.4,北西,9.1,北西,12.4,--,--,晴,晴後一時曇
2026,4,24,1016.5,1017.0,--,--,--,8.5,15.5,2.7,61,31,2.9,7.7,西北西,11.8,西北西,12.6,--,--,晴,晴
2026,4,25,1021.7,1022.2,--,--,--,8.7,15.7,2.3,72,41,2.6,6.0,北北東,8.0,北西,12.9,--,--,晴,晴、霧を伴う
2026,4,26,1016.0,1016.5,--,--,--,11.9,19.3,4.6,71,37,2.0,5.4,北北西,7.5,北,10.5,--,--,晴、霧を伴う,曇時々晴
2026,4,27,1008.9,1009.4 ),0.0,0.0,0.0,12.9 ),18.1 ),8.5 ),71 ),51 ),2.1,6.0,西南西,9.2,西南西,0.7 ),--,--,曇,曇後時々晴一時雨
2026,4,28,1011.1,1011.6,0.0,0.0,0.0,10.1,12.0,6.5,74,60,3.6,8.6,西,12.4,西,1.8,--,--,曇時々雨,曇時々晴
2026,4,29,1014.9,1015.4,--,--,--,10.1,16.2,5.6,69,33,2.9,7.1,北西,9.9,北西,9.0,--,--,晴時々曇,晴
2026,4,30,1019.1,1019.6,--,--,--,12.9,20.1,6.6,51,20,3.7,7.5,南西,11.6,南南西,12.9,--,--,晴,晴後時々曇
2026,5,1,1002.9,1003.4,4.5,1.5,0.5,11.2,15.3,5.6,83,56,2.7,9.8,北東,13.0,北東,2.7,--,--,曇時々晴後雨,雨時々曇
2026,5,2,999.5,1000.0,1.5,1.0,0.5,13.8,17.8,10.0,63,32,7.3,12.7,西,19.9,西南西,7.9,--,--,曇一時雨後晴,晴時々曇
2026,5,3,1006.8,1007.3,3.0,1.0,0.5,15.2,24.1,11.5,63,28,4.0,7.6,南西,11.1,北西,3.4,--,--,曇時々晴後雨,雨
2026,5,4,995.6,996.1,5.5,2.0,1.0,13.7,20.4,7.6,82,61,7.2,15.5,南西,23.6,南西,3.8,--,--,雨一時晴後曇、大風を伴う,雨一時曇後晴
2026,5,5,1014.3,1014.8,1.0,1.0,0.5,14.0,20.6,7.7,53,30,7.0,12.4,南西,18.6,南西,11.3,--,--,晴一時曇,晴
2026,5,6,1015.8,1016.3,--,--,--,19.5,25.7,14.1,34,25,6.7,11.8,南西,18.0,南西,13.6,--,--,晴,晴
2026,5,7,1010.4,1010.9,--,--,--,19.1,25.5,10.1,53,32,5.5,10.1,西南西,15.6,南西,12.0,--,--,晴後時々曇,曇一時晴
2026,5,8,1004.1,1004.6,0.0,0.0,0.0,14.8,18.3,12.1,83,65,2.7,8.1,南南西,13.0,南西,0.2,--,--,曇後一時雨,雨時々曇、雷を伴う
2026,5,9,1006.5,1007.0,4.5,2.0,1.0,11.2,14.0,7.9,79,63,5.5,11.9,西,19.7,西,4.1,--,--,雨時々曇一時晴,晴
2026,5,10,1016.0,1016.5,--,--,--,16.0,23.0,6.5,44,24,5.6,11.3,西,19.0,西,13.4,--,--,晴,曇時々晴
2026,5,11,1015.6,1016.1,--,--,--,18.4,25.3,10.8,38,19,4.1,9.6,南西,13.7,南西,9.3,--,--,曇時々晴,晴後時々曇
2026,5,12,1011.6,1012.1,--,--,--,17.6,24.5,13.0,55,31,3.3,7.1,南南西,10.9,西南西,9.6,--,--,晴時々曇,晴
2026,5,13,1009.5,1010.0,0.0,0.0,0.0,17.9,24.6,10.4,61,39,3.0,7.3,北西,10.5,北西,13.5,--,--,晴,曇時々晴後雨
2026,5,14,1015.8,1016.3,0.0,0.0,0.0,13.6,18.8,8.9,73,54,3.7,6.7,北西,8.4,北北西,11.8,--,--,晴,晴後一時曇
2026,5,15,1021.6,1022.1,--,--,--,14.9,22.1,6.4,73,41,3.3,8.0,北西,10.5,北西,13.4,--,--,晴,晴時々曇
2026,5,16,1020.4,1020.9,--,--,--,18.1,27.1,10.4,59,27,3.4,7.6,北西,10.4,西,13.5,--,--,晴,晴
2026,5,17,1018.5,1019.0,--,--,--,16.8,23.3,12.0,66,40,3.4,7.2,北西,9.2,北西,13.4,--,--,晴,曇時々晴
2026,5,18,1016.3,1016.8,--,--,--,18.8,28.0,11.6,62,26,2.6,6.8,西南西,10.7,西南西,12.3,--,--,晴,晴後時々曇
2026,5,19,1014.1,1014.6,--,--,--,20.6,27.3,15.0,52,32,3.0,8.4,西,12.9,西,5.0,--,--,曇時々晴,曇
2026,5,20,1013.6,1014.1,0.0,0.0,0.0,15.1,18.3,13.2,84,69,2.6,6.1,北西,7.6,北西,7.2 ),--,--,曇後晴一時雨,曇
2026,5,21,1011.4,1011.9,0.0,0.0,0.0,14.2,18.8,11.2,81,59,5.9,11.7,東北東,16.4,東北東,0.0,--,--,曇後一時雨,曇一時晴後一時雨
2026,5,22,1016.2,1016.7,0.0,0.0,0.0,12.7,17.6,9.1,50,30,7.0,11.0,東北東,15.5,東北東,10.1,--,--,晴時々曇,晴
2026,5,23,1019.0,1019.5,--,--,--,13.6,22.9,5.1,56,15,4.8,9.1,東北東,13.2,東,12.4,--,--,晴後時々曇,曇
2026,5,24,1015.8,1016.3,0.5,0.5,0.5,12.2,14.5,9.4,83,59,1.8,3.9,西,5.3,西,0.5,--,--,雨時々曇,曇時々晴一時雨
2026,5,25,1014.7,1015.2,--,--,--,15.5,19.6,12.0,86,70,2.4,5.6,北,7.3,北,9.1,--,--,晴時々曇,曇時々晴一時雨、霧を伴う
2026,5,26,1012.6,1013.1,0.0,0.0,0.0,16.3,20.4,12.2,84 ),69 ),1.7,4.8,北,6.4,北,7.4,--,--,×,曇後一時晴
2026,5,27,1010.6,1011.1,0.0,0.0,0.0,17.3,21.9,13.8,85,66,1.9,4.4,北西,6.2,北東,3.6,--,--,曇一時雨,曇時々雨
2026,5,28,1000.2,1000.7,30.5,12.0,3.0,16.3,19.7,14.9,95,76,1.9,4.2,北西,5.6,北西,1.6,--,--,雨時々曇,雨後一時曇
2026,5,29,995.7,996.2,3.0,2.0,1.0,16.8,18.5,14.4,72,50,7.9,12.3,西南西,20.2,西,2.8,--,--,曇時々雨,晴後曇一時雨
2026,5,30,1002.2,1002.7,3.0,2.5,1.0,17.9,22.8,14.3,59,44,7.9,12.1,南西,18.4,南西,4.4,--,--,雨後曇時々晴,晴
2026,5,31,1012.8,1013.3,--,--,--,19.7,28.3,13.3,47,20,3.7,7.9,南西,10.9,南西,14.4,--,--,晴,晴
2026,6,1,1016.1,1016.6,--,--,--,18.9,24.6,11.7,64,48,1.8,4.2,北,6.4,北,13.2,--,--,晴,曇時々晴
2026,6,2,1012.2,1012.7,--,--,--,20.9,29.2,15.4,63,34,1.9,5.1,北,6.7,北,12.7,--,--,晴後時々曇,曇
2026,6,3,1005.8,1006.3,--,--,--,19.6,25.4,15.4,73,48,3.2,7.8,北,10.9,北,4.0,--,--,曇後一時晴,晴一時曇
2026,6,4,1010.4,1010.9,0.0,0.0,0.0,17.9,22.7,13.3,73,57,4.5,9.0,北東,11.9,北東,10.2,--,--,晴後曇一時雨,雨時々曇
2026,6,5,1014.8,1015.3,0.0,0.0,0.0,12.5,15.8,10.6,81,64,7.4,12.0,東北東,16.6,東,6.1,--,--,雨,曇時々雨
2026,6,6,1016.3,1016.8,1.5,1.0,0.5,13.0,16.5,10.7,84,70,3.4,8.4,東北東,11.2,東北東,2.1,--,--,雨後曇時々晴,晴後一時曇
2026,6,7,1015.3,1015.8,--,--,--,15.5,22.0,9.5,83,58,3.2,7.7,東北東,11.5,東北東,10.1,--,--,晴時々曇,曇後一時雨
2026,6,8,1005.8,1006.3,34.0,7.5,2.0,15.0,17.1,13.4,98,92,1.6,5.5,北西,7.9,北西,0.0,--,--,雨,雨後時々曇
2026,6,9,1002.9,1003.4,4.0,1.5,0.5,14.9,18.9,12.5,88,64,5.3,10.0,西,14.5,西,0.8,--,--,雨時々曇,曇時々雨
2026,6,10,1007.7,1008.2,--,--,--,16.3,21.5,12.5,72,52,4.5,8.1,西南西,11.9,北西,7.2,--,--,曇後晴,曇時々晴
2026,6,11,1011.0,1011.5,5.0,5.0,3.5,17.3,23.3,13.4,75,53,2.7,5.5,東北東,7.8,北東,3.7,--,--,曇一時晴後一時雨、雷を伴う,晴一時曇
2026,6,12,1011.7,1012.2,2.0,2.0,1.5,17.6,24.0,11.5,76,46,2.0,5.1,北北西,7.7,北北西,13.1,--,--,晴後一時雨、雷を伴う,晴時々曇
2026,6,13,1012.9,1013.4,7.5,4.5,1.5,18.0,23.3,14.4,86,63,1.8,4.8,西南西,7.3,西南西,5.2,--,--,雨時々曇一時晴、雷を伴う,晴
2026,6,14,1015.9,1016.4,--,--,--,19.0,24.4,12.9,81,60,2.0,5.6,北北西,8.9,北北西,13.5,--,--,晴,曇
2026,6,15,1015.2,1015.7,--,--,--,19.2,23.1,16.5,85,67,1.7,4.1,北,5.7,北北東,8.8,--,--,晴時々曇、雷を伴う,晴時々曇
2026,6,16,1016.9,1017.4,--,--,--,20.4,26.5,15.8,77,46,2.9,6.7,北西,9.0,北西,11.3,--,--,晴一時曇,晴
2026,6,17,1016.4,1016.9,-- ),-- ),-- ),19.6,25.3,15.2,79,49,2.3,5.5,北西,7.7,北西,14.2,--,--,晴,晴後時々曇
2026,6,18,1010.8,1011.3,--,--,--,19.4,24.5,16.5,86,66,2.9,5.4,北西,7.7,北北西,9.1,--,--,晴時々曇,曇時々晴
2026,6,19,1011.4,1011.9,--,--,--,19.7,23.3,17.5,89,72,2.9,5.8,北西,7.5,西北西,8.1,--,--,晴時々曇,曇一時晴
2026,6,20,1011.0,1011.5,--,--,--,21.6,26.6,17.9,80,59,4.2,9.4,東,13.6,東,8.0,--,--,晴時々曇,曇後時々雨
2026,6,21,1006.0,1006.5,28.0,5.5,2.0,17.8,20.3,15.8,86,74,5.9,9.5,東北東,17.0,北東,0.0,--,--,雨,雨
2026,6,22,1007.2,1007.7,11.0,2.0,0.5,15.3,16.9,14.4,92,84,5.0,8.4,東北東,15.6,北東,0.0,--,--,雨,雨後時々曇
2026,6,23,1011.8,1012.3,0.0,0.0,0.0,16.9,20.3,13.4,81,66,2.9,7.4,東北東,9.0,東北東,7.7,--,--,曇後晴,晴一時曇
2026,6,24,1013.2,1013.7,--,--,--,18.2,22.8,14.9,78,54,2.5,5.9,北,8.4,北,12.7,--,--,晴,晴
2026,6,25,1010.2,1010.7,--,--,--,18.7,24.5,14.0,87,66,2.7,7.3,北西,10.1,北西,10.4,--,--,晴時々曇,曇一時晴
2026,6,26,1003.7,1004.2,7.0,2.5,1.0,18.8,22.4,17.4,96,73,2.1,9.1,南南西,14.5,南南西,0.0,--,--,雨時々曇,曇後雨時々晴
2026,6,27,1001.9,1002.4,0.5,0.5,0.5,21.4,25.7,17.7,79,60,5.3,10.3,西南西,16.0,西南西,5.6,--,--,雨後曇時々晴,曇時々晴
2026,6,28,1009.0,1009.5,--,--,--,21.3,25.9,17.8,73,55,4.2,8.0,西北西,11.7,西,11.6,--,--,晴,曇一時晴
2026,6,29,1013.7,1014.2,--,--,--,20.6,24.6,18.6,72,55,2.8,4.4,西南西,7.2,北西,6.8 ),--,--,曇時々晴,曇時々晴
2026,6,30,1013.7,1014.2,0.0,0.0,0.0,20.3,26.3,17.5,75,51,2.4,5.0,北,8.3,西南西,8.7,--,--,曇一時雨後晴,晴
2026,7,1,1011.7,1012.2,--,--,--,21.6,27.5,16.2,74,56,2.7,5.8,北,8.0,北西,12.9,--,--,晴,曇時々晴
2026,7,2,1009.2,1009.7,--,--,--,21.4,26.3,17.8,77,60,3.8,7.7,東北東,10.3,東,9.8,--,--,晴時々曇,曇
2026,7,3,1011.7,1012.2,--,--,--,20.6,24.5,17.9,79,68,3.0,5.3,北北西,7.6,北,4.1,--,--,曇,曇時々晴
2026,7,4,1011.7,1012.2,--,--,--,21.4,26.5,17.8,79,61,3.1,6.4,北北西,8.5,東,11.1,--,--,晴一時曇,曇時々晴
2026,7,5,1011.3,1011.8,--,--,--,21.6,26.5,17.9,84,66,3.1,7.6,北北東,9.9,北北東,5.2,--,--,曇時々晴,曇時々晴
2026,7,6,1011.6,1012.1,--,--,--,22.6,29.7,19.8,82,53,3.2,7.2,北北東,9.6,北北東,8.8,--,--,晴時々曇,曇時々晴一時雨
2026,7,7,1013.1,1013.6,0.0,0.0,0.0,21.7,28.2,18.3,85,57,3.2,6.3,北北西,8.6,北北西,5.5,--,--,曇時々晴,曇時々晴一時雨
2026,7,8,1013.5,1014.0,0.0,0.0,0.0,21.2,24.7,18.9,88,74,2.6,5.1,北北西,6.7,北北西,4.2,--,--,曇後時々晴,曇後時々雨
2026,7,9,1013.4,1013.9,0.5,0.5,0.5,21.9,24.9,19.9,89,75,1.9,3.8,北,5.6,北北東,1.9,--,--,曇後一時雨一時晴,曇時々晴一時雨
2026,7,10,1012.7,1013.2,0.5,0.5,0.5,26.5,32.6,20.7,79,55,2.4,6.3,北西,8.3,北西,3.2,--,--,曇一時晴後一時雨,曇後一時雨
2026,7,11,1011.4,1011.9,13.5,11.0,6.0,24.7,28.0,22.4,85,67,2.5,7.2,南南西,10.4,南南西,0.0,--,--,雨時々曇,雨時々曇
2026,7,12,1006.3,1006.8,57.0,16.5,5.0,23.1,24.4,22.3,99,94,1.9,4.0,西南西,6.7,南西,0.0,--,--,大雨,雨時々曇
2026,7,13,1005.7,1006.2,2.5,1.0,1.0,24.3,28.2,21.7,90,72,2.3,5.2,北西,8.3,西北西,1.3,--,--,曇時々雨,曇
2026,7,14,1005.0,1005.5,0.0,0.0,0.0,25.7,28.1,23.1,85,73,1.8,4.7,北北西,7.1,北北西,0.4,--,--,曇時々雨,曇時々晴
2026,7,15,1000.2,1000.7,35.0,21.0,5.0,29.1,32.4,24.8,72,58,5.0,10.4,南南西,15.6,南西,8.3,--,--,曇時々晴,大雨時々曇
2026,7,16,1000.4,1000.9,6.0,4.0,1.5,26.9,32.0,23.1,76,56,3.8,6.8,西南西,12.5,西南西,8.0,--,--,晴時々曇,曇時々晴
2026,7,17,1004.9,1005.4,--,--,--,24.3,29.2,21.6,89,73,2.5 ),6.7 ),北西 ),8.7 ),北西 ),5.3 ),--,--,曇時々晴、雷を伴う,曇一時晴後霧
2026,7,18,1005.6,1006.1,3.0,2.0,1.0,23.4,25.4,22.3,96,85,2.2,5.1,北西,6.8,北西,0.0,--,--,曇時々雨、霧を伴う,雨時々曇、雷を伴う
2026,7,19,1003.9,1004.4,9.5,6.5,2.0,26.4,31.3,22.5,85,64,3.6,10.2,南西,15.9,南西,3.7,--,--,雨後曇時々晴、雷を伴う,曇一時晴
2026,7,20,1007.0,1007.5,--,--,--,25.8,29.7,23.9,81,66,3.3,6.4,西,9.8,西,3.1,--,--,曇,曇時々晴
2026,7,21,1007.9,1008.4,0.0,0.0,0.0,25.5,29.0,23.8,84,70,2.5,5.6,西,8.0,南西,0.0,--,--,曇時々雨,曇後時々雨
2026,7,22,1005.4,1005.9,1.0,0.5,0.5,25.4,28.6,23.5,91,73,2.6,7.6,西南西,11.6,西南西,0.0,--,--,雨時々曇,雨時々曇
2026,7,23,1008.5,1009.0,0.5,0.5,0.5,24.3,27.9,21.8,87,68,2.4,4.4,西北西,5.8,北東,2.3,--,--,曇時々雨,曇時々晴
2026,7,24,1010.8,1011.3,--,--,--,24.0,29.4,22.3,85,69,3.9,8.4,東北東,11.3,東北東,4.2,--,--,曇時々晴,曇時々晴
2026,7,25,1011.1,1011.6,0.0,0.0,0.0,23.3,26.9,20.2,77,65,4.5,7.2,東北東,10.4,東北東,2.8,--,--,曇一時晴後一時雨,雨時々曇
2026,7,26,1010.5,1011.0,0.5,0.5,0.5,22.2,26.6,19.8,80,62,3.3,6.0,東,8.6,東北東,0.5,--,--,曇時々雨,晴時々曇
2026,7,27,1012.4,1012.9,0.0,0.0,0.0,23.6,29.3,19.9,77,57,2.4,5.6,東北東,8.2,東北東,6.3,--,--,晴時々曇,曇時々晴一時雨
2026,7,28,1009.6,1010.1,0.0,0.0,0.0,23.8,28.1,20.6,86,71,2.4,5.1,北西,6.9,北北東,4.5,--,--,曇時々晴一時雨,曇後時々晴
2026,7,29,1003.4,1003.9,11.5,6.5,2.0,22.5,24.9,20.4,93,83,1.9,4.9,北西,7.0,北西,0.0,--,--,曇後時々雨,雨時々曇
2026,7,30,1001.9,1002.4,2.0,1.5,0.5,22.9,25.6,20.8,92,78,1.7,3.4,北北西,4.8,南南西,0.8,--,--,雨時々曇,曇時々雨
2026,7,31,1003.6,1004.1,6.0,1.5,1.0,22.9,27.2,20.8,90,66,2.2,5.7,西南西,8.7,西南西,1.3,--,--,曇時々雨,雨
2026,8,1,1002.6,1003.1,14.5,5.0,1.5,21.6,24.3,20.4,88,76,3.9,7.8,東北東,11.4,東北東,0.0,--,--,雨時々曇,曇時々雨一時晴
2026,8,2,1009.1,1009.6,0.0,0.0,0.0,21.9,25.1,19.7,75,64,7.1,11.0,東北東,14.1,東北東,7.2,--,--,曇時々晴,晴
2026,8,3,1014.2,1014.7,--,--,--,22.7,28.4,17.3,72,53,4.4,8.7,東北東,11.3,東北東,12.3,--,--,晴,晴
2026,8,4,1013.5,1014.0,--,--,--,22.7,30.1,16.2,80,52,2.9,7.5,北東,9.7,北,13.5,--,--,晴,晴後曇一時雨
2026,8,5,1011.4,1011.9,0.0,0.0,0.0,23.5,28.0,20.2,83,65,2.8,5.7,北,8.2,北,10.1,--,--,曇一時雨後晴,晴後時々曇
2026,8,6,1009.8,1010.3,--,--,--,24.1,27.6,20.9,85,66,1.9,4.7,北北西,6.2,北北西,10.8,--,--,晴一時曇,晴
2026,8,7,1007.9,1008.4,--,--,--,27.6,33.4,21.9,72,44,2.5,5.7,西南西,9.8,南西,13.4,--,--,晴,晴
2026,8,8,1007.9,1008.4,--,--,--,28.0,34.1,23.8,74,54,2.8,7.0,北西,9.1,北西,8.8,--,--,晴時々曇、雷を伴う,曇時々晴
2026,8,9,1009.5,1010.0,--,--,--,24.6,28.7,22.0,76,60,4.9,7.7,東,11.3,東北東,5.2,--,--,曇時々晴,晴一時曇
2026,8,10,1010.6,1011.1,--,--,--,23.3,27.0,20.8,72,60,5.3,9.6,東北東,13.6,東北東,10.4,--,--,晴時々曇,晴時々曇一時雨
2026,8,11,1008.8,1009.3,5.0,3.5,1.0,22.1,25.7,19.7,87,66,4.9,8.1,東北東,12.8,東北東,0.5,--,--,雨時々曇,雨時々曇
2026,8,12,1009.4,1009.9,0.0,0.0,0.0,25.2,28.5,23.1,83,66,6.1,11.1,東,15.0,東,2.8,--,--,雨時々曇,曇一時雨後晴
2026,8,13,1009.3,1009.8,--,--,--,26.9,31.6,24.2,76,63,5.3,9.3,東北東,12.7,東北東,9.9,--,--,曇時々晴,晴
2026,8,14,1009.2,1009.7,--,--,--,26.9,33.4,21.9,80,54,2.6,5.7,東北東,8.3,東,10.7,--,--,晴後一時曇,曇後時々晴
2026,8,15,1010.7,1011.2,1.5,1.5,1.0,25.7,30.1,23.2,86,68,2.7,6.4,北北西,8.8,北北西,6.1,--,--,曇後晴一時雨、雷を伴う,雨時々曇後晴
2026,8,16,1012.0,1012.5,--,--,--,25.6,31.9,22.2,80,55,2.8,7.6,東北東,10.2,東北東,11.5,--,--,晴,晴時々曇
2026,8,17,1013.7,1014.2,--,--,--,24.4,27.0,21.8,85,69,2.2,3.8,西北西,5.3,北北西,2.5,--,--,曇,曇後一時雨
2026,8,18,1014.6,1015.1,0.0,0.0,0.0,25.4,28.9,23.4,87,74,2.4,5.7,北西,7.5,北西,6.2,--,--,曇一時雨後晴,晴一時曇、霧を伴う
2026,8,19,1014.0,1014.5,2.0,2.0,2.0,27.3,33.9,22.6,79,50,2.0,5.2,南南西,8.0,南南西,4.5,--,--,晴後曇一時雨,曇時々雨一時晴、雷を伴う
2026,8,20,1012.8,1013.3,16.0,15.5,13.5,27.1,31.0,24.4,81,65,2.4,6.7,西北西,10.8,西,3.2,--,--,曇一時晴後一時雨、雷を伴う,曇後一時晴
2026,8,21,1012.5,1013.0,--,--,--,25.6,31.0,22.2,78,54,2.3,6.0,北,7.9,北,10.4,--,--,晴,晴時々曇
2026,8,22,1014.3,1014.8,--,--,--,25.0,29.7,20.3,78,56,2.4,5.3,北北西,7.0,北北西,11.4,--,--,晴,晴後一時曇
2026,8,23,1014.9,1015.4,--,--,--,24.4,28.0,20.6,85,72,2.1,4.6,北北西,6.4,北北西,6.2,--,--,曇時々晴,晴後時々曇
2026,8,24,1010.3,1010.8,0.0,0.0,0.0,27.5,32.6,22.5,76,54,3.6,7.7,南西,11.3,南西,3.1 ),--,--,曇時々雨一時晴,曇一時晴後一時雨
2026,8,25,1006.9,1007.4,24.0,12.0,5.0,26.9,33.9,23.5,82,50,4.5,11.5,南西,18.0,南西,4.7,--,--,晴時々曇後雨、雷を伴う,晴一時雨後曇
2026,8,26,1009.0,1009.5,0.0,0.0,0.0,24.7,29.9,22.3,78,56,2.8,6.3,北西,8.9,北西,3.8,--,--,曇一時雨,曇一時雨
2026,8,27,1005.7,1006.2,1.5,1.0,0.5,23.7,27.4,21.4,85,73,2.0,5.1,北西,7.9,西北西,1.1,--,--,曇後時々雨、雷を伴う,雨時々曇後晴、雷を伴う
2026,8,28,1007.4,1007.9,0.5,1.5,0.5,23.5,28.2,19.8,73,49,4.8,9.3,西,15.7,西,9.3,--,--,晴時々雨一時曇,曇一時晴
2026,8,29,1010.7,1011.2,--,--,--,21.5,25.5,18.8,74,58,3.2,6.6,東北東,9.3,東,5.0,--,--,曇時々晴,曇後一時雨
2026,8,30,1010.8,1011.3,0.0,0.0,0.0,21.5,24.4,19.8,72,64,2.9,6.1,東北東,9.2,東北東,0.0,--,--,曇時々雨,晴時々曇
2026,8,31,1014.5,1015.0,--,--,--,22.6,26.7,19.8,75,63,3.0,6.9,東北東,8.9,東北東,4.3,--,--,曇後一時晴,曇一時晴後一時雨
