year,month,0,1,day,3,4,5,6,7,8,9,10,11,12,13,14,15,16,17
2021,8,1,0.0,0.0,0.0,24.1,26.0,22.6,92,83,1.7,3.3,北北東,5.7,北北東,北,0.0,0,0
2021,8,2,0.0,0.0,0.0,27.5,34.5,21.6,81,50,1.5,4.5,北,7.7,北北西,北,12.3,0,0
2021,8,3,0.0,0.0,0.0,28.2,34.9,23.2,81,58,1.5,3.9,北,6.7,北北東,南西,9.1,0,0
2021,8,4,2.0,2.0,1.5,27.6,33.5,24.0,82,56,1.4,3.8,北,7.9,北,北北西,9.1,0,0
2021,8,5,0.0,0.0,0.0,27.7,32.8,23.1,83,63,1.6,4.1,北,7.8,北北西,北東,12.1,0,0
2021,8,6,0.0,0.0,0.0,29.0,35.2,23.4,78,56,1.4,3.6,北,6.4,北,北西,13.3,0,0
2021,8,7,0.0,0.0,0.0,29.0,35.6,23.6,79,53,1.6,4.0,北東,6.9,北東,北東,10.4,0,0
2021,8,8,0.0,0.0,0.0,27.9,34.0,23.1,83,56,1.6,4.7,北東,9.1,北東,北東,9.1,0,0
2021,8,9,1.5,1.0,0.5,23.4,25.8,21.3,87,75,2.0,4.3,北東,7.9,東北東,北北東,0.0,0,0
2021,8,10,30.5,7.0,2.5,20.0,22.7,18.3,91,78,2.5,5.2,北北東,9.8,北北東,北,0.2,0,0
2021,8,11,2.0,1.0,0.5,19.3,23.3,17.0,92,72,1.3,3.6,北,5.8,北北西,北北東,0.9,0,0
2021,8,12,0.0,0.5,0.0,19.3,23.8,16.3,85,71,1.4,3.2,北北東,6.2,北,北北東,0.2,0,0
2021,8,13,0.0,0.0,0.0,18.8,22.0,15.1,79,67,2.0,4.4,東,8.5,東南東,東南東,0.0,0,0
2021,8,14,0.0,0.0,0.0,18.1,21.6,15.6,78,64,1.9,4.8,南東,9.3,南東,北北東,0.0,0,0
2021,8,15,0.0,0.0,0.0,20.1,25.0,16.4,76,57,2.1,4.2,東南東,8.6,東北東,東南東,3.8,0,0
2021,8,16,0.0,0.0,0.0,20.6,26.2,16.8,80,61,1.7,3.6,北東,6.8,北北東,北東,4.7,0,0
2021,8,17,11.0,4.5,1.5,20.8,25.8,16.0,86,64,1.3,3.1,東北東,6.0,東北東,北東,2.9,0,0
2021,8,18,23.0,9.0,3.0,22.4,29.2,18.9,87,65,2.1,5.8,南南西,10.8,南南西,南南西,0.9,0,0
2021,8,19,0.0,0.0,0.0,22.4,27.1,18.8,84,62,1.6,4.6,北,7.9,北,北,3.7,0,0
2021,8,20,0.0,0.0,0.0,24.5,31.0,19.4,82,60,1.4,3.2,北北東,6.4,西北西,北,11.7,0,0
2021,8,21,0.5,0.5,0.5,23.1,27.8,19.8,92,75,1.2,2.6,北東,5.1,北東,北東,1.6,0,0
2021,8,22,7.0,4.5,2.0,24.3,29.0,21.4,93,67,0.9,2.5,南東,4.8,南東,北東,0.2,0,0
2021,8,23,3.0,2.5,1.0,24.5,28.3,20.9,88,67,1.8,4.4,北北東,7.7,北北西,北,4.8,0,0
2021,8,24,5.0,3.5,1.0,23.3,28.1,18.6,84,62,1.4,3.0,北東,5.3,北東,北東,3.8,0,0
2021,8,25,22.0,8.0,3.0,24.0,26.8,20.8,97,80,1.2,2.6,東,4.8,東,東北東,0.0,0,0
2021,8,26,0.0,0.0,0.0,24.8,29.8,22.3,86,64,1.7,4.7,西南西,8.4,南西,西南西,3.6,0,0
2021,8,27,0.0,0.0,0.0,24.8,30.2,21.4,80,56,1.3,3.5,西南西,6.9,南西,南西,4.6,0,0
2021,8,28,0.5,0.5,0.5,23.3,29.3,20.1,78,57,1.8,4.5,南西,8.7,南西,南南西,4.6,0,0
2021,8,29,0.0,0.0,0.0,24.1,29.8,18.6,71,44,2.2,5.2,西南西,9.1,南西,西南西,11.2,0,0
2021,8,30,0.0,0.0,0.0,24.0,29.0,19.2,74,54,2.2,5.2,西南西,10.3,南西,西南西,8.7,0,0
2021,8,31,0.0,0.0,0.0,21.1,26.4,16.5,75,53,2.2,4.7,北北西,9.9,西北西,南西,9.0,0,0
2021,9,1,0.0,0.0,0.0,19.6,24.8,15.0,77,54,1.6,4.4,北,7.4,北,北,5.0,0,0
2021,9,2,0.0,0.0,0.0,20.2,26.9,14.6,77,53,1.8,4.3,北北東,7.1,北,南南西,11.2,0,0
2021,9,3,0.0,0.0,0.0,20.3,27.8,14.4,73,37,2.0,4.4,南東,8.7,東南東,南西,10.0,0,0
2021,9,4,0.0,0.0,0.0,19.5,25.3,14.3,73,46,2.3,5.4,東南東,10.4,南南東,東南東,3.9,0,0
2021,9,5,0.0,0.0,0.0,18.9,25.9,13.5,74,43,2.2,4.5,東南東,9.8,南南東,南西,6.7,0,0
2021,9,6,0.0,0.0,0.0,17.7,24.3,11.9,76,52,1.7,3.7,北東,7.7,北東,南西,9.4,0,0
2021,9,7,0.0,0.0,0.0,18.0,25.2,11.3,73,39,1.9,4.2,東南東,8.8,南東,東南東,10.0,0,0
2021,9,8,1.5,1.5,1.0,17.8,21.1,14.4,80,60,1.3,3.0,東,5.1,東,南西,0.0,0,0
2021,9,9,17.0,7.0,3.5,21.1,28.4,16.2,90,63,1.3,3.7,西南西,6.9,西南西,南東,2.1,0,0
2021,9,10,0.0,0.0,0.0,21.0,26.8,17.3,85,58,1.3,3.7,北,6.5,北,南西,5.3,0,0
2021,9,11,0.0,0.0,0.0,21.6,28.3,16.3,83,57,1.6,4.1,北,6.8,北,南西,11.0,0,0
2021,9,12,1.0,0.5,0.5,21.1,28.5,16.5,80,52,2.0,4.9,南南西,9.7,南,南西,7.3,0,0
2021,9,13,0.0,0.0,0.0,19.6,24.1,16.7,75,51,2.2,4.7,北西,9.6,西北西,北西,4.9,0,0
2021,9,14,0.5,0.5,0.5,17.5,22.9,14.3,81,55,1.4,3.3,北東,6.1,北北東,南西,6.6,0,0
2021,9,15,0.0,0.0,0.0,17.2,23.7,12.9,80,54,1.8,4.9,北東,9.2,北東,北東,7.2,0,0
2021,9,16,0.0,0.0,0.0,17.8,24.3,11.7,73,49,2.2,4.3,東南東,8.7,東南東,東南東,9.6,0,0
2021,9,17,1.0,1.0,0.5,18.8,25.4,13.7,80,51,1.4,4.1,北東,6.9,北東,北東,3.7,0,0
2021,9,18,10.5,3.0,1.0,18.7,21.8,16.3,96,84,1.0,2.9,北,5.2,北東,南西,0.0,0,0
2021,9,19,0.0,0.0,0.0,19.3,25.8,13.4,80,52,1.7,4.4,北,8.2,北,北,11.1,0,0
2021,9,20,0.0,0.0,0.0,18.9,25.8,14.0,77,53,1.5,3.7,北,6.2,北,南西,9.9,0,0
2021,9,21,0.0,0.0,0.0,20.6,29.3,13.5,75,32,1.3,3.3,南南西,5.9,南,南西,9.8,0,0
2021,9,22,0.5,0.5,0.5,21.9,28.5,15.4,79,45,1.5,4.7,南南西,8.2,南南西,南南西,3.9,0,0
2021,9,23,0.5,0.5,0.5,21.3,26.7,17.1,80,54,1.9,5.5,南,10.1,南西,南西,5.1,0,0
2021,9,24,3.0,1.5,1.0,18.2,22.2,15.1,86,62,2.0,4.7,西北西,9.6,西北西,北西,1.2,0,0
2021,9,25,0.0,0.0,0.0,16.4,23.1,11.7,80,52,1.5,4.1,北北東,7.1,北北東,北北東,11.2,0,0
2021,9,26,0.0,0.0,0.0,17.1,24.9,10.9,77,45,1.5,3.5,東,6.5,東,南南西,8.2,0,0
2021,9,27,0.0,0.0,0.0,17.6,25.8,10.8,76,38,1.4,3.5,北北西,7.3,北,南南西,11.0,0,0
2021,9,28,0.0 ],0.0 ],0.0 ],17.0 ),25.0 ],12.7 ],83 ),48 ],1.5,2.9,東南東,5.5,東,南西,9.3,0,0
2021,9,29,0.0,0.0,0.0,19.7,28.1,12.8,76,41,1.4,3.8,南東,7.5,南東,南西,8.0,0,0
2021,9,30,10.5,10.0,5.0,21.9,25.3,18.9,80,57,2.2,4.8,南南西,9.7,南,南,0.0,0,0
2021,10,1,12.5,5.0,1.5,18.7,21.7,15.5,96,72,1.0,2.4,北北東,4.6,北北東,北東,0.0,0,0
2021,10,2,0.5,0.5,0.5,18.0,24.0,14.5,74,29,1.8,5.4,西北西,15.2,西北西,西,8.6,0,0
2021,10,3,0.0,0.0,0.0,17.6,24.0,11.6,67,36,2.2,4.5,西南西,8.2,西南西,西南西,11.1,0,0
2021,10,4,0.0,0.0,0.0,22.5,28.6,13.3,63,42,2.8 ),7.1 ),南西 ),12.7 ),西 ),南西,10.2,0,0
2021,10,5,31.5,6.5,2.0,18.0,23.0,14.2,90,66,1.6,3.4,北,6.3,南西,北西,0.0,0,0
2021,10,6,4.0,3.0,1.0,14.8,19.9,10.8,81,52,1.7,4.3,北,8.3,北北西,北北西,7.4,0,0
2021,10,7,3.5,1.5,1.0,13.6,19.5,8.6,84,57,1.4,2.6,北北東,4.6,北,南南西,1.2,0,0
2021,10,8,6.5,4.5,2.5,15.6,20.0,13.1,90,68,1.1,3.2,北,5.8,北北東,南西,0.0,0,0
2021,10,9,0.0,0.0,0.0,15.0,22.0,9.6,75,35,1.5,2.6,北東,5.2,北東,南南西,10.0,0,0
2021,10,10,0.0,0.0,0.0,20.4,27.2,9.5,72,56,2.6,5.6,南南西,10.3,南南西,南南西,7.9,0,0
2021,10,11,11.5,4.5,2.5,17.6,25.5,13.2,87,59,2.3,6.8,南西,12.5,南南西,南西,0.0,0,0
2021,10,12,0.0,0.0,0.0,14.1,19.7,10.2,79,45,1.5,3.2,北北東,6.5,南東,南西,8.2,0,0
2021,10,13,0.0,0.0,0.0,14.1,20.5,8.7,80,55,1.9,4.2,南東,7.8,南東,東南東,5.7,0,0
2021,10,14,0.0,0.0,0.0,14.9,22.5,9.0,83,58,1.7,3.8,東北東,6.5,東北東,南西,8.1,0,0
2021,10,15,1.5,1.0,1.0,14.3,17.0,9.5,89,70,1.3,2.8,北西,5.9,北西,南西,0.0,0,0
2021,10,16,8.0,2.5,1.5,11.6,13.6,9.4,91,68,1.6,4.5,南,8.0,南,南,0.0,0,0
2021,10,17,10.0,3.0,1.0,7.6,12.8,4.6,85,59,2.7,5.4,北西,14.0,北西,北西,1.0,0,0
2021,10,18,2.5,1.0,0.5,7.3,12.1,3.7,86,57,1.3,2.6,東南東,4.5,南東,南西,2.4,0,0
2021,10,19,2.0,2.0,1.0,10.3,18.0,3.2,82,46,1.3,2.7,南,5.3,南南西,南,3.8,0,0
2021,10,20,22.5,9.0,3.5,11.4,15.3,8.7,92,67,1.8,4.4,西北西,9.9,北,北西,0.0,0,0
2021,10,21,14.0,3.0,1.0,7.9,11.4,5.2,86,58,2.6,6.1,西南西,12.6,西南西,西南西,2.7,0,0
2021,10,22,1.0,0.5,0.5,8.0,12.5,3.4,82,50,1.2,3.0,西南西,5.5,西,南西,3.0,0,0
2021,10,23,19.5,5.5,1.5,6.6,8.3,4.7,92,79,1.9,4.2,西南西,7.9,西南西,南西,0.8,0,0
2021,10,24,0.0,0.0,0.0,11.7,18.4,7.1,78,46,1.9,3.7,西,7.7,西南西,南南西,9.2,0,0
2021,10,25,0.0,0.0,0.0,12.4,20.5,6.0,81,32,1.4,3.8,北,6.3,北,東南東,8.3,0,0
2021,10,26,0.0,0.0,0.0,11.6,15.7,8.6,90,73,0.9,2.0,南南西,3.2,南南西,南,0.0,0,0
2021,10,27,8.0,7.0,2.0,12.6,18.9,7.0,82,42,1.4,3.6,南西,6.2,南南西,南,3.9,0,0
2021,10,28,7.5,3.0,2.5,10.6,16.9,7.1,85,38,2.0,7.1,西,13.5,西,西北西,6.2,0,0
2021,10,29,3.5,1.5,1.0,10.4,15.8,7.0,86,51,1.5,3.2,北西,7.2,西北西,南南西,3.3,0 ),0
2021,10,30,0.0,0.0,0.0,10.7,16.4,6.4,79,50,1.4,2.9,北,5.6,北,南,7.9,0,0
2021,10,31,0.0,0.0,0.0,11.3,17.4,5.8,83,49,1.1,2.1,南南西,3.8,南南東,南南西,0.5,0,0
2021,11,1,0.0,0.0,0.0,12.5,18.3,8.7,82,47,1.4,2.8,北東,5.6,東北東,南西,8.3,0,0
2021,11,2,5.5,4.5,1.5,12.6,19.9,7.7,83,48,1.5,3.8,南南西,7.0,南南西,南南西,5.7,0,0
2021,11,3,0.5,0.5,0.5,11.9,18.0,7.5,87,50,1.7,4.0,北東,7.9,北東,南南西,5.1,0,0
2021,11,4,3.0,2.0,1.0,11.6,16.0,8.6,84,48,1.6,3.7,北北西,7.9,北北西,南西,4.9,0,0
2021,11,5,2.0,1.5,0.5,10.8,16.4,6.5,86,52,1.5,4.4,北北東,7.5,北,南南西,5.8,0,0
2021,11,6,0.0,0.0,0.0,9.7,16.6,4.0,85,49,1.3,3.2,北北西,5.7,北北西,南西,8.9,0,0
2021,11,7,0.0,0.0,0.0,10.2,17.1,4.4,79,47,1.4,2.7,北北東,4.6,北北東,南,8.3,0,0
2021,11,8,0.0,0.0,0.0,12.0,20.9,4.7,77,42,1.6,4.1,南東,7.6,南東,南西,7.6,0,0
2021,11,9,27.0,10.0,2.5,15.0,20.9,10.4,82,54,1.7,4.9,南東,10.7,南東,南東,0.0,0,0
2021,11,10,20.5,5.5,1.5,11.0,16.1,8.9,88,54,1.8,3.5,南東,6.6,南東,西南西,3.1,0,0
2021,11,11,9.5,2.0,1.0,8.7,11.5,6.6,89,67,1.4,4.2,西北西,8.5,西北西,南西,0.6,0,0
2021,11,12,9.0,2.5,1.5,6.7,9.0,4.3,96,87,1.3,4.5,南南西,7.9,南南西,南南西,0.5,0,0
2021,11,13,1.5,0.5,0.5,8.4,13.2,5.3,82,45,1.9,5.7,西,10.5,西,南,3.8,0,0
2021,11,14,7.5,4.0,1.5,9.7,15.0,6.2,95,72,1.3,3.1,南,5.9,南,南南西,0.6,0,0
2021,11,15,0.0,0.0,0.0,8.7,13.6,5.3,76,45,1.7,4.0,西,8.5,西北西,西,2.2,0,0
2021,11,16,0.0,0.0,0.0,6.6,11.1,2.8,70,47,2.2,4.2,西北西,8.3,西北西,西北西,1.5,0,0
2021,11,17,0.0,0.0,0.0,6.5,11.5,1.5,71,42,1.9,4.4,北北西,8.6,北北西,南南西,4.6,0,0
2021,11,18,3.0,2.0,1.0,7.8,15.9,1.1,85,40,1.6,5.2,南南西,10.4,南南東,南南西,1.4,0,0
2021,11,19,10.5,2.0,1.0,11.1,17.8,7.5,81,44,2.2,5.6,南南西,13.6,西,南西,3.6,0,0
2021,11,20,0.0,0.0,0.0,6.6,10.8,3.2,67,41,1.6,3.7,北西,7.7,北北西,南南西,6.4,0,0
2021,11,21,0.0,0.0,0.0,6.6,11.2,1.5,79,51,1.4,3.1,南西,4.9,南西,南南西,3.4,0,0
2021,11,22,7.5,3.0,1.5,9.5,15.3,5.4,90,72,1.7,3.5,南東,7.4,西,南西,0.0,0,0
2021,11,23,9.0,2.0,1.0,4.5,8.3,2.2,88,65,2.0,5.2,西,10.4,西,西,0.1,0,0
2021,11,24,2.5,0.5,0.5,2.6,4.5,1.9,91,75,2.1,5.1,西南西,10.2,西北西,南西,0.1,0,0
2021,11,25,2.5,0.5,0.5,3.3,6.1,1.5,90,78,2.0,5.1,西,10.5,西南西,西南西,0.8,0,0
2021,11,26,8.5,2.5,1.0,2.2,5.0,1.0,92,69,1.7,4.7,西,10.2,西北西,南南西,2.4,0,0
2021,11,27,15.0,3.5,1.0,2.7,5.0,0.8,94,74,2.2,4.4,南西,7.6,南西,南西,0.9,0,0
2021,11,28,5.5,2.5,1.0,4.1,9.4,1.1,83,44,2.0,4.2,北西,9.7,北北西,南南西,6.0,0,0
2021,11,29,2.0,1.0,0.5,6.3,11.9,0.7,86,60,1.4,3.7,南南西,6.4,西南西,南南西,1.5,0,0
2021,11,30,1.0,0.5,0.5,8.6,14.4,4.0,87,47,1.6,6.0,南東,9.7,南東,南南西,4.4,0,0
2021,12,1,13.5,2.5,1.0,7.3,13.5,1.1,76,46,3.1,7.7,西,15.4,西,西,0.7,0,0
2021,12,2,2.0,0.5,0.5,1.3,4.5,-1.4,81,44,2.8,7.4,西,16.3,西,西南西,0.4,1,1
2021,12,3,11.5,3.0,1.5,7.2,12.4,3.8,83,52,2.3,6.5,南西,12.9,南西,南南西,4.9,0,0
2021,12,4,9.0,4.5,1.0,1.5,5.3,-1.2,93,65,1.6,5.5,西,10.7,西北西,南西,0.1,7,7
2021,12,5,3.0,2.5,1.0,0.7,3.1,-2.0,90,69,1.6,3.8,西,7.8,西,南西,0.0,4,11
2021,12,6,0.0,0.0,0.0,4.0,8.7,0.9,91,62,1.0,2.7,西南西,4.6,南西,南西,2.1,0,1
2021,12,7,0.0,0.0,0.0,8.0,12.9,3.7,90,70,1.1,2.5,北東,4.1,東北東,南,5.0,0,0
2021,12,8,0.0,0.0,0.0,6.6,9.0,2.1,85,73,1.7,3.8,北東,7.5,北東,北北東,0.0,0,0
2021,12,9,0.0,0.0,0.0,3.7,10.5,-0.3,85,54,1.5,2.6,南西,4.2,南南西,南西,8.1,0,0
2021,12,10,0.0,0.0,0.0,2.7,9.7,-2.2,80,44,1.2,2.3,南南西,4.0,南南西,南南西,7.4,0,0
2021,12,11,0.0,0.0,0.0,5.9,12.6,0.2,80,53,1.9,5.0,西,9.7,西,南西,3.9,0,0
2021,12,12,3.0,1.0,0.5,5.5,10.1,1.2,90,72,1.8,5.9,西,11.7,西南西,南西,0.0,0,0
2021,12,13,5.0,1.0,0.5,-0.5,2.1,-3.0,77,46,4.4,9.4,西,16.1,西北西,西南西,0.0,4,3
2021,12,14,5.5,3.0,1.0,4.0,7.4,0.6,79,44,1.9,5.8,西,9.9,西,西,1.9,0,2
2021,12,15,7.5,5.0,1.5,4.8,9.4,2.7,79,52,1.7,5.2,西,10.8,西,南西,1.4,0,0
2021,12,16,1.5,1.5,0.5,3.3,6.1,0.8,92,74,1.1,2.5,南東,4.2,南東,南西,0.0,0,0
2021,12,17,12.5,2.5,1.0,2.2,6.8,-3.8,95,70,2.3,5.9,西,12.1,北北西,北西,0.0,1,1
2021,12,18,7.0,2.0,1.0,-4.3,-2.4,-6.1,84,51,3.4,6.9,西,12.4,西北西,西,0.1,11,9
2021,12,19,1.0,0.5,0.5,-1.2,1.5,-3.6,90,67,1.9,3.9,南西,7.7,西,南西,0.6,2,9
2021,12,20,5.0,1.5,1.0,0.0,3.3,-2.1,90,60,2.0,5.2,西南西,8.5,西南西,南西,5.7,10,13
2021,12,21,2.5,1.0,0.5,3.7,9.0,-1.2,80,45,2.1,6.6,西,12.9,西北西,南南西,4.8,1,11
2021,12,22,1.5,0.5,0.5,-1.3,3.2,-3.4,81,45,3.3,6.5,西,14.4,西,西,0.1,6,6
2021,12,23,1.5,0.5,0.5,-0.6,1.9,-2.6,83,60,2.2,4.6,南西,8.2,西,西南西,2.6,5,7
2021,12,24,6.0,1.0,0.5,-1.9,0.3,-4.1,93,71,1.4,3.1,北,5.3,北,南西,0.0,13,17
2021,12,25,10.5,3.0,1.0,-4.7,-2.5,-8.1,88,52,2.4,6.8,西,11.5,西,西南西,0.0,16,30
2021,12,26,15.5,3.5,1.0,-5.7,-3.6,-8.2,88,56,2.4,5.4,南南西,10.2,南西,西南西,0.6,19,40
2021,12,27,13.5,6.0,1.5,-5.0,-3.6,-5.9,88,62,2.0,4.7,西南西,10.8,西,南西,1.0,17,48
2021,12,28,5.0,2.0,0.5,-3.8,-1.5,-5.7,86,64,2.9,5.1,南西,10.7,西北西,西南西,1.8,5,50
2021,12,29,2.5,1.5,1.0,0.1,3.0,-4.2,91,69,1.4,3.6,南東,7.1,南東,南西,1.6,0,41
2021,12,30,13.0,3.5,1.0,-0.9,1.8,-4.8,98,87,1.4,3.8,西,7.7,西,西北西,0.0,18,44
2021,12,31,11.0,2.5,1.0,-6.5,-4.1,-8.0,90,63,3.0,5.2,西,10.4,西南西,西,0.1,14,54
2022,1,1,12.5,2.0,0.5,-5.1,-1.4,-8.4,90,65,3.0,6.0,北西,13.1,西北西,西,0.0,9,59
2022,1,2,12.5,5.5,1.5,-0.3,4.8,-3.9,83,50,2.4,7.0,西,15.0,西,西,3.7,7,56
2022,1,3,2.5,1.0,0.5,-2.4,-0.2,-5.0,67,42,4.1,7.4,西,14.4,西南西,西,0.0,2,56
2022,1,4,8.0,1.5,0.5,-4.4,-1.3,-6.4,86,48,2.7,5.6,西,11.1,北北西,西南西,0.1,11,59
2022,1,5,22.0,4.0,1.0,-2.9,-0.6,-6.1,96,82,1.5,3.3,南南西,5.4,南,南西,0.1,27,82
2022,1,6,0.0,0.0,0.0,-2.0,3.1,-7.5,87,49,1.2,3.3,南西,4.7,南西,南南西,5.5,1,80
2022,1,7,15.5,3.5,1.0,-1.7,0.6,-3.0,91,65,2.7,6.2,西,13.6,西,西南西,0.0,13,83
2022,1,8,1.5,1.5,0.5,-0.3,2.9,-3.1,84,68,1.7,3.9,南西,7.1,南西,南南西,3.1,0,79
2022,1,9,10.0,4.0,1.5,0.8,4.1,-3.3,92,64,1.6,4.6,西北西,9.3,西,西,0.0,2,71
2022,1,10,0.0,0.0,0.0,-1.6,3.4,-6.0,82,49,1.1,2.0,南西,4.0,西南西,南,7.4,0,63
2022,1,11,2.5,1.0,0.5,0.0,5.0,-5.4,88,59,1.5,4.7,南東,9.8,西,南南東,0.0,0,58
2022,1,12,17.5,3.0,1.0,-0.1,3.2,-2.8,87,66,4.6,9.2,西北西,17.8,西,南西,0.0,13,66
2022,1,13,6.0,2.0,1.0,-2.2,-0.6,-4.8,88,69,2.5,5.7,西,10.3,西北西,西南西,0.9,12,73
2022,1,14,6.0,1.5,0.5,-1.9,0.2,-4.5,88,71,3.5,5.9,西南西,11.0,西南西,西南西,0.4,10,78
2022,1,15,0.5,0.5,0.5,0.1,1.6,-2.8,74,62,3.3,6.3,西南西,12.0,西,西南西,0.0,1,77
2022,1,16,5.0,1.5,0.5,-0.6,3.5,-6.0,91,65,1.2,2.6,南南東,4.6,南,南南東,0.0,0,70
2022,1,17,2.0,0.5,0.5,-0.9,1.7,-4.9,81,52,2.3,5.4,南西,8.7,南西,南西,3.4,5,65
2022,1,18,11.5,3.5,1.5,-3.2,-1.2,-5.4,94,73,1.6,3.3,南西,6.1,西南西,南西,0.6,14,77
2022,1,19,6.5,4.0,1.0,-0.8,2.6,-6.2,92,60,1.0,3.1,西南西,4.9,南西,南西,4.2,6,83
2022,1,20,1.0,0.5,0.5,-1.5,1.7,-4.7,92,73,1.3,4.3,北東,8.4,北東,南南西,4.4,1,77
2022,1,21,3.5,1.5,0.5,-1.1,1.4,-5.2,80,47,1.7,4.3,北西,9.9,北北西,北西,5.2,4,79
2022,1,22,0.0,0.0,0.0,-0.3,2.3,-2.2,74,54,2.0,4.5,南西,8.5,西,南西,0.0,0,76
2022,1,23,7.5,2.5,0.5,-1.1,3.2,-6.7,84,58,1.4,3.4,南西,5.2,南西,南南西,4.0,9,79
2022,1,24,8.0,3.0,1.0,-0.4,1.7,-1.8,90,63,1.5,3.9,西北西,8.6,西北西,北西,0.0,14,90
2022,1,25,0.0,0.0,0.0,0.0,3.4,-3.8,80,51,1.4,2.9,西南西,5.2,南西,南南西,0.0,0,86
2022,1,26,0.0,0.0,0.0,-0.5,4.2,-4.9,86,62,1.1,2.6,北北西,5.1,北北西,南南西,0.3,0,78
2022,1,27,2.0,1.5,1.0,-0.8,1.1,-2.4,84,69,2.5,5.4,西南西,10.3,西,南西,3.5,6,80
2022,1,28,0.5,0.5,0.5,-2.1,1.4,-4.6,84,51,2.1,5.1,西,8.9,西,西南西,5.2,1,76
2022,1,29,4.5,2.5,1.0,-2.9,0.1,-5.1,83,56,2.6,4.8,西,9.7,南西,南西,0.9,13,86
2022,1,30,6.0,2.0,1.0,-5.0,-2.8,-6.8,89,76,2.0,4.2,西,8.8,西北西,西南西,0.1,10,91
2022,1,31,6.5,1.5,0.5,-5.0,-3.0,-7.2,90,77,2.1,4.6,西南西,9.1,西南西,西南西,0.0,9,98
2022,2,1,0.5,1.0,0.5,-3.1,1.5,-7.1,79,53,1.7,4.3,南西,6.5,南西,南西,1.8,1,99
2022,2,2,0.0,0.0,0.0,-1.5,1.3,-4.4,81,65,2.3,4.9,西南西,8.7,西,西南西,3.0,0,89
2022,2,3,1.0,0.5,0.5,-2.7,0.8,-4.7,79,49,2.5,7.0,西,13.2,西,西南西,1.2,4,88
2022,2,4,1.0,0.5,0.5,-3.4,-0.9,-5.1,82,52,2.3,5.6,南西,9.0,西南西,南西,3.7,3,88
2022,2,5,1.5,0.5,0.5,-4.7,-1.9,-8.2,88,65,2.2,4.9,西南西,9.7,西,西南西,2.9,3,87
2022,2,6,2.0,1.0,0.5,-4.4,-1.2,-8.0,86,52,2.3,4.6,西南西,8.7,西,西南西,2.4,5,91
2022,2,7,0.5,0.5,0.5,-3.2,-1.1,-5.2,83,66,2.1,4.4,南西,7.3,南西,西南西,0.6,2,86
2022,2,8,0.0,0.0,0.0,-1.8,0.7,-3.8,78,64,2.1,4.3,南西,7.1,西南西,南西,0.7,0,85
2022,2,9,0.0,0.0,0.0,-0.5,3.0,-3.3,69,49,2.0,4.6,西,8.5,西,南西,1.6,0,81
2022,2,10,0.0,0.0,0.0,-0.6,2.0,-2.7,74,48,1.1,2.7,北東,4.5,北東,北北西,3.0,0,74
2022,2,11,0.0,0.0,0.0,-2.3,3.4,-6.6,79,46,1.1,2.0,南西,3.7,西南西,西南西,8.7,0,72
2022,2,12,1.0,1.0,0.5,0.3,4.6,-4.9,79,50,1.3,4.6,西,8.4,西,南,5.6,1,71
2022,2,13,0.0,0.0,0.0,0.2,2.7,-2.8,67,46,2.0,6.0,西,9.9,西,西,4.5,0,70
2022,2,14,0.5,0.5,0.5,-1.3,2.5,-5.1,84,69,1.3,2.8,南西,5.2,西南西,南西,1.3,1,70
2022,2,15,1.0 ),0.5 ),0.5 ),-1.8 ),3.0 ),-6.6 ),89 ),54 ),2.0 ),4.1 ),南東 ),7.9 ),南南東 ),南東 ),0.0,2 ),71 )
2022,2,16,2.0,0.5,0.5,1.2,4.4,-3.7,86,65,2.2,4.3,南東,7.8,東南東,東南東,2.7,4,72
2022,2,17,0.5,0.5,0.5,-0.4,4.3,-4.6,84,47,1.4,3.5,東南東,6.3,南南東,西南西,3.8,1,70
2022,2,18,3.0,1.0,0.5,-1.5,2.3,-5.0,92,61,1.2,3.1,西南西,6.0,西北西,南西,0.6,6,73
2022,2,19,0.0,0.0,0.0,-0.5,4.9,-7.3,80,53,1.2,2.6,南東,4.5,南南東,南南西,1.9,0,72
2022,2,20,2.5,1.0,0.5,-0.3,2.7,-4.7,80,50,3.2,6.9,西北西,13.6,西北西,北西,2.8,6,73
2022,2,21,8.5,1.5,0.5,-4.6,-2.6,-5.6,84,51,4.9,9.1,西北西,16.5,西,西,0.1,16,87
2022,2,22,15.0,2.5,1.0,-4.8,-3.0,-5.8,92,68,3.4,6.7,西,13.0,西,西南西,0.4,21,105
2022,2,23,6.5,3.0,1.0,-3.4,-1.4,-7.0,90,78,2.6,5.0,西南西,8.7,南西,南南西,1.5,10,112
2022,2,24,0.5,0.5,0.5,-1.6,0.5,-4.8,84,63,2.6,5.2,西南西,9.8,西,西南西,2.4,2 ),104
2022,2,25,0.0,0.0,0.0,0.8,3.1,-1.6,69,53,2.9,5.9,西南西,10.9,西,西,4.3,1,96
2022,2,26,14.5,4.5,1.5,3.4,7.4,-2.8,78,49,2.6,6.6,南西,12.8,西南西,南西,0.7,0,86
2022,2,27,15.5,6.0,1.5,2.4,5.7,0.0,80,50,2.4,6.2,西,12.8,西,西,0.0,0,78
2022,2,28,0.0,0.0,0.0,2.0,5.0,-2.3,55,40,3.4,7.1,西,15.5,西,西,8.2,0,76
2022,3,1,10.0,4.0,1.5,1.0,5.2,-2.9,85,53,1.6,3.4,南西,5.0,西南西,南西,0.0,0,74
2022,3,2,0.0,0.0,0.0,1.6,5.0,-1.7,67,40,2.1,5.4,南西,9.3,西,南西,6.4,0,71
2022,3,3,7.0,3.5,1.5,1.0,5.0,-2.3,78,50,2.7,7.1,西,18.7,西北西,西北西,0.5,6,76
2022,3,4,0.0,0.0,0.0,0.6,4.7,-3.8,60,38,2.1,4.4,西南西,8.2,西,西南西,9.7,0,73
2022,3,5,6.0,2.5,1.0,0.9,7.1,-4.7,77,35,2.1,7.2,西,13.9,西,南南西,1.4,1,71
2022,3,6,6.0,1.0,0.5,0.9,2.7,-1.4,79,50,4.4,9.0,西北西,17.8,西北西,西南西,0.8,5,73
2022,3,7,0.5,0.5,0.5,2.7,5.8,1.5,74,44,2.7,6.1,北西,12.7,北北西,北西,2.4,0,72
2022,3,8,0.0,0.0,0.0,1.4,5.8,-2.9,65,34,1.8,5.2,南西,8.4,西南西,西南西,10.8,0,68
2022,3,9,0.0,0.0,0.0,0.7,5.8,-4.2,68,42,1.8,3.9,北北東,7.3,北北東,南南西,10.0,0,66
2022,3,10,0.0,0.0,0.0,1.8,7.0,-4.3,70,36,1.5,3.2,北,5.2,北,南南西,10.8,0,63
2022,3,11,1.5,1.5,1.0,5.2,12.3,-2.3,68,31,1.9,5.2,南南西,8.8,南南西,南,1.5,0,60
2022,3,12,0.0,0.0,0.0,4.9,7.4,0.3,53,33,2.5,5.9,西,9.9,西北西,南西,11.0,0,54
2022,3,13,4.0,2.5,0.5,1.5,4.0,0.0,87,55,0.9,2.4,西南西,4.4,南西,西南西,0.0,2,53
2022,3,14,2.0,1.0,0.5,3.7,7.0,1.5,88,70,1.3,3.1,東,6.7,東南東,西南西,0.9,0,51
2022,3,15,10.0,5.0,1.5,5.2,9.8,1.9,82,67,3.6,7.9,南西,17.6,西南西,南西,0.4,0,46
2022,3,16,1.0,1.0,0.5,3.8,8.1,0.6,82,52,1.2,3.5,北北西,6.6,北北西,南南西,4.3,0,36
2022,3,17,1.5,1.0,0.5,2.6,7.2,-0.5,86,56,1.5,4.8,南西,8.8,西北西,南西,2.3,0,33
2022,3,18,6.0,2.0,0.5,2.2,5.1,-0.3,69,42,1.3,3.4,南西,5.9,西南西,北西,1.2,4,32
2022,3,19,15.5,3.5,1.0,1.6,3.8,0.1,94,76,2.0,5.3,北,9.4,北北東,北北東,0.7,11,43
2022,3,20,4.0,1.0,0.5,1.9,4.1,-0.3,88,69,2.1,5.3,西北西,10.8,西北西,西南西,0.2,1,34
2022,3,21,0.5,0.5,0.5,0.9,4.6,-2.9,68,38,2.2,6.8,西,14.7,西,西南西,2.4,2,33
2022,3,22,0.0,0.0,0.0,1.5,7.0,-4.4,56,24,1.6,3.8,北,6.4,北,南南西,8.1,0,31
2022,3,23,0.0,0.0,0.0,3.1,8.2,-2.7,73,43,1.4,3.5,北,5.9,北,南南西,6.3,0,29
2022,3,24,0.5,0.5,0.5,4.4,8.8,1.4,76,46,1.5,3.2,北,5.3,北北西,南西,4.8,0,25
2022,3,25,0.5,0.5,0.5,5.8,11.4,0.3,68,31,1.3,3.2,西南西,5.0,西南西,南南西,8.6,0,20
2022,3,26,7.0,2.5,0.5,7.0,13.8,2.4,73,33,1.2,2.6,南東,7.2,南西,西南西,0.0,0,15
2022,3,27,0.0,0.0,0.0,8.0,13.1,1.1,64,29,2.4,5.2,南西,9.8,西,西南西,8.4,0,10
2022,3,28,3.0,2.0,1.0,5.4,9.4,1.0,58,36,3.3,6.9,西,13.7,西,西,9.5,0,0
2022,3,29,0.0,0.0,0.0,5.3,13.2,-0.9,56,28,1.6,4.2,北北西,7.2,北,南南西,11.5,0,0
2022,3,30,0.0,0.0,0.0,9.5,15.3,0.4,61,34,2.7,6.7,南西,13.3,南西,西南西,9.1,0,0
2022,3,31,0.0,0.0,0.0,4.8,9.9,1.3,73,29,2.3,4.9,北北西,10.1,北北西,北北西,4.5,0,0
2022,4,1,2.0,1.5,0.5,2.5,6.6,0.2,60,39,3.3,6.5,西,14.3,北西,西北西,2.3,0,0
2022,4,2,0.0,0.0,0.0,4.6,10.4,0.2,48,26,2.4,5.3,西,10.1,西,南西,11.4,0,0
2022,4,3,0.0,0.0,0.0,4.9,12.6,-1.7,59,23,1.8,5.1,北,8.6,北,南南西,11.8,0,0
2022,4,4,0.0,0.0,0.0,7.2,15.6,-0.1,67,38,1.5,4.0,北,6.2,北,南南西,5.2,0,0
2022,4,5,0.0,0.0,0.0,9.7,18.4,1.6,69,35,1.6,4.5,南南西,8.0,南南西,南南西,12.2,0,0
2022,4,6,0.0,0.0,0.0,7.3,14.7,0.5,68,48,2.3,5.3,南南西,10.7,北北西,南南西,3.2,0,0
2022,4,7,20.0,4.5,1.0,3.0,11.6,-1.6,71,21,1.3,4.6,南,8.5,南,南西,6.4,3,3
2022,4,8,3.0,1.0,0.5,4.8,10.3,0.7,74,42,2.1,5.8,西,9.5,西,西南西,8.0,0,2
2022,4,9,0.0,0.0,0.0,11.5,19.8,-0.1,51,19,3.0,7.2,南南西,13.3,南南西,南西,11.9,0,0
2022,4,10,0.0,0.0,0.0,15.0,23.1,5.2,57,29,2.4,6.2,南西,10.9,南南西,南西,8.8,0,0
2022,4,11,0.0,0.0,0.0,17.7,26.2,10.1,42,14,2.3,5.8,西南西,11.2,西,南西,10.7,0,0
2022,4,12,0.0,0.0,0.0,16.7,24.3,7.7,56,29,2.2,5.2,南西,9.9,南西,南西,11.9,0,0
2022,4,13,1.5,1.0,0.5,9.6,16.3,5.8,94,81,1.7,4.1,北,7.5,北西,北東,0.0,0,0
2022,4,14,0.5,0.5,0.5,7.0,9.5,4.9,80,62,2.4,5.3,東南東,10.5,南東,東南東,0.3,0,0
2022,4,15,1.5,1.0,0.5,5.8,8.2,4.1,90,83,1.4,4.0,北東,7.7,北東,北東,0.0,0,0
2022,4,16,0.0,0.0,0.0,6.9,13.0,1.8,62,22,1.9,5.5,北北西,9.5,北,北西,9.0,0,0
2022,4,17,0.0,0.0,0.0,9.7,16.7,1.5,45,20,2.5,5.8,西,10.6,西,西南西,12.5,0,0
2022,4,18,0.0,0.0,0.0,11.9,18.4,2.3,40,19,2.1,4.5,南南西,8.6,南西,南南西,5.7,0,0
2022,4,19,0.0,0.0,0.0,9.0,15.0,3.2,51,12,2.0,4.2,北北西,8.5,北,北北西,12.3,0,0
2022,4,20,0.0,0.0,0.0,11.2,21.4,1.9,37,10,1.7,3.9,南南西,8.9,南西,南南西,12.6,0,0
2022,4,21,0.0,0.0,0.0,16.0,24.6,4.7,35,17,2.3,6.0,西南西,10.6,南西,南南西,9.9,0,0
2022,4,22,1.0,0.5,0.5,14.2,18.3,10.0,71,50,2.3,4.8,西南西,9.8,南南西,南西,0.8,0,0
2022,4,23,0.0,0.0,0.0,12.6,16.3,5.2,54,33,3.4,6.9,西,11.8,西,西,7.6,0,0
2022,4,24,0.0,0.0,0.0,14.1,25.0,1.8,42,8,2.1,5.9,南西,11.5,南西,南西,11.3,0,0
2022,4,25,0.0,0.0,0.0,14.1,23.6,9.4,78,34,1.8,5.8,北,10.0,北,北,11.6,0,0
2022,4,26,5.0,2.5,1.0,16.1,25.4,8.8,80,37,1.1,3.1,北東,5.1,北東,北東,0.2,0,0
2022,4,27,0.0,0.5,0.0,12.7,16.9,5.9,62,35,3.5,8.0,西南西,16.9,西南西,西南西,9.8,0,0
2022,4,28,0.0,0.0,0.0,11.0,17.5,5.8,53,25,3.1,6.3,北北西,12.1,北北西,西南西,12.7,0,0
2022,4,29,9.0,2.5,0.5,6.9,11.0,4.6,79,38,1.5,3.4,東北東,7.5,東北東,南西,0.0,0,0
2022,4,30,0.5,0.5,0.5,8.7,15.6,1.8,65,23,2.2,5.5,北,9.6,北,北,11.8,0,0
2022,5,1,0.5,0.5,0.5,9.5,13.7,5.6,75,52,1.8,4.4,南,7.9,南,南西,0.0,0,0
2022,5,2,2.0,1.5,1.5,8.7,14.7,3.7,67,32,2.9,5.7,西,10.6,西,南西,8.7,0,0
2022,5,3,0.5,0.5,0.5,10.1,15.1,4.3,63,38,3.3,6.9,西南西,12.5,西南西,西南西,9.6,0,0
2022,5,4,0.0,0.0,0.0,14.1,19.6,10.4,61,43,4.7,11.3,南西,19.9,南西,南南西,8.6,0,0
2022,5,5,0.0,0.0,0.0,17.7,26.9,9.5,50,17,2.1,5.2,西南西,10.1,西,西南西,13.1,0,0
2022,5,6,0.0,0.0,0.0,18.8,30.4,7.8,47,17,1.8,5.1,北北東,9.0,北,南西,13.4,0,0
2022,5,7,7.5,6.5,2.5,18.3,27.7,9.7,55,28,2.3,6.2,西南西,11.7,西南西,南南西,9.4,0,0
2022,5,8,0.0,0.5,0.0,11.8,17.1,6.6,54,26,3.2,6.6,南西,12.5,西南西,西,13.0,0,0
2022,5,9,0.0,0.0,0.0,12.3,19.2,4.4,50,20,3.2,6.0,南西,12.2,南西,西南西,12.9,0,0
2022,5,10,0.0,0.0,0.0,14.2,23.7,6.0,51,16,2.1,5.5,北北東,9.9,北北東,南,13.5,0,0
2022,5,11,0.0 ),0.0 ),0.0 ),15.9 ),28.1 ),6.8 ),48 ),21 ),1.7 ),4.7 ),北 ),8.0 ),北 ),南西 ),11.8,0,0
2022,5,12,0.0,0.0,0.0,18.2,24.4,12.7,62,39,1.4,5.0,北北東,8.4,北,北,4.6,0,0
2022,5,13,0.5,0.5,0.5,17.7,24.2,14.3,82,58,1.3,3.6,東北東,6.1,北,北東,0.0,0,0
2022,5,14,0.5,0.5,0.5,15.7,22.5,12.3,78,57,2.2,5.9,西北西,12.6,西南西,西,1.6,0,0
2022,5,15,1.0,0.5,0.5,12.3,16.0,7.0,66,48,2.9,6.3,南西,10.5,西南西,南西,4.1,0,0
2022,5,16,0.0,0.0,0.0,13.8,22.2,5.9,60,19,1.9,3.6,北東,7.0,北,南西,13.2,0,0
2022,5,17,0.0,0.0,0.0,14.9,23.9,7.7,49,19,2.0,4.8,北,8.2,北,南南西,9.6,0,0
2022,5,18,0.0,0.0,0.0,16.4,24.6,6.6,44,20,2.0,4.4,西,8.9,西,南南西,13.6,0,0
2022,5,19,0.0,0.0,0.0,17.5,24.8,8.6,54,28,2.0,5.5,南西,10.4,南南西,南南西,4.4,0,0
2022,5,20,0.0,0.0,0.0,17.7,23.8,11.3,64,38,1.9,4.8,南,8.9,南西,南,7.7,0,0
2022,5,21,0.0,0.0,0.0,19.6,28.0,10.6,52,25,1.7,4.6,西,8.7,西,南,7.5,0,0
2022,5,22,1.0,0.5,0.5,16.9,21.9,14.3,80,53,1.4,4.5,南東,8.5,東南東,西南西,0.4,0,0
2022,5,23,0.0,0.0,0.0,16.3,21.7,12.6,81,49,1.3,3.6,北,6.5,北,北北西,2.3,0,0
2022,5,24,0.0,0.0,0.0,16.8,22.8 ),11.9 ),81,62 ),1.8 ),4.4 ),北 ),8.0 ),北 ),北 ),12.6,0,0
2022,5,25,0.0,0.0,0.0,19.8,30.7,11.1,58,23,1.8,5.6,北,9.4,北,南西,13.6,0,0
2022,5,26,0.0,0.0,0.0,20.8,29.7,13.5,67,35,1.8,4.7,北,8.6,北,南南西,10.3,0,0
2022,5,27,16.0,4.5,1.5,16.4,19.7,12.8,96,83,1.0,2.1,西,4.4,西北西,北東,0.8,0,0
2022,5,28,3.0,1.0,0.5,14.6,18.2,12.4,85,59,2.1,5.1,西南西,10.9,西南西,西南西,1.2,0,0
2022,5,29,0.0,0.0,0.0,16.4,21.0,12.1,79,62,2.6,6.3,北,11.3,北,北,12.2,0,0
2022,5,30,0.0,0.0,0.0,17.3,23.9,12.0,68,44,2.6,5.1,東南東,10.6,南東,東南東,11.4,0,0
2022,5,31,12.0,7.5,3.0,14.8,16.4,13.4,86,68,2.3,4.5,東,8.5,東,東,0.0,0,0
2022,6,1,0.5,0.5,0.5,16.4,19.9,13.5,79,52,2.2,4.4,北北東,8.2,北北東,西,7.7,0,0
2022,6,2,2.5,2.5,1.0,16.7,22.3,10.8,79,41,1.4,2.6,南南西,5.5,北東,北北東,6.1,0,0
2022,6,3,21.0,8.0,7.0,14.8,18.3,11.9,93,72,1.2,2.9,北北東,5.7,北北東,北北東,2.0,0,0
2022,6,4,0.0,0.0,0.0,14.0,18.8,11.6,78,58,1.9,4.1,西北西,8.5,西,西北西,3.5,0,0
2022,6,5,0.0,0.0,0.0,14.4,19.5,11.5,74,60,2.1,4.4,北東,8.7,南東,北北東,3.5,0,0
2022,6,6,9.0,2.5,0.5,13.3,16.7,10.4,77,60,3.4,6.0,東南東,11.8,東,南東,0.0,0,0
2022,6,7,12.0,3.0,1.0,11.5,14.6,7.4,86,67,1.9,4.2,北東,7.2,北東,北北東,0.0,0,0
2022,6,8,0.0,0.0,0.0,13.7,21.9,6.0,75,42,1.9,4.0,北東,6.9,東北東,北東,13.1,0,0
2022,6,9,0.0,0.0,0.0,15.3,22.3,8.3,77,44,1.8,4.1,北,7.8,北,北,11.8,0,0
2022,6,10,0.0,0.0,0.0,17.1,24.2,10.0,78,56,1.8,4.3,北,8.6,北,北北東,12.4,0,0
2022,6,11,0.0,0.0,0.0,16.8,23.0,13.5,86,63,1.9,5.1,北,9.2,北,北,6.4,0,0
2022,6,12,0.0,0.0,0.0,16.4,22.6,11.7,78,51,2.3,5.8,北,11.1,北,北北東,8.3,0,0
2022,6,13,0.0,0.0,0.0,15.8,20.7,10.8,77,59,1.4,3.4,北東,8.2,北北東,北北東,1.6,0,0
2022,6,14,0.0,0.0,0.0,16.9,26.3,9.3,69,22,2.2,5.7,東,9.9,東北東,北東,10.9,0,0
2022,6,15,1.5,1.5,0.5,15.8,20.8,10.0,84,54,1.3,3.3,南東,6.1,南東,北東,0.9,0,0
2022,6,16,0.0,0.0,0.0,19.7,24.2,14.1,82,60,2.5,7.7,南西,15.2,西南西,南西,5.8,0,0
2022,6,17,0.0,0.0,0.0,19.4,24.4,15.6,87,58,1.4,3.2,東,5.4,東北東,北東,1.7,0,0
2022,6,18,0.0,0.0,0.0,21.6,29.4,14.1,74,41,1.8,4.8,南南西,8.1,南南西,南南西,13.9,0,0
2022,6,19,2.5,1.5,1.5,20.9,26.0,15.7,85,67,1.3,3.7,南西,7.6,西,西南西,0.6,0,0
2022,6,20,0.0,1.5,0.0,22.3,28.4,15.4,67,34,2.3,5.0,西北西,10.0,西,西,12.5,0,0
2022,6,21,0.0,0.0,0.0,20.3,27.5,13.9,74,40,1.7,3.9,北,7.2,北北西,北,14.1,0,0
2022,6,22,0.0,0.0,0.0,20.8,27.8,14.6,80,55,1.8,4.5,北東,8.1,北東,北東,10.9,0,0
2022,6,23,0.0,0.0,0.0,20.5,26.2,16.3,86,67,1.4,3.6,北東,7.0,北東,北東,3.1,0,0
2022,6,24,10.0,2.5,2.0,22.9,25.6,18.1,93,73,1.4,3.5,南南西,8.9,南南西,南南西,0.0,0,0
2022,6,25,0.0,0.0,0.0,24.4,29.5,19.6,75,54,2.7,6.2,西南西,11.6,南南西,南南西,9.0,0,0
2022,6,26,3.0,2.0,1.0,24.0,29.2,17.9,79,57,2.6,7.7,西南西,14.7,西南西,西南西,8.5,0,0
2022,6,27,4.0,4.0,3.0,24.0,29.4,19.3,79,47,2.3,5.4,南西,9.4,西南西,西南西,10.7,0,0
2022,6,28,75.0,24.0,6.5,23.0,27.2,19.2,93,75,2.0,5.2,南西,9.6,南西,南西,0.0,0,0
2022,6,29,12.5,3.5,1.0,24.5,27.0,23.5,88,69,4.6,8.8,西南西,15.8,西南西,西南西,0.0,0,0
2022,6,30,27.0,16.0,6.0,23.3,28.9,19.6,91,69,1.9,4.1,東北東,7.9,西南西,北,3.3,0,0
2022,7,1,3.0,2.5,1.0,21.0,23.4,18.5,96,86,1.0,2.8,北,4.6,北北東,北北東,0.1,0,0
2022,7,2,0.0,0.0,0.0,24.8,31.2,20.2,86,56,1.1,3.5,西南西,5.9,西南西,北東,2.3,0,0
2022,7,3,0.0,0.0,0.0,25.9,32.7,19.1,79,55,1.6,4.0,北東,6.6,北東,北東,14.0,0,0
2022,7,4,0.0,0.0,0.0,26.2,31.2,20.3,76,60,1.9,4.1,西南西,8.0,西南西,西,9.0,0,0
2022,7,5,36.0,23.0,7.0,23.7,30.2,20.5,90,60,1.1,4.3,東北東,7.4,東北東,北,3.6,0,0
2022,7,6,0.0,0.0,0.0,23.9,31.1,19.2,85,54,1.8,3.8,北東,7.1,東北東,北東,11.0,0,0
2022,7,7,0.0,0.0,0.0,22.6,28.6,18.8,85,66,1.9,4.4,北東,7.8,北北東,北東,10.4,0,0
2022,7,8,0.0,0.0,0.0,23.6,31.0,18.4,78,52,2.3,5.0,東南東,10.1,南東,北東,11.0,0,0
2022,7,9,0.0,0.0,0.0,22.8,28.5,18.4,80,62,2.1,5.0,東南東,10.7,東南東,北北東,9.3,0,0
2022,7,10,3.5,2.0,1.0,23.1,28.6,19.3,85,61,1.3,2.8,北,5.8,北北西,北,4.7,0,0
2022,7,11,0.0,0.0,0.0,25.1,32.3,19.6,82,56,1.7,4.3,北東,7.0,北東,北東,12.1,0,0
2022,7,12,13.0,7.0,2.0,24.0,27.9,21.3,91,76,1.4,3.1,北北東,5.4,北東,北東,0.3,0,0
2022,7,13,14.5,11.5,3.5,21.9,25.9,19.6,95,75,1.5,3.3,南東,7.3,東南東,北東,0.1,0,0
2022,7,14,0.0,0.0,0.0,22.8,28.2,18.6,80,57,2.5,5.2,東,9.8,南東,東南東,8.8,0,0
2022,7,15,4.0,3.5,1.5,22.9,27.0,19.0,83,67,1.5,4.2,南南東,7.9,南東,南東,0.1,0,0
2022,7,16,6.5,3.5,2.0,21.8,27.2,18.3,89,66,2.0,5.0,南東,10.6,南東,北北東,0.5,0,0
2022,7,17,1.5,1.0,0.5,20.2,24.3,18.4,96,83,1.1,2.2,北北東,4.3,北東,北東,1.7,0,0
2022,7,18,0.0,0.0,0.0,22.8,28.5,17.4,90,72,1.4,4.0,北,6.3,北,北,5.1,0,0
2022,7,19,16.0,8.5,3.0,22.6,25.8,19.9,96,81,1.3,2.9,北東,5.4,北東,北東,0.0,0,0
2022,7,20,7.0,3.5,2.5,22.6,27.0,20.1,93,75,1.4,6.1,西北西,12.1,西,北北東,0.0,0,0
2022,7,21,4.0,2.5,2.0,22.8,26.8,20.6,94,73,1.3,3.7,北北東,6.5,北,北北東,0.9,0,0
2022,7,22,7.5,4.0,2.0,21.1,23.3,20.1,98,83,1.0,2.6,北東,4.8,南東,北東,0.0,0,0
2022,7,23,0.5,0.5,0.5,21.8,24.6,19.8,95,84,1.1,2.5,北東,4.5,東北東,北東,0.0,0,0
2022,7,24,1.0,1.0,0.5,22.6,25.4,20.4,87,74,1.5,3.4,北,5.9,北,北北東,1.2,0,0
2022,7,25,0.0,0.0,0.0,22.9,28.3,18.5,88,69,1.5,4.3,北,7.1,北,北,8.8,0,0
2022,7,26,0.0,0.0,0.0,24.8,30.9,19.5,86,67,1.4,3.9,北,7.1,北,北,9.4,0,0
2022,7,27,0.0,0.0,0.0,24.7,29.6,20.4,88,70,1.7,4.0,北,7.7,北,北,6.8,0,0
2022,7,28,0.0,0.0,0.0,24.5,29.0,20.8,85,66,1.7,5.1,北,8.4,北北東,北,10.7,0,0
2022,7,29,0.0,0.0,0.0,25.2,30.6,19.8,85,60,1.6,3.8,北,6.9,北,北,13.1,0,0
2022,7,30,0.0,0.0,0.0,25.3,30.4,20.0,87,71,1.8,4.9,北,8.0,北,北,12.2,0,0
2022,7,31,0.0,0.0,0.0,27.0,33.8,19.5,76,54,1.6,3.7,西北西,7.2,西北西,西南西,11.1,0,0
2022,8,1,21.5,11.0,6.0,25.5,29.1,23.8,95,84,1.1,3.3,北東,5.9,東北東,北東,0.0,0,0
2022,8,2,16.0,8.0,5.5,26.1,29.5,24.3,92,76,1.6,4.5,西南西,9.2,西,北,0.0,0,0
2022,8,3,86.0,28.5,7.0,23.0,28.2,19.0,93,72,1.6,4.5,北,8.4,北,北東,2.9,0,0
2022,8,4,0.0,0.0,0.0,22.7,28.9,17.4,80,55,1.8,3.9,東北東,6.9,東北東,東北東,10.7,0,0
2022,8,5,0.0,0.0,0.0,22.7,29.6,17.6,82,58,1.7,3.9,北北東,7.1,北北東,北東,11.9,0,0
2022,8,6,0.0,0.0,0.0,22.9,29.0,18.0,83,62,1.6,3.8,北北東,6.6,北東,北東,10.2,0,0
2022,8,7,0.0,0.0,0.0,24.1,28.1,20.1,91,76,1.0,2.2,北北東,4.1,北北東,北北東,0.5,0,0
2022,8,8,0.0,0.0,0.0,27.5,32.2,22.1,83,63,2.1,4.9,南,8.7,南西,南南西,0.7,0,0
2022,8,9,137.0,25.5,11.0,23.6,26.6,21.3,99,87,1.4,4.2,西南西,9.0,西南西,北東,0.0,0,0
2022,8,10,36.0,14.5,4.5,22.8,25.3,20.2,99,88,1.0,2.8,東南東,5.6,東南東,東,0.0,0,0
2022,8,11,32.5,7.5,3.5,24.7,28.8,22.8,96,74,1.3,4.2,南西,8.5,南西,南南西,0.1,0,0
2022,8,12,30.5,11.0,6.0,25.9,30.9,22.4,89,64,1.3,3.5,南西,8.7,南南西,南,1.9,0,0
2022,8,13,0.0,0.0,0.0,24.7,29.5,22.3,91,73,1.6,4.4,北,7.4,北,北,8.4,0,0
2022,8,14,0.0,0.0,0.0,24.1,30.2,20.7,85,54,1.6,4.4,北,8.0,北北東,南西,5.5,0,0
2022,8,15,34.5,21.5,12.0,23.1,27.2,19.6,86,63,1.3,3.5,北北西,8.2,北北西,南南西,0.3,0,0
2022,8,16,12.0,6.0,2.5,26.1,30.6,21.2,84,64,3.2,7.5,西南西,13.8,南西,南西,2.9,0,0
2022,8,17,0.0,0.0,0.0,23.6,28.5,20.2,83,57,1.6,3.8,北,6.5,北東,北,9.2,0,0
2022,8,18,44.5,8.5,3.5,20.3,22.2,18.7,99,93,1.5,3.9,北北東,7.2,北,北北東,0.0,0,0
2022,8,19,0.0,0.0,0.0,22.7,28.4,17.7,78,50,1.6,3.7,西南西,7.6,南西,西南西,12.2,0,0
2022,8,20,3.5,2.0,1.5,23.4,27.9,19.5,89,64,1.6,4.4,南南西,9.4,南南東,南,0.0,0,0
2022,8,21,0.0,0.0,0.0,23.0,28.6,18.9,77,33,1.6,4.1,北,7.2,北,南西,12.4,0,0
2022,8,22,0.0,0.0,0.0,24.2,31.2,16.6,80,56,1.4,2.8,北東,5.4,北東,南南西,11.3,0,0
2022,8,23,3.0,2.5,1.0,25.8,31.9,21.5,82,66,1.9,4.8,西南西,9.6,西南西,西南西,2.6,0,0
2022,8,24,0.0,0.0,0.0,21.6,28.4,16.5,74,40,2.0,4.1,北北西,9.0,西北西,南西,10.8,0,0
2022,8,25,0.0,0.0,0.0,21.5,28.7,15.3,78,53,1.6,4.0,北,6.8,北北西,北,9.0,0,0
2022,8,26,0.0,0.0,0.0,21.9,26.6,19.7,79,47,1.3,2.4,北北西,5.5,北北西,南西,2.4,0,0
2022,8,27,0.0,0.0,0.0 ),23.4,29.6 ),19.2 ),83,61 ),1.1 ),2.9 ),南西 ),5.6 ),南西 ),南西,0.3,0,0
2022,8,28,2.0,1.0,0.5,20.3,24.2,16.0,81,49,1.5,3.4,西,6.6,西南西,西,3.1,0,0
2022,8,29,0.0,0.0,0.0,20.0,25.6,14.2,77,47,1.5,3.0,北北東,5.7,北北東,南西,6.7,0,0
2022,8,30,9.0,2.0,0.5,20.6,25.8,16.5,87,62,1.2,2.5,南南西,4.1,南南西,西南西,0.6,0,0
2022,8,31,48.5,19.5,12.0,19.3,21.7,16.5,99,91,1.0,5.0,北西,12.2,北西,南南西,0.0,0,0
2022,9,1,11.0,5.0,1.5,21.7,25.3,19.9,96,81,1.0,2.9,北北東,4.9,北東,南南西,0.0,0,0
2022,9,2,0.0,0.0,0.0,20.0,23.8,16.2,84,64,1.5,4.1,北,8.6,北,北,0.0,0,0
2022,9,3,0.0,0.0,0.0,18.9,23.1,15.4,86,68,1.1,2.6,北東,5.4,東北東,西南西,0.0,0,0
2022,9,4,0.0,0.0,0.0,22.4,28.5,18.5,85,59,1.5,3.5,北東,6.6,北北東,北東,7.8,0,0
2022,9,5,0.0,0.0,0.0,24.1,31.8,18.3,85,57,1.4,3.9,北,6.6,東北東,北東,10.6,0,0
2022,9,6,0.0,0.0,0.0,27.5,34.9,20.8,70,43,2.4,6.4,南南西,12.8,西南西,南東,11.1,0,0
2022,9,7,0.0,0.0,0.0,23.3,28.6,17.3,68,40,1.9,3.7,北北東,6.9,北,南西,12.1,0,0
2022,9,8,0.0,0.0,0.0,19.9,26.4,15.0,74,41,1.6,3.7,北,6.5,北,南西,9.8,0,0
2022,9,9,0.0,0.0,0.0,20.8,29.0,15.1,74,26,1.5,4.0,北,6.6,北,南西,11.5,0,0
2022,9,10,0.0,0.0,0.0,20.6,27.9,14.8,76,51,1.9,3.9,北東,7.8,東北東,北東,12.1,0,0
2022,9,11,0.0,0.0,0.0,20.7,28.3,14.8,82,50,1.6,3.9,北,6.8,北,南西,10.7,0,0
2022,9,12,0.0 ),0.0 ),0.0 ),22.3,29.8 ),15.7 ),78,40 ),1.5 ),3.2 ),北東 ),5.5 ),北東 ),南南西,10.8,0,0
2022,9,13,0.0,0.0,0.0,23.5,30.5,18.7,79,41,1.5,4.0,北,7.0,北,西南西,7.9,0,0
2022,9,14,0.0,0.0,0.0,19.9,25.8,14.4,77,48,1.7,3.9,東北東,6.5,東北東,北東,10.6,0,0
2022,9,15,0.0,0.0,0.0,19.2,25.5,13.0,81,53,1.3,3.0,北東,5.1,東北東,北北東,7.5,0,0
2022,9,16,0.0,0.0,0.0,21.2,26.5,17.1,86,62,1.5,3.1,北,6.1,北,北北東,7.3,0,0
2022,9,17,0.0,0.0,0.0,23.5,32.6,16.8,82,45,1.3,3.7,北,6.4,南,南南西,11.4,0,0
2022,9,18,0.0,0.0,0.0,23.9,30.1,19.5,84,52,1.2,3.0,北,6.1,北,南西,3.3,0,0
2022,9,19,1.0,1.0,0.5,23.7,27.9,21.4,95,80,1.2,4.0,北,8.3,北,北,1.2,0,0
2022,9,20,43.5,13.5,3.0,16.0,21.5,12.7,78,50,2.8,5.1,北北西,12.6,北北西,北北西,2.1,0,0
2022,9,21,0.0,0.0,0.0,14.5,21.0,10.1,74,39,1.5,3.7,北,7.5,北西,南西,5.8,0,0
2022,9,22,0.0,0.0,0.0,16.7,25.1,8.4,74,43,2.1,5.0,南東,10.3,南東,南東,10.9,0,0
2022,9,23,4.5,3.0,1.5,19.9,23.3,16.2,93,80,0.9,2.0,西南西,3.5,南南西,西南西,0.0,0,0
2022,9,24,11.0,4.5,1.5,20.0,26.1,13.8,86,46,1.6,4.7,西南西,9.3,西南西,西南西,4.5,0,0
2022,9,25,0.0,0.0,0.0,18.3,24.7,12.5,78,51,1.5,4.0,北,6.6,北北東,南南西,10.2,0,0
2022,9,26,0.0,0.0,0.0,18.2,24.1,15.0,81,59,1.6,3.9,北,7.1,北,南南西,7.3,0,0
2022,9,27,0.0,0.0,0.0,18.2,24.0,14.3,81,50,1.3,3.2,北,5.0,北北東,南南西,4.6,0,0
2022,9,28,0.0,0.0,0.0,18.4,25.5,14.2,80,41,1.4,3.1,北東,5.2,東北東,南南西,7.0,0,0
2022,9,29,0.0,0.0,0.0,18.7,26.5,12.2,76,42,1.4,3.2,北北東,7.2,北西,南西,10.9,0,0
2022,9,30,0.0,0.0,0.0,19.4,26.7,13.9,81,51,1.6,3.7,北,6.4,北,南西,11.0,0,0
2022,10,1,0.0,0.0,0.0,19.0,27.2,12.9,79,46,1.6,4.0,北,6.8,北,南西,10.3,0,0
2022,10,2,0.0,0.0,0.0,18.9,26.0,11.8,77,47,1.4,2.6,北東,5.5,北東,南西,10.4,0,0
2022,10,3,0.0,0.0,0.0,19.8,25.2,14.2,80,51,1.2,3.5,南南西,6.3,南南西,南西,0.0,0,0
2022,10,4,28.5,12.0,4.0,19.8,23.7,14.1,84,49,2.9 ),6.1 ),南南西 ),11.8 ),南 ),南南西,0.0,0,0
2022,10,5,0.0,0.0,0.0,12.0,14.9,9.1,69,50,2.0,4.3,北西,9.6,西北西,西北西,0.1,0,0
2022,10,6,1.0,0.5,0.5,10.3,13.8,8.0,79,49,1.3,4.5,北,7.7,北北東,南西,0.6,0,0
2022,10,7,8.0,2.0,0.5,9.9,13.7,7.5,87,52,0.9,1.9,北北東,3.4,北,南南西,0.0,0,0
2022,10,8,0.5,1.0,0.5,11.8,16.3,8.2,85,54,1.5,2.8,北,5.9,北西,南西,2.5,0,0
2022,10,9,0.0,0.0,0.0,13.5,20.1,6.4,76,42,1.5,3.6,南東,6.7,南東,東南東,8.1,0,0
2022,10,10,24.5,5.0,2.5,15.5,19.2,12.1,99,90,0.8,1.8,南西,4.1,南西,東,0.0,0,0
2022,10,11,5.5,2.0,1.0,15.8,19.3,12.9,75,52,2.8,7.5,西南西,14.6,南西,南西,5.9,0,0
2022,10,12,0.0,0.0,0.0,13.2,19.0,7.9,73,45,2.0,3.7,南西,7.1,西北西,南西,5.2,0,0
2022,10,13,0.0,0.0,0.0,11.8,19.2,6.1,79,43,1.5,3.0,北東,5.6,北北東,南,10.3,0,0
2022,10,14,0.0,0.0,0.0,13.2,20.9,6.5,81,46,1.5,2.9,北東,5.1,北東,南南西,10.4,0,0
2022,10,15,0.0,0.0,0.0,15.2,22.0,10.9,87,60,1.2,2.7,北,5.1,北,南西,3.5,0,0
2022,10,16,0.0,0.0,0.0,15.9,22.2,10.4,84,54,1.3,2.4,北東,4.6,北,南,9.0,0,0
2022,10,17,0.5,0.5,0.5,15.1,21.9,9.5,82,55,1.8,4.2,北北西,9.2,西北西,南南西,1.1,0,0
2022,10,18,2.5,1.0,0.5,9.6,14.6,6.4,76,43,2.0,4.5,北北西,11.0,北西,南西,3.6,0,0
2022,10,19,1.0,0.5,0.5,9.3,14.4,5.6,78,54,1.9,4.7,西,10.8,西,南西,3.5,0,0
2022,10,20,0.0,0.0,0.0,11.7,17.6,6.1,71,40,1.9,5.6,南西,10.2,南西,南西,7.3,0,0
2022,10,21,0.0,0.0,0.0,14.6,20.9,7.8,76,46,1.5,4.5,西南西,8.7,西南西,南南西,5.6,0,0
2022,10,22,1.0,0.5,0.5,15.8,22.6,9.7,75,41,1.7,4.9,南西,9.5,南西,南西,4.8,0,0
2022,10,23,0.5,0.5,0.5,10.5,13.1,7.2,84,66,1.5,3.3,西南西,7.1,西南西,西南西,0.2,0,0
2022,10,24,3.0,1.0,1.0,7.7,13.4,4.9,84,41,1.9,4.8,北西,10.9,北西,南南西,3.5,0,0
2022,10,25,0.0,0.0,0.0,7.2,13.7,3.3,83,45,1.6,3.5,北北東,6.5,東北東,南西,3.8,0,0
2022,10,26,0.0,0.0,0.0,7.7,16.0,2.2,77,36,1.6,2.6,南西,4.8,北北東,南南西,8.6,0,0
2022,10,27,0.0,0.0,0.0,9.0,16.9,2.5,75,42,1.5,2.4,東南東,4.1,南東,南南西,7.5,0,0
2022,10,28,0.5,0.5,0.5,11.3,19.3,4.7,80,40,1.4,4.3,南西,7.3,西南西,南南西,6.4,0 ),0
2022,10,29,0.0,0.0,0.0,11.1,15.8,7.3,80,47,2.0,4.6,西南西,8.7,西北西,南西,6.2,0,0
2022,10,30,3.0,1.5,1.0,11.0,16.4,8.3,88,57,1.4,3.4,北北東,6.7,北西,南南西,2.5,0,0
2022,10,31,0.0,0.0,0.0,10.8,17.5,6.5,82,50,1.4,2.8,西南西,5.1,東南東,南西,8.6,0,0
2022,11,1,0.0,0.0,0.0,11.5,19.5,5.4,78,40,1.4,3.2,南南西,5.4,南南西,南西,6.8,0,0
2022,11,2,0.5,0.5,0.5,10.9,16.3,6.1,85,58,1.7,3.9,北北東,7.0,北北東,南西,7.0,0,0
2022,11,3,18.5,5.0,1.5,8.3,13.0,5.2,93,83,1.4,3.4,南西,6.6,南南西,南西,0.0,0,0
2022,11,4,3.5,2.5,1.0,6.3,11.3,3.2,84,46,1.8,4.5,北北西,10.1,西北西,南南西,2.9,0,0
2022,11,5,0.0,0.0,0.0,5.9,12.5,2.2,80,41,1.8,4.4,西,8.2,西北西,南南西,1.7,0,0
2022,11,6,0.5,0.5,0.5,6.8,13.5,2.5,80,53,1.7,3.9,西南西,6.9,西南西,南西,3.9,0,0
2022,11,7,0.0,0.0,0.0,8.1,15.0,1.6,76,40,1.3,2.7,西,5.7,西,南南西,7.0,0,0
2022,11,8,5.5,3.5,1.5,8.8,13.3,5.6,93,77,1.3,3.0,西南西,7.5,北北西,南西,1.7,0,0
2022,11,9,0.0,0.0,0.0,9.7,15.2,5.8,73,41,1.9,4.7,西南西,8.9,西,南南西,9.4,0,0
2022,11,10,1.5,1.0,0.5,11.4,17.9,5.7,81,44,1.7,5.1,西,9.9,西,南西,4.0,0,0
2022,11,11,0.0,0.0,0.0,7.1,13.6,2.9,77,43,1.5,3.1,北,5.3,北北西,南南西,9.5,0,0
2022,11,12,0.0,0.0,0.0,8.9,19.0,1.1,71,28,1.2,2.6,南西,5.1,北西,南南西,8.9,0,0
2022,11,13,11.5,4.5,1.0,13.5,22.9,7.0,76,37,3.4,7.0,南南西,13.8,南西,南南西,0.2,0,0
2022,11,14,2.0,1.0,0.5,7.4,11.2,3.7,78,51,2.1,4.4,西北西,10.5,北西,北西,3.7,0,0
2022,11,15,5.0,2.5,1.0,7.7,13.6,3.2,86,51,1.4,5.0,南南西,10.1,南南西,西南西,4.7,0,0
2022,11,16,3.0,1.0,0.5,5.8,9.2,3.6,85,59,1.9,5.5,南西,10.0,西南西,南西,3.5,0,0
2022,11,17,1.0,0.5,0.5,5.2,10.7,1.3,72,35,2.1,4.5,西,11.1,西,西南西,4.4,0,0
2022,11,18,7.5,2.5,1.0,5.9,12.4,1.8,83,41,1.4,4.2,南南西,8.5,南,南南西,3.6,0,0
2022,11,19,2.5,1.0,0.5,7.2,12.3,2.0,81,51,1.7,4.8,北西,9.8,北西,南南西,3.3,0,0
2022,11,20,0.0,0.0,0.0,7.5,16.8,0.4,79,42,1.6,3.6,東南東,6.3,南東,南西,8.8,0,0
2022,11,21,1.5,1.0,1.0,10.9,16.6,6.3,84,51,1.2,2.5,南南西,4.8,南南西,南南西,2.5,0,0
2022,11,22,1.0,1.0,0.5,7.5,10.4,2.7,69,40,2.1,4.5,北北西,10.4,北西,北西,8.4,0,0
2022,11,23,1.5,1.5,0.5,4.7,8.4,0.3,82,51,1.1,2.4,南西,3.9,南西,南西,1.8,0,0
2022,11,24,6.5 ),1.5 ),0.5 ),8.4,12.9 ),5.2 ),86,64 ),1.3 ),2.5 ),北北西 ),6.0 ),北北西 ),西北西,3.1,0,0
2022,11,25,0.0,0.0,0.0,7.9,13.9,2.9,73,43,1.5,4.6,西南西,7.6,西南西,南,7.1,0,0
2022,11,26,11.0,4.5,1.5,11.1,16.8,2.8,76,41,2.8,7.5,南南西,14.9,南西,南南西,1.0,0,0
2022,11,27,0.5,0.5,0.5,4.9,7.3,2.6,82,60,2.0,4.6,西,8.7,西,南西,1.1,0,0
2022,11,28,0.0,0.0,0.0,6.9,13.6,1.0,77,49,1.5,3.5,東南東,6.8,南東,南南西,6.1,0,0
2022,11,29,18.0,3.0,1.0,11.3,18.6,3.0,89,50,1.9,5.2,南,10.1,南,南,0.4,0,0
2022,11,30,5.0,1.0,0.5,4.0,9.9,-0.8,94,71,2.4,5.5,北北西,11.2,北北西,北北西,0.0,2,2
2022,12,1,8.5,1.5,0.5,-0.7,-0.1,-1.9,97,85,1.1,3.1,西,6.2,西北西,東南東,0.0,8,7
2022,12,2,3.5,1.0,0.5,-1.5,0.2,-3.1,91,76,1.4,2.7,南西,6.3,南西,南南西,3.0,3,8
2022,12,3,9.0,3.0,1.5,2.0,5.1,-3.0,93,69,1.4,3.9,南東,8.8,南南西,南南西,2.5,0,1
2022,12,4,14.5,2.0,0.5,0.4,4.5,-3.3,97,76,1.6,5.1,西,10.0,西北西,西,0.1,5,5
2022,12,5,1.5,0.5,0.5,-1.0,1.6,-4.0,88,74,1.6,3.0,西南西,5.8,西南西,南西,1.3,1,4
2022,12,6,0.0,0.0,0.0,-0.5,1.9,-3.1,93,78,1.2,3.4,南西,5.3,南西,南南西,0.0,0,0
2022,12,7,2.5,1.0,0.5,1.9,5.0,-1.6,91,65,1.5,5.0,西南西,11.4,西南西,南南西,0.1,2,2
2022,12,8,7.0,2.0,1.0,0.7,2.7,-1.2,98,89,1.8,4.8,西,9.0,西南西,西,0.5,2,2
2022,12,9,0.0,0.5,0.0,2.2,6.3,-0.3,85,56,1.6,3.5,南西,6.3,南西,南西,5.0,0,2
2022,12,10,0.5,0.5,0.5,3.1,8.4,0.2,82,40,1.5,3.7,西,9.7,西,南西,6.3,0,0
2022,12,11,0.0,0.0,0.0,2.7,5.6,0.8,80,54,1.3,3.6,北西,8.1,西北西,北西,0.0,0,0
2022,12,12,1.0,0.5,0.5,1.4,4.7,-0.5,85,53,1.1,3.3,北,6.1,北,東南東,0.9,0,0
2022,12,13,10.0,2.5,1.0,3.4,7.8,-1.0,91,63,1.5,5.5,西,11.6,西,南西,0.7,0,0
2022,12,14,21.0,3.5,1.0,-1.6,2.5,-4.7,91,60,2.9,7.9,西北西,17.0,西,西,0.1,21,21
2022,12,15,11.5,2.0,0.5,-2.6,-1.2,-3.9,92,67,2.9,5.9,西北西,12.2,西北西,西,0.2,8,24
2022,12,16,5.5,1.0,0.5,-2.6,-0.4,-3.6,90,59,2.8,5.2,西南西,12.9,西,西南西,0.2,6,27
2022,12,17,3.0,1.5,0.5,-0.6,4.8,-5.2,84,52,1.9,7.0,南南西,13.0,南西,南,1.1,2,27
2022,12,18,7.5,1.5,1.0,-2.6,1.7,-5.1,89,62,2.7,7.0,北西,16.3,北西,西,0.0,7,27
2022,12,19,2.0,1.0,0.5,-4.0,-1.5,-6.6,90,74,1.8,5.4,南西,9.5,西,南南西,3.1,3,30
2022,12,20,6.0,1.0,0.5,-1.7,0.4,-4.7,93,71,2.0,4.0,南西,7.9,西,西南西,1.2,11,32
2022,12,21,1.0,1.0,0.5,0.1,3.8,-3.5,90,65,1.3,2.9,東南東,5.2,東,南,4.8,3,34
2022,12,22,13.0,4.0,1.0,2.0,4.9,-1.6,96,79,1.6,4.4,南西,8.3,南西,南西,0.0,0,26
2022,12,23,2.0,1.0,0.5,2.5,5.9,-1.6,69,46,2.5,6.7,南西,12.9,西南西,南西,3.8,0,14
2022,12,24,3.5,2.0,1.0,2.3,6.5,-1.4,83,62,1.6,4.8,西北西,9.5,西北西,南南西,1.4,3,15
2022,12,25,28.5,3.5,1.5,1.1,2.4,0.3,98,87,1.6,3.4,南西,7.3,西北西,南西,0.0,8,19
2022,12,26,12.0,2.5,1.5,2.2,4.0,0.1,95,85,2.3,4.9,西北西,9.4,北北西,南西,0.2,1,18
2022,12,27,1.0,1.0,0.5,1.9,5.7,-1.4,93,73,1.3,2.5,北北東,4.3,北,南南西,3.0,1,17
2022,12,28,5.5,2.0,0.5,1.5,5.6,-0.7,96,67,1.0,1.9,西南西,3.0,西南西,南南西,0.1,1,16
2022,12,29,8.0,1.5,0.5,-1.0,0.9,-2.0,92,63,2.8,6.8,西南西,13.0,南西,西南西,0.0,14,29
2022,12,30,3.0,1.0,0.5,-1.0,1.0,-2.8,94,78,2.1,4.5,西南西,7.4,南西,南西,0.4,6,31
2022,12,31,0.0,0.0,0.0,0.9,4.6,-1.4,81,54,1.2,3.4,西南西,6.3,西南西,南西,0.9,0,30
2023,1,1,1.5,0.5,0.5,0.3,4.2,-2.8,75,44,3.0,7.7,西,14.4,西,西,3.1,3,24
2023,1,2,13.5,2.0,0.5,-3.7,-1.0,-4.7,86,45,3.1,8.1,西,16.0,西,西南西,0.3,24,45
2023,1,3,10.5,1.5,0.5,-3.4,-1.4,-4.6,92,68,1.9,4.7,西,9.0,西北西,南西,0.0,12,54
2023,1,4,8.5,3.0,1.0,-3.0,-1.5,-3.7,88,67,2.3,5.0,南西,9.8,西北西,西南西,0.0,12,61
2023,1,5,1.5,0.5,0.5,-1.0,1.1,-4.5,77,52,3.2,7.0,西,13.5,西,西,2.1,1,59
2023,1,6,0.0,0.0,0.0,0.2,2.6,-2.0,78,55,2.0,4.9,西南西,7.9,西南西,西南西,0.2,0,51
2023,1,7,0.5,0.5,0.5,-0.3,2.7,-3.3,94,77,1.2,3.7,南南西,5.9,南南西,南南西,0.2,1,47
2023,1,8,3.5,1.0,0.5,-1.2,1.2,-4.2,98,89,1.0,2.5,北,5.1,北,南南東,0.4,6,47
2023,1,9,2.5,1.0,0.5,1.2,6.0,-3.5,86,56,1.5,4.2,西北西,8.7,北西,南南西,1.9,1,45
2023,1,10,20.0,5.0,1.5,-1.5,-0.1,-2.6,89,65,2.5,6.1,西北西,12.2,西北西,北西,0.0,14,54
2023,1,11,0.0,0.0,0.0,1.9,6.7,-1.8,83,64,1.8,4.9,南西,8.4,南西,南南西,3.1,0,53
2023,1,12,0.0,0.0,0.0,2.8,10.0,-1.4,79,36,1.6,4.1,西南西,6.7,南西,南南西,5.9,0,43
2023,1,13,0.0,0.0,0.0,4.5,12.5,-1.6,87,54,1.3,4.0,南西,5.7,南西,南西,1.1,0,40
2023,1,14,6.0,1.5,0.5,4.1,7.5,1.4,98,91,1.2,3.1,南,3.8,北北東,北北西,0.0,0,35
2023,1,15,2.5,1.0,0.5,0.8,1.5,-0.1,100,100,0.9,1.7,北北西,3.6,北北西,北北西,0.0,2,31
2023,1,16,2.0,0.5,0.5,-0.5,1.1,-2.3,83,53,1.8,4.7,北西,9.8,北北西,北西,0.0,3,32
2023,1,17,0.0,0.0,0.0,-1.7,-0.3,-2.8,79,54,1.3,3.3,西南西,6.0,南西,西南西,0.0,0,31
2023,1,18,5.0,1.5,1.0,-1.5,0.8,-2.9,91,71,1.1,3.2,北西,6.9,北西,西,0.0,8,38
2023,1,19,1.0,1.0,0.5,-0.9,3.8,-5.0,82,48,1.0,3.0,東南東,5.0,東南東,西南西,6.1,2,37
2023,1,20,3.5,1.5,1.0,1.6,4.5,-0.4,87,51,2.1,8.9,南西,15.4,南西,南南西,0.2,1,36
2023,1,21,13.5,2.5,1.0,-2.0,4.0,-5.1,88,61,3.4,9.9,西北西,19.1,北西,西北西,0.2,17,48
2023,1,22,6.0,3.5,1.0,-3.2,-1.2,-5.2,85,67,1.7,3.5,北西,6.9,北西,西南西,3.0,15,55
2023,1,23,2.5,1.0,0.5,-3.1,3.2,-9.1,88,51,1.3,5.7,西南西,11.5,南西,西南西,1.6,6,58
2023,1,24,14.5,3.5,1.0,-4.9,0.9,-10.1,86,62,3.0,6.7,西北西,12.0,北西,北西,0.0,21,71
2023,1,25,8.0,1.0,0.5,-8.4,-5.5,-10.1,80,51,5.1,7.6,西北西,16.5,西北西,西,0.0,6,72
2023,1,26,10.5,3.0,0.5,-4.9,-3.6,-6.6,86,65,2.5,7.5,西,15.8,西北西,西,0.0,14,83
2023,1,27,1.0,0.5,0.5,-5.0,0.4,-10.4,89,60,1.5,4.1,南西,6.1,南西,南西,2.4,0,78
2023,1,28,10.5,2.0,0.5,-5.7,-3.7,-7.4,92,68,2.3,5.5,南西,10.0,西南西,西南西,0.5,16,84
2023,1,29,6.5,2.0,1.0,-6.1,-4.1,-8.2,89,75,2.1,5.2,西,10.4,西南西,南西,1.1,6,89
2023,1,30,6.0,3.0,1.0,-4.2,-0.1,-9.4,86,50,1.4,2.9,西南西,5.9,西南西,南南西,3.8,8,85
2023,1,31,5.5,1.5,1.0,-3.8,-2.1,-5.5,91,76,2.6,4.9,西南西,7.8,西南西,南西,2.8,8,91
2023,2,1,8.0,1.5,0.5,-0.3,3.8,-3.7,91,55,2.5,10.4,西北西,20.5,西,南,0.0,3,86
2023,2,2,14.0,4.0,1.0,-3.3,0.0,-6.7,89,63,2.7,5.8,西,11.6,西,西北西,0.2,12,90
2023,2,3,0.5,0.5,0.5,-3.5,-1.4,-6.8,87,67,2.0,4.4,西,7.2,西,南西,1.6,1,89
2023,2,4,1.0,0.5,0.5,-2.1,0.9,-4.8,86,63,1.2,3.1,南西,5.5,南西,東,1.8,1,82
2023,2,5,0.0,0.5,0.0,-1.6,2.5,-6.6,78,53,2.0,4.2,西南西,7.5,西,西南西,3.5,0,81
2023,2,6,1.5,1.0,0.5,1.4,6.7,-4.0,80,41,1.5,3.8,南西,6.4,南西,南西,6.4,2,79
2023,2,7,0.0,0.0,0.0,0.6,4.1,-1.5,83,58,1.7,3.3,北北東,5.8,北,南西,4.5,0,73
2023,2,8,2.0,1.5,1.0,-1.2,1.6,-3.8,83,55,1.4,3.6,北,6.4,北,南西,5.0,6,76
2023,2,9,4.0,2.5,0.5,-2.8,-0.7,-4.2,73,44,3.4,6.8,西,13.7,西北西,西北西,0.0,4,79
2023,2,10,2.0,1.0,0.5,-2.2,0.0,-4.1,81,53,1.0,2.2,北東,4.0,南東,南東,0.0,3,77
2023,2,11,0.5,0.5,0.5,1.0,4.9,-2.3,90,68,1.1,2.5,南西,3.8,南西,南西,3.2,0,77
2023,2,12,0.5,0.5,0.5,2.4,6.4,-0.7,88,59,1.5,3.9,西,7.1,南西,南,0.0,0,71
2023,2,13,4.0,1.5,1.0,0.2,2.1,-2.0,98,78,1.2,3.2,西北西,5.9,西北西,北北西,0.0,7,72
2023,2,14,13.5,2.5,1.0,-2.8,-1.3,-3.9,94,76,2.2,4.9,南西,8.5,西北西,南西,0.5,16,86
2023,2,15,16.0 ),3.5 ),1.0 ),-4.5,-2.6,-6.3,86,53,1.2,3.3,北,7.6,北北東,北,4.5,32,113
2023,2,16,4.5,3.5,1.0,-2.6,0.7,-6.4,82,64,1.9,4.9,西南西,8.3,西南西,西南西,3.6,9,120
2023,2,17,0.5,0.5,0.5,1.5,6.0,-2.1,77,51,1.6,5.0,西南西,8.1,西南西,南西,5.4,0,92
2023,2,18,0.0,0.0,0.0,3.2,7.9,-1.9,70,33,2.0,4.4,南西,8.3,南西,南西,4.9,0,79
2023,2,19,2.0,0.5,0.5,2.4,4.3,1.0,93,48,1.4,9.2,西南西,17.4,西南西,南西,0.0,0,73
2023,2,20,7.0,3.5,1.0,-1.6,3.7,-4.2,77,39,4.4,8.3,西南西,17.3,西,西,1.5,11,80
2023,2,21,30.5,4.0,1.5,-3.7,-2.2,-5.1,96,82,1.9,5.0,西北西,10.0,西北西,西,0.0,29,108
2023,2,22,0.5,0.5,0.5,-1.5,1.1,-6.1,82,65,1.7,3.9,西,7.4,西南西,西,1.5,0,106
2023,2,23,4.5,1.5,0.5,1.5,6.0,-2.7,83,58,1.7,4.8,南南西,7.7,南南西,南南西,2.1,0,93
2023,2,24,1.0,0.5,0.5,1.3,4.6,-1.8,91,65,1.1,2.6,北,4.8,北北西,南,4.5,0,81
2023,2,25,3.5,1.0,0.5,-1.4,0.7,-5.6,93,71,1.8,4.3,西南西,7.9,西南西,西南西,2.0,8,85
2023,2,26,6.0,1.5,1.0,-2.3,-0.2,-4.7,83,46,3.2,6.1,西北西,12.6,西北西,西北西,0.2,10,90
2023,2,27,0.0,0.0,0.0,2.3,6.9,-8.4,60,39,2.5,5.8,西南西,11.4,西南西,西南西,9.2,0,88
2023,2,28,0.0,0.0,0.0,8.1,11.2,4.8,60,47,4.0,7.1,南西,12.7,南西,南西,7.6,0,80
2023,3,1,2.0,1.5,0.5,6.9,9.7,2.1,64,45,2.4,5.3,南西,9.9,西南西,南西,4.5,0,69
2023,3,2,7.0,1.5,0.5,1.2,4.0,-0.9,88,60,1.5,3.8,北西,8.4,北西,南西,0.2,2,64
2023,3,3,1.5,1.5,1.0,1.0,3.9,-1.5,79,45,2.2,5.6,西,10.0,西北西,南西,2.2,0,63
2023,3,4,0.0,0.0,0.0,1.9,5.2,-0.9,75,53,2.0,4.3,北西,9.6,西北西,北西,1.6,1,62
2023,3,5,0.0,0.0,0.0,1.4,6.1,-3.3,69,42,1.5,3.0,北北東,5.6,北北東,南西,10.6,0,60
2023,3,6,0.0,0.0,0.0,3.1,9.8,-4.4,63,39,1.5,3.0,西南西,5.5,西,南南東,9.8,0,58
2023,3,7,0.0,0.0,0.0,6.2,12.3,-1.6,77,52,2.1,6.7,南南西,11.1,南,南南西,5.7,0,55
2023,3,8,0.0,0.0,0.0,8.4,15.2,1.0,75,42,2.2,5.5,南南西,10.8,南南西,南西,5.7,0,48
2023,3,9,0.0,0.0,0.0,5.6,10.5,2.0,89,66,1.3,3.2,北東,6.0,北東,西南西,3.4,0,38
2023,3,10,7.0,2.5,1.0,5.3,9.1,2.5,90,73,1.5,3.3,西南西,6.7,南西,西,0.2,0,34
2023,3,11,0.0,0.0,0.0,4.3,8.2,0.5,77,56,1.4,3.1,北,5.7,北,北,9.9,0,30
2023,3,12,0.0,0.0,0.0,4.9,11.5,-0.6,81,52,1.3,2.9,北北東,4.9,北北東,南南西,7.1,0,27
2023,3,13,2.0,1.5,0.5,5.7,12.6,1.3,80,56,2.1,5.1,西南西,10.0,南西,西南西,0.0,0,24
2023,3,14,0.0,0.0,0.0,2.7,6.6,-0.6,59,34,1.7,4.0,北,7.0,北,北,10.2,0,21
2023,3,15,0.0,0.0,0.0,4.0,12.5,-2.1,66,34,1.2,2.4,北北東,4.1,北東,南,11.0,0,19
2023,3,16,1.5,1.0,0.5,5.2,15.2,-0.2,79,28,1.7,5.7,南南西,10.0,南南西,南南西,0.8,0,15
2023,3,17,0.0,0.0,0.0,3.4,8.1,-0.9,68,33,2.1,5.3,西南西,9.5,南西,西南西,7.0,1,10
2023,3,18,0.0,0.0,0.0,3.0,8.1,-0.5,65,33,1.3,3.4,北北東,6.7,北,南西,3.7,0,6
2023,3,19,0.0,0.0,0.0,6.1,11.5,-1.5,52,23,2.8,6.1,南西,11.8,西南西,西南西,10.9,0,3
2023,3,20,0.0,0.0,0.0,7.8,13.6,2.0,64,41,2.2,6.0,南西,10.8,南西,南西,8.3,0,0
2023,3,21,0.0,0.0,0.0,9.4,18.7,1.2,53,20,1.7,3.8,南西,7.3,南南西,南西,6.3,0,0
2023,3,22,0.0,0.0,0.0,10.5,19.8,3.4,66,35,1.6,4.4,北北西,8.3,北,南西,10.3,0,0
2023,3,23,4.0,1.5,0.5,12.1,23.8,4.8,74,36,1.6,3.8,南南東,6.2,東,南西,5.0,0,0
2023,3,24,3.0,1.5,0.5,8.7,14.4,4.0,71,24,2.4,5.1,北北西,11.2,北北西,北西,8.0,0,0
2023,3,25,0.0,0.0,0.0,5.2,11.7,1.1,71,42,1.4,4.3,北,8.8,北,北,9.4,0,0
2023,3,26,28.0,4.0,1.0,4.1,6.5,0.6,94,72,1.3,2.7,西南西,5.2,南南西,南西,0.0,0,0
2023,3,27,1.0,0.5,0.5,5.7,9.9,0.6,66,36,2.9,5.6,西,10.8,西南西,西北西,6.0,0,0
2023,3,28,0.0,0.0,0.0,4.9,11.4,-0.9,66,36,2.0,4.8,北,8.4,北北東,北,10.0,0,0
2023,3,29,0.0,0.0,0.0,5.9,13.2,-0.3,65,24,1.9,4.4,北,8.3,北,南西,11.7,0,0
2023,3,30,0.0,0.0,0.0,7.9,16.2,0.6,57,22,1.6,4.4,北,7.6,北,南南西,11.9,0,0
2023,3,31,0.0,0.0,0.0,9.4,17.6,2.7,55,27,2.2,5.3,南南西,9.7,南南西,南南西,8.7,0,0
2023,4,1,0.0,0.0,0.0,6.6,12.1,0.9,65,31,2.5,5.5,北,10.5,北,北,12.0,0,0
2023,4,2,0.0,0.0,0.0,6.6,13.6,0.8,72,42,1.7,3.8,北東,7.0,北東,北東,12.0,0,0
2023,4,3,0.0,0.0,0.0,7.6,17.0,0.4,69,14,1.7,4.2,北,7.1,北,北,11.7,0,0
2023,4,4,0.0,0.0,0.0,9.6,18.6,1.7,58,29,1.6,3.6,北,6.9,北北東,南南西,11.8,0,0
2023,4,5,0.0,0.0,0.0,12.7,20.0,4.4,55,27,1.7,4.5,南南西,9.7,南南西,南西,0.9,0,0
2023,4,6,0.0,0.0,0.0,14.8,20.2,10.7,71,38,2.1,6.3,南西,11.9,南西,南南西,1.1,0,0
2023,4,7,19.0,4.0,1.0,12.4,16.3,9.1,99,81,1.2,3.7,北,6.6,北,西南西,0.0,0,0
2023,4,8,0.0,0.5,0.0,8.3,13.9,4.4,80,38,1.6,4.5,北,9.2,西,西,1.5,0,0
2023,4,9,1.0,1.0,0.5,6.3,10.6,3.8,52,30,3.5,7.3,西,14.3,西,西,6.1,0,0
2023,4,10,0.0,0.0,0.0,11.5,17.9,2.6,57,28,3.0,7.9,南西,15.2,南西,南西,11.6,0,0
2023,4,11,0.0,0.0,0.0,15.6,20.1,8.4,51,35,3.4,9.2,南西,18.2,南西,南西,7.0,0,0
2023,4,12,9.5,5.0,1.5,10.5,18.4,4.4,56,19,3.1,6.7,西南西,12.1,南西,西南西,6.5,0,0
2023,4,13,1.5,1.5,1.0,11.7,15.8,4.5,40,17,4.5,9.2,西,19.1,西,南西,8.8,0,0
2023,4,14,0.0,0.0,0.0,13.5,17.5,9.2,58,41,3.2,8.6,南西,16.4,南西,南南西,1.6,0,0
2023,4,15,3.0,1.0,0.5,9.9,16.5,7.0,81,45,1.8,4.6,東南東,8.6,東南東,北北東,1.8,0,0
2023,4,16,4.0,2.0,0.5,9.0,15.0,4.5,84,61,3.2,9.3,南西,20.1,西南西,南西,3.0,0,0
2023,4,17,1.0,0.5,0.5,5.7,9.6,3.9,79,55,2.8,7.5,西北西,14.9,西北西,西南西,2.0,0,0
2023,4,18,0.0,0.0,0.0,10.1,15.2,4.3,64,38,2.1,5.3,西南西,11.3,西,西南西,8.3,0,0
2023,4,19,4.0,2.5,1.0,10.8,15.5,7.3,66,42,2.6,6.2,西,11.4,西,南西,7.6,0,0
2023,4,20,0.0,0.0,0.0,15.1,23.3,4.3,54,18,2.6,7.1,南西,12.3,西南西,南南西,8.8,0,0
2023,4,21,0.0,0.0,0.0,11.8,16.0,6.0,39,17,3.4,6.5,南西,13.2,南西,西北西,11.2,0,0
2023,4,22,0.0,0.0,0.0,8.1,11.6,4.3,44,33,3.4,7.3,西,15.0,西,西北西,3.3,0,0
2023,4,23,0.0,0.0,0.0,8.6,14.0,4.4,40,20,3.7,7.6,西南西,15.3,西南西,西,6.7,0,0
2023,4,24,0.0,0.0,0.0,8.0,13.0,2.4,43,23,3.1,7.0,西,15.0,西,西,4.7,0,0
2023,4,25,0.0,0.0,0.0,9.5,16.4,0.2,41,17,1.8,4.2,北,7.4,北北西,南西,10.3,0,0
2023,4,26,3.5,1.0,0.5,11.9,16.6,7.9,82,45,2.0,3.9,北,8.8,北西,南東,0.0,0,0
2023,4,27,0.0,0.0,0.0,11.0,16.2,5.4,42,16,3.2,6.0,西,11.2,北西,西,12.4,0,0
2023,4,28,0.0,0.0,0.0,13.5,21.1,4.4,50,22,2.5,5.6,西南西,10.7,南西,西南西,9.9,0,0
2023,4,29,0.0,0.0,0.0,16.0,24.0,6.6,56,26,1.7,4.3,西,7.8,西,南南西,5.0,0,0
2023,4,30,3.5,1.0,0.5,14.9,19.2,12.4,70,44,2.9,7.1,南西,13.2,南西,南西,1.4,0,0
2023,5,1,4.5,2.0,1.0,12.9,18.5,7.3,65,31,3.1,6.7,南西,12.4,西,南西,6.5,0,0
2023,5,2,0.5,0.5,0.5,11.0,16.8,5.6,65,37,2.0,4.1,北,8.4,北北西,西南西,6.7,0,0
2023,5,3,0.0,0.0,0.0,14.2,22.2,5.4,47,19,2.6,5.4,西南西,10.2,西南西,西南西,12.5,0,0
2023,5,4,0.0,0.0,0.0,16.8,23.4,7.9,46,28,2.7,6.6,南西,12.0,西南西,南西,11.8,0,0
2023,5,5,2.5,1.5,0.5,18.6,25.1,12.8,61,37,2.5,6.0,南西,9.8,西,西南西,8.5,0,0
2023,5,6,26.0,3.0,1.0,13.0,17.1,8.6,100,95,1.4,3.3,北東,6.4,北東,北北東,0.0,0,0
2023,5,7,0.5,0.5,0.5,10.1,13.5,7.8,76,43,2.5,6.0,南東,12.9,南南東,東南東,0.1,0 ),0 )
2023,5,8,14.0,2.0,0.5,5.7,9.0,2.8,92,50,2.0,6.5,南東,13.7,南東,北北東,2.5,0,0
2023,5,9,0.0,0.0,0.0,11.7,20.1,1.9,61,23,2.3,5.5,南西,10.3,西南西,南,13.4,0,0
2023,5,10,0.0,0.0,0.0,12.9,19.8,5.5,51,15,2.2,5.2,西南西,11.7,西南西,南南西,9.9,0,0
2023,5,11,0.0,0.0,0.0,9.7,15.8,3.5,68,43,2.4,5.2,北,9.9,北,北,13.1,0,0
2023,5,12,0.0,0.0,0.0,11.0,18.5,2.8,62,28,2.2,5.7,北,10.3,北,南西,13.5,0,0
2023,5,13,0.0,0.0,0.0,13.6,21.7,4.8,60,27,1.7,3.7,北東,6.8,北東,北東,9.0,0,0
2023,5,14,4.0,3.0,1.5,13.8,20.0,7.4,86,54,1.0,3.2,北北東,5.3,北北東,北東,2.9,0,0
2023,5,15,17.5,8.0,4.5,14.9,18.0,12.2,97,79,1.0,2.5,東北東,4.6,東北東,北,0.0,0,0
2023,5,16,0.0,0.0,0.0,16.0,22.7,10.7,84,44,1.5,4.0,北,6.8,北北東,南西,10.7,0,0
2023,5,17,0.0,0.0,0.0,19.6,27.6,11.0,70,42,2.3,6.7,南南西,11.3,南,西南西,12.7,0,0
2023,5,18,0.0,0.0,0.0,21.8,29.8,14.7,59,25,2.6,5.3,南西,10.4,西南西,南西,11.9,0,0
2023,5,19,6.5,3.0,1.0,16.2,20.7,13.1,95,74,1.3,3.4,北北東,6.6,北東,北東,0.0,0,0
2023,5,20,0.0,0.0,0.0,16.0,21.6,11.8,80,52,2.2,5.4,東,11.3,東,東,8.4,0,0
2023,5,21,2.0,1.5,1.0,15.9,23.0,10.4,88,62,1.7,6.1,南南西,10.2,南南西,南南西,0.5,0,0
2023,5,22,0.0,0.0,0.0,15.8,20.7,10.5,64,39,2.4,5.6,南西,9.7,西南西,西南西,6.9,0,0
2023,5,23,0.0,0.0,0.0,13.2,19.8,7.2,73,45,1.9,4.1,北東,8.2,東北東,北東,3.9,0,0
2023,5,24,0.0,0.0,0.0,12.9,18.4,6.7,73,41,2.1,5.6,北,9.3,北北東,北,10.9,0,0
2023,5,25,0.0,0.0,0.0,15.3,22.7,6.8,62,35,1.8,3.9,北,7.1,北,南南西,13.7,0,0
2023,5,26,0.0,0.0,0.0,17.5,24.9,10.2,67,35,1.5,4.6,南南西,8.3,南西,南南西,4.9,0,0
2023,5,27,0.0,0.0,0.0,19.5,26.1,13.7,67,37,1.9,4.5,西南西,9.2,西,西南西,10.1,0,0
2023,5,28,5.0,1.5,0.5,17.5,19.2,14.7,92,73,0.9,3.0,西南西,5.2,南西,西北西,0.0,0,0
2023,5,29,0.0,0.0,0.0,17.6,22.0,14.7,91,71,2.0,4.4,北北東,7.5,北,北,5.6,0,0
2023,5,30,0.0,0.0,0.0,15.2,20.1,10.0,74,45,1.9,4.8,北北西,10.0,北,北北西,9.4,0,0
2023,5,31,0.0,0.0,0.0,16.2,22.5,9.0,54,29,2.3,4.9,西,10.1,西,西南西,11.4,0,0
2023,6,1,0.0,0.0,0.0,19.0,26.5,10.1,47,20,2.2,5.6,南西,10.7,南南西,南西,11.4,0,0
2023,6,2,3.0,2.0,0.5,18.5,21.7,14.6,87,64,1.2,2.6,東南東,5.3,南南東,南南西,0.0,0,0
2023,6,3,1.0,1.0,0.5,16.5,19.7,12.4,79,52,1.9,4.8,北西,10.3,北北西,南西,5.4,0,0
2023,6,4,0.0,0.0,0.0,16.8,23.7,10.8,70,39,3.1,7.6,西南西,15.1,西南西,西南西,7.5,0,0
2023,6,5,0.5,0.5,0.5,18.3,24.5,10.4,54,27,2.7,5.9,西南西,10.8,西南西,南西,12.2,0,0
2023,6,6,0.0,0.0,0.0,20.2,28.8,11.8,59,24,2.1,5.1,南南西,9.1,南南西,南西,8.0,0,0
2023,6,7,9.5,7.5,7.5,18.5,24.6,13.8,81,54,1.6,4.7,南,9.1,南南西,南西,4.5,0,0
2023,6,8,0.0,0.0,0.0,20.0,28.0,12.5,78,38,1.5,4.3,北,7.9,北,北,12.1,0,0
2023,6,9,3.0,2.0,0.5,19.3,23.0,16.8,84,61,2.0,4.9,南東,10.3,南東,南東,0.0,0,0
2023,6,10,0.0,0.0,0.0,19.8,24.7,16.2,87,67,1.5,4.3,北,7.5,北,北,5.8,0,0
2023,6,11,0.0,0.0,0.0,18.5,23.8,14.6,91,72,1.3,2.9,北東,5.8,北東,北東,1.4,0,0
2023,6,12,0.0,0.0,0.0,19.9,24.8,16.8,91,73,1.2,2.6,東北東,4.3,北北東,北東,0.7,0,0
2023,6,13,9.0,8.5,5.0,20.3,26.1,17.6,93,71,1.4,5.1,北,8.9,北,北東,2.5,0,0
2023,6,14,0.0,0.0,0.0,21.9,27.6,18.0,83,59,1.5,3.8,北,7.3,北北西,北,9.0,0,0
2023,6,15,0.5,0.5,0.5,20.2,25.9,17.7,93,65,1.3,3.8,北東,6.8,北東,北東,0.1,0,0
2023,6,16,8.5,2.5,1.0,18.3,20.4,15.7,99,86,1.2,2.3,北北東,4.6,北東,南,0.0,0,0
2023,6,17,0.5,0.5,0.5,22.4,26.4,15.0,70,50,3.7,8.7,南西,16.1,西南西,南西,10.4,0,0
2023,6,18,0.0,0.0,0.0,21.4,26.4,14.1,62,37,2.5 ),6.3 ),北 ),12.3 ),北 ),北北西,11.2,0,0
2023,6,19,0.0,0.0,0.0,18.2,24.4,12.1,71,44,2.0,5.6,北,9.7,北,南西,14.4,0,0
2023,6,20,0.0,0.0,0.0,19.1,26.3,11.7,64,23,2.0,5.0,北,8.3,北,北,13.5,0,0
2023,6,21,0.0,0.0,0.0,21.5,29.6,13.0,59,34,1.8,4.9,北東,8.3,北東,北北東,10.7,0,0
2023,6,22,0.0,0.0,0.0,20.3,24.0,16.0,80,51,1.2,3.1,東北東,5.8,東,南西,0.0,0,0
2023,6,23,3.5,1.0,1.0,18.8,21.7,16.7,95,74,1.3,2.8,北東,5.2,東北東,北東,0.0,0,0
2023,6,24,15.0,14.0,5.5,19.8,26.2,16.3,93,65,1.2,5.1,北北東,8.3,北北東,西北西,1.8,0,0
2023,6,25,0.5,0.5,0.5,19.9,24.8,16.9,92,70,1.2,3.3,北,5.6,北北東,北東,0.0,0,0
2023,6,26,0.0,0.0,0.0,21.6,27.4,15.5,84,64,1.6,4.3,北,8.1,北,北,10.1,0,0
2023,6,27,8.5,5.0,1.5,23.2,31.0,16.5,79,42,1.6,4.8,南西,8.4,南南西,南西,7.1,0,0
2023,6,28,2.0,1.0,0.5,25.3,30.5,21.2,80,54,2.5,5.6,南南西,11.1,南西,南南西,6.2,0,0
2023,6,29,3.5,2.5,1.0,23.5,28.6,20.9,86,56,1.3,4.5,西南西,8.9,西南西,西南西,1.9,0,0
2023,6,30,3.0,2.5,1.0,24.4,26.8,20.6,82,74,2.4,6.2,南西,11.5,南南西,南東,0.0,0,0
2023,7,1,0.0,0.0,0.0,22.4,27.3,19.1,83,64,2.0,5.6,南西,9.4,西,西,5.0,0,0
2023,7,2,1.0,1.0,1.0,20.6,23.6,18.4,88,69,1.2,3.2,北,5.4,北北西,南西,1.1,0,0
2023,7,3,9.5,5.0,2.0,20.5,25.4,18.1,95,80,1.3,3.7,北,7.1,北,北,0.5,0,0
2023,7,4,0.0,0.0,0.0,20.9,26.1,16.6,85,59,1.6,4.2,北,7.7,北北東,南西,11.9,0,0
2023,7,5,2.0,1.0,0.5,21.6,29.0,16.2,85,57,1.6,3.5,北東,6.3,北東,北東,10.5,0,0
2023,7,6,0.5,1.0,0.5,24.8,30.1,19.2,70,48,3.3,7.2,南南西,14.9,南西,南西,9.5,0,0
2023,7,7,0.0,0.0,0.0,25.8,31.4,18.6,66,41,1.7,4.3,南南西,7.9,西南西,南南西,8.9,0,0
2023,7,8,0.0,0.0,0.0,25.1,32.4,20.3,68,33,1.5,3.8,北,6.6,北北西,北,6.1,0,0
2023,7,9,3.0,1.5,1.0,24.1,27.2,21.0,87,72,1.1,3.1,西南西,5.1,西南西,西南西,0.2,0,0
2023,7,10,0.0,0.0,0.0,25.1,30.4,22.2,82,64,1.6,3.6,西南西,7.0,南西,西南西,2.9,0,0
2023,7,11,2.0,2.0,1.0,26.2,30.3,21.8,82,65,1.8,5.1,西南西,9.3,西,西南西,6.9,0,0
2023,7,12,26.0,8.5,2.5,23.0,25.5,21.0,95,80,1.1,2.6,北,4.8,南南西,南東,0.0,0,0
2023,7,13,0.0,0.0,0.0,22.9,27.3,18.3,78,55,2.1,4.5,西南西,10.2,南西,西南西,6.7,0,0
2023,7,14,3.5,2.5,1.0,22.6,27.2,18.0,84,67,1.5,3.2,北北東,5.6,北北東,北,9.1,0,0
2023,7,15,32.5,7.0,1.5,23.0,25.2,21.0,99,91,1.1,3.0,南東,5.8,南東,南東,0.0,0,0
2023,7,16,9.0,4.5,1.0,24.0,27.5,21.9,95,77,1.2,2.9,北,5.4,北北西,北,0.0,0,0
2023,7,17,0.0,0.0,0.0,25.7,30.6,21.3,86,68,1.6,4.7,西南西,8.6,南西,西南西,6.2,0,0
2023,7,18,1.0,1.0,1.0,24.3,27.4,22.5,92,80,1.4,3.0,北北東,5.1,北北東,北東,0.3,0,0
2023,7,19,0.0,0.0,0.0,23.5,27.4,21.4,89,67,1.3,3.0,北東,5.7,北東,北東,0.3,0,0
2023,7,20,0.5,0.5,0.5,23.1,28.2,19.1,86,66,1.7,3.7,北東,6.7,北東,北東,2.9,0,0
2023,7,21,0.0,0.0,0.0,22.8,28.8,18.4,87,66,1.5,4.0,北北東,6.7,北北東,北東,8.0,0,0
2023,7,22,0.0,0.0,0.0,23.9,30.2,18.9,88,68,1.3,2.9,北北東,5.8,北東,北東,7.2,0,0
2023,7,23,0.0,0.0,0.0,25.8,31.8,20.3,86,59,1.4,4.5,北,7.2,北,北,11.2,0,0
2023,7,24,0.0,0.0,0.0,28.1,34.9,21.5,70,45,1.6,3.2,西南西,7.1,西南西,西南西,13.0,0,0
2023,7,25,0.0,0.0,0.0,28.0,33.2,22.5,75,54,2.0,4.7,西南西,8.7,西南西,西南西,11.6,0,0
2023,7,26,0.0,0.0,0.0,28.0,32.9,23.5,78,62,1.9,4.8,西南西,9.3,南西,西南西,10.5,0,0
2023,7,27,0.0,0.0,0.0,27.6,33.3,22.5,76,51,2.0,5.4,南西,10.1,南西,西南西,10.6,0,0
2023,7,28,0.0,0.0,0.0,28.0,33.5,23.1,72,51,2.1,4.9,南西,9.2,南西,南西,11.1,0,0
2023,7,29,0.0,0.0,0.0,28.8,35.5,22.0,67,43,2.1,4.6,南西,8.0,南西,西南西,13.3,0,0
2023,7,30,0.0,0.0,0.0,29.0,34.9,22.2,66,42,1.9,4.6,西南西,8.1,西南西,西南西,12.5,0,0
2023,7,31,11.0,9.0,3.5,26.2,31.4,21.9,83,58,1.5,4.3,西北西,9.4,西北西,西南西,0.3,0,0
2023,8,1,0.0,0.0,0.0,26.3,32.3,20.1,75,48,1.8,4.3,西南西,7.4,南西,西南西,13.2,0,0
2023,8,2,0.0,0.0,0.0,27.2,32.5,21.2,73,51,1.8,5.0,西南西,9.3,南西,西南西,10.8,0,0
2023,8,3,0.0,0.0,0.0,28.5,33.5,23.4,75,55,1.7,3.9,西南西,7.5,南西,西南西,4.9,0,0
2023,8,4,0.0,0.0,0.0,29.2,34.7,23.4,73,52,1.8,4.5,南西,8.3,西南西,西南西,9.2,0,0
2023,8,5,0.0,0.0,0.0,29.5,35.0,24.4,73,51,1.7,3.5,西南西,6.5,南西,西南西,8.6,0,0
2023,8,6,0.0,0.0,0.0,28.7,34.1,24.3,78,59,1.9,4.2,北北東,8.0,北,南西,9.3,0,0
2023,8,7,0.0,0.0,0.0,27.0,33.6,23.4,86,62,1.6,3.8,北東,6.7,北東,北東,5.1,0,0
2023,8,8,0.0,0.0,0.0,27.4,33.2,22.7,84,65,1.8,4.4,北北東,8.0,北東,北東,8.7,0,0
2023,8,9,0.0,0.0,0.0,29.8,36.2,25.0,80,53,1.4,3.8,東北東,7.6,東北東,南,8.2,0,0
2023,8,10,0.0,0.0,0.0,31.1,39.3,25.1,64,27,1.6,4.2,北,7.7,南南東,南南西,13.1,0,0
2023,8,11,0.0,0.0,0.0,28.6,35.7,21.5,69,39,1.9,4.3,北東,8.0,北,北東,13.1,0,0
2023,8,12,5.0,5.0,3.0,25.0,28.3,22.8,88,70,2.1,5.2,北北東,9.4,北北東,北北東,2.1,0,0
2023,8,13,0.0,0.0,0.0,25.2,31.6,21.7,84,63,1.8,4.2,北東,7.7,北北東,北東,7.6,0,0
2023,8,14,0.0,0.0,0.0,25.4,31.7,21.1,79,55,2.5,6.6,南東,12.3,東南東,北北東,10.3,0,0
2023,8,15,0.0,0.0,0.0,27.0,33.3,22.1,79,57,2.5,5.9,東,11.0,東,北北東,10.0,0,0
2023,8,16,0.0,0.0,0.0,29.3,36.2,22.9,70,40,2.2,5.2,南東,9.5,南東,南東,5.4,0,0
2023,8,17,0.0,0.0,0.0,28.2,33.1,23.4,74,55,2.3,6.1,南南西,11.7,南南西,西南西,5.1,0,0
2023,8,18,0.0,0.0,0.0,26.7,32.6,22.3,85,64,1.2,3.9,北,6.7,北北西,西南西,3.0,0,0
2023,8,19,7.5,3.5,2.0,26.6,32.8,24.2,93,65,1.1,4.2,南,6.6,南南東,西南西,3.4,0,0
2023,8,20,6.5,6.5,3.5,26.6,31.0,23.8,93,76,1.5,4.0,北,7.0,北,北,5.7,0,0
2023,8,21,0.0,0.0,0.0,27.3,31.8,23.4,86,68,1.3,3.3,北,6.6,北西,北北西,10.3,0,0
2023,8,22,0.0,0.0,0.0,29.0,35.3,23.5,83,57,1.4,4.1,北,7.3,北,北,11.9,0,0
2023,8,23,0.0,0.0,0.0,30.3,37.3,24.9,78,51,1.4,4.0,北,6.5,北,南南西,10.8,0,0
2023,8,24,0.0,0.0,0.0,30.2,36.6,25.6,78,53,1.5,3.6,北,6.3,北,西南西,8.5,0,0
2023,8,25,0.0,0.0,0.0,29.3,35.4,24.7,82,58,1.5,3.5,北,7.1,北北西,南西,11.1,0,0
2023,8,26,0.0,0.0,0.0,28.9,35.5,24.7,80,51,1.8,4.9,北,8.7,北,南西,9.4,0,0
2023,8,27,7.0,5.5,3.0,26.4,33.6,23.5,89,60,1.4,5.2,東北東,10.5,東北東,南西,5.9,0,0
2023,8,28,0.0,0.0,0.0,27.0,32.3,23.3,85,58,1.6,4.4,北北東,8.1,北北東,西南西,7.2,0,0
2023,8,29,0.0,0.0,0.0,27.4,33.6,22.6,83,56,1.4,3.5,北東,5.7,北東,南西,8.7,0,0
2023,8,30,0.0,0.0,0.0,28.4,34.9,23.0,82,47,1.4,3.3,北,6.2,北西,北東,9.8,0,0
2023,8,31,0.0,0.0,0.0,29.3,36.7,24.1,74,44,1.6,5.0,南西,9.2,南西,西南西,9.6,0,0
2023,9,1,5.0,3.0,1.5,26.7,33.8,22.7,82,51,1.4,4.9,西,12.4,西,南南西,1.8,0,0
2023,9,2,17.5,8.5,3.5,23.8,28.1,19.9,89,69,1.2,2.6,南南西,4.7,東北東,南,0.9,0,0
2023,9,3,0.0,0.0,0.0,24.4,31.5,18.1,81,55,1.6,2.9,北北東,5.6,東北東,南西,12.3,0,0
2023,9,4,0.0,0.0,0.0,26.7,33.0,21.2,85,61,1.4,3.0,南南東,5.4,南南東,南西,8.3,0,0
2023,9,5,0.0,0.0,0.0,26.4,32.4,23.6,87,62,1.9,4.5,北北東,7.9,北,北北東,9.8,0,0
2023,9,6,0.0,0.0,0.0,24.6,27.5,22.1,88,71,1.3,3.4,西北西,7.6,西,北北西,0.0,0,0
2023,9,7,0.0,0.0,0.0,22.6,27.6,17.1,77,50,1.7,4.1,北,7.7,北,南西,9.3,0,0
2023,9,8,0.0,0.0,0.0,22.8,29.5,15.8,74,41,2.0,4.5,南東,8.0,南東,南西,7.9,0,0
2023,9,9,4.5,2.5,1.0,23.6,29.6,20.2,93,72,1.1,2.9,北東,5.3,北東,西南西,1.9,0,0
2023,9,10,0.0,0.0,0.0,25.4,31.7,22.4,86,56,1.1,2.9,北北西,6.0,北北西,南西,6.4,0,0
2023,9,11,0.0,0.0,0.0,25.8,31.8,21.0,89,67,1.2,3.0,北東,5.8,北北東,北北東,3.8,0,0
2023,9,12,0.0,0.0,0.0,26.5,31.8,23.3,86,59,1.3,3.8,南南西,7.8,西南西,南西,1.7,0,0
2023,9,13,7.0,6.5,4.0,24.9,30.1,22.3,86,62,1.2,3.7,北,6.7,北北西,北,3.8,0,0
2023,9,14,1.5,1.0,1.0,24.2,27.7,21.6,91,73,1.1,3.9,南南西,7.8,南南西,南南西,0.0,0,0
2023,9,15,0.0,0.0,0.0,23.4,28.7,19.6,81,53,1.3,3.2,北東,6.4,北東,北北東,7.5,0,0
2023,9,16,0.0,0.0,0.0,23.1,30.0,19.6,82,38,1.5,4.8,北,9.3,北北西,北,6.9,0,0
2023,9,17,0.0,0.0,0.0,23.8,29.8,18.6,81,55,1.2,3.0,北北東,5.1,北北東,南南西,4.6,0,0
2023,9,18,1.0,1.0,1.0,25.4,31.5,20.2,79,53,2.2,6.1,南西,12.2,西南西,西南西,11.1,0,0
2023,9,19,22.0,18.0,6.0,23.0,30.5,20.0,91,60,1.4,6.5,北,11.8,北,西南西,3.5,0,0
2023,9,20,0.0,0.5,0.0,21.5,27.0,17.7,84,62,1.5,3.8,西,10.1,西北西,西,2.4,0,0
2023,9,21,46.0,11.5,2.5,17.7,18.5,17.1,98,93,1.1,4.1,北北東,7.8,北北東,西北西,0.0,0,0
2023,9,22,1.5,1.5,0.5,19.3,24.9,14.2,83,55,1.7,4.3,北北東,8.3,北,北,9.6,0,0
2023,9,23,0.0,0.0,0.0,17.5,25.6,12.7,81,43,1.4,4.1,北北東,8.2,北,南南西,8.1,0,0
2023,9,24,0.0,0.0,0.0,16.9,23.8,12.0,74,30,1.6,2.9,北,5.7,北,南西,11.3,0,0
2023,9,25,0.0,0.0,0.0,17.8,24.8,11.9,80,39,1.5,2.6,北東,4.9,北東,南南西,4.1,0,0
2023,9,26,0.0 ),0.0 ),0.0 ),19.6 ),23.9 ),16.3 ),86 ),67 ),1.2 ),3.4 ),北 ),5.6 ),北北西 ),南南西 ),0.5,0,0
2023,9,27,0.0,0.0,0.0,20.7,27.5,16.2,81,48,1.5,3.4,北北東,6.0,北北東,南西,7.9,0,0
2023,9,28,15.5,6.5,2.0,19.0,20.9,17.4,97,88,1.3,2.7,西北西,6.1,北西,南西,0.0,0,0
2023,9,29,2.0,2.0,1.5,19.2,25.7,13.2,75,38,2.0,4.3,西,9.9,西,南南西,10.6,0,0
2023,9,30,0.0,0.0,0.0,18.4,24.5,12.7,77,51,1.2,2.9,南東,5.6,南東,南南西,3.0,0,0
2023,10,1,3.0,2.0,1.5,19.1,25.9,15.6,86,54,1.4,3.8,西北西,7.7,西北西,南,3.9,0,0
2023,10,2,4.5,1.5,1.0,15.8,21.7,12.5,83,45,2.1,4.7,北西,10.9,南西,南西,5.0,0,0
2023,10,3,0.5,0.5,0.5,17.3,22.9,12.5,64,33,2.3,6.3,西,12.7,西北西,南南西,10.4,0,0
2023,10,4,0.0,0.0,0.0,16.9,24.0,11.7,72,30,1.5,3.3,北東,5.9,北東,南西,9.2,0,0
2023,10,5,31.5,9.5,8.0,14.8,20.9,12.5,90,64,1.9,5.0,西北西,9.3,北西,南西,1.3,0,0
2023,10,6,24.5,7.0,2.5,13.7,17.1,11.6,83,65,3.0,5.1,西南西,11.0,南西,南西,1.0,0,0
2023,10,7,14.5,5.0,3.0,14.1,18.5,11.0,83,55,2.3,5.2,北西,11.2,北西,西北西,4.3,0,0
2023,10,8,0.0,0.0,0.0,13.5,19.6,9.4,80,39,1.4,3.1,北,5.3,北,南南西,10.3,0,0
2023,10,9,0.0,0.0,0.0,15.7,23.3,8.6,78,42,1.4,2.8,南南東,6.4,東南東,南南西,7.5,0,0
2023,10,10,10.5,6.5,3.0,15.1,17.3,12.6,99,89,1.0,3.0,北東,5.4,北東,南西,0.0,0,0
2023,10,11,0.0,0.0,0.0,13.7,19.3,9.6,75,34,1.8,3.4,北北西,8.2,北北東,南西,10.3,0,0
2023,10,12,0.0,0.0,0.0,13.9,21.6,8.6,71,34,2.0,3.8,南西,7.3,西北西,南南西,10.6,0,0
2023,10,13,0.0,0.0,0.0,15.8,23.3,9.7,70,34,2.1,4.4,西,9.3,西北西,南西,10.5,0,0
2023,10,14,0.0,0.0,0.0,15.8,23.4,9.8,71,35,1.7,3.6,西,7.4,西,南南西,10.0,0,0
2023,10,15,1.5,1.0,0.5,14.5,20.1,9.8,85,52,1.5,2.7,西南西,4.7,西南西,南南西,3.9,0,0
2023,10,16,3.5,1.5,1.0,13.9,18.8,9.2,82,54,1.9,4.0,西,8.6,北西,南西,5.1,0,0
2023,10,17,0.0,0.5,0.0,12.0,17.0,8.0,66,32,2.4,6.7,西南西,13.5,南西,西,3.9,0,0
2023,10,18,0.0,0.0,0.0,13.4,20.8,8.1,75,44,1.6,4.4,西南西,8.2,南南西,南南西,8.9,0,0
2023,10,19,2.5,1.0,0.5,16.6,23.4,9.2,84,50,1.9,4.8,南南西,9.0,南南西,南南西,0.8,0,0
2023,10,20,36.5,7.0,3.0,13.5,16.2,9.7,97,75,1.6,4.9,北,10.2,西北西,南,0.0,0,0
2023,10,21,5.5,2.0,0.5,7.9,11.6,4.2,85,66,1.7,4.3,西南西,11.1,西南西,南西,0.1,0,0
2023,10,22,16.5,8.0,2.5,9.1,13.3,4.1,86,51,2.0,4.6,西,11.1,南西,南西,2.7,0,0
2023,10,23,0.0,0.0,0.0,11.4,17.9,6.7,72,40,2.2,4.4,西南西,8.6,南西,西南西,8.7,0,0
2023,10,24,0.0,0.0,0.0,12.1,20.0,6.0,74,33,1.5,2.6,南南西,4.5,南西,南南西,10.1,0,0
2023,10,25,0.0,0.0,0.0,13.4,20.5,7.5,81,45,1.4,2.7,南南西,4.3,東南東,南,4.8,0,0
2023,10,26,0.0,0.0,0.0,13.6,20.5,8.5,83,54,1.7,3.5,北,6.6,北北東,南南西,9.7,0,0
2023,10,27,0.0,0.0,0.0,13.1,18.7,9.0,87,56,1.2,3.5,北北西,7.3,北西,南南西,1.9,0,0
2023,10,28,5.5,3.0,1.0,13.1,17.9,8.3,88,63,1.3,3.6,北,8.6,北北西,南南西,5.1,0,0
2023,10,29,0.5,0.5,0.5,12.5,17.8,9.0,93,70,1.4,4.2,北北東,7.1,北北東,南西,0.8,0,0
2023,10,30,0.0,0.0,0.0,11.8,18.1,6.4,86,65,1.5,4.0,北,7.7,北北西,南,7.5,0,0
2023,10,31,0.0,0.0,0.0,11.6,19.2,6.0,79,44,1.5,3.2,北,5.4,北,南南西,9.5,0 ),0
2023,11,1,8.0,7.0,1.5,14.7,22.3,6.4,77,42,2.4,5.2,南南西,13.9,西,南南西,8.2,0,0
2023,11,2,7.5,4.5,2.0,12.6,17.0,8.4,88,65,1.6,4.3,北,8.1,北,南南西,5.1,0,0
2023,11,3,0.5,0.5,0.5,17.1,23.7,8.5,78,51,2.4,6.3,南南西,11.5,南南西,南南西,9.1,0,0
2023,11,4,1.5,1.5,0.5,11.0,15.6,5.2,89,72,1.8,4.2,北,8.9,北西,北,0.4,0,0
2023,11,5,0.0,0.0,0.0,8.6,15.4,3.3,81,48,1.4,2.4,南,4.9,北東,南南西,9.6,0,0
2023,11,6,0.5,0.5,0.5,15.8,23.3,6.3,80,49,1.4,4.1,南南西,8.6,南西,南南西,0.1,0,0
2023,11,7,24.5,6.0,1.5,14.8,19.7,8.8,76,42,3.4,10.1,南西,20.7,西南西,南西,6.2,0,0
2023,11,8,0.0,0.0,0.0,8.5,11.5,5.6,84,66,1.5,4.5,西,9.3,西,西南西,0.0,0,0
2023,11,9,0.0,0.0,0.0,9.9,16.6,3.1,78,46,1.2,2.8,南東,5.8,南南東,南西,9.5,0,0
2023,11,10,17.5,5.0,1.5,14.5,20.5,7.0,76,52,2.8,5.3,南南西,10.8,北,南南西,0.1,0,0
2023,11,11,1.0,0.5,0.5,4.5,7.9,1.9,78,43,2.4,5.5,西北西,11.8,西北西,南西,3.9,0,0
2023,11,12,1.5,1.0,0.5,3.3,5.7,1.7,93,75,1.4,3.0,南西,5.3,西南西,南西,0.0,0,0
2023,11,13,5.0,1.0,0.5,3.6,6.7,1.4,90,63,1.7,4.5,西,9.1,西南西,西南西,0.8,0,0
2023,11,14,1.5,1.5,0.5,5.9,9.1,4.0,76,47,2.1,4.9,西,10.2,北西,西南西,2.5,0,0
2023,11,15,0.0,0.0,0.0,6.0,13.0,1.2,78,34,1.4,3.1,北,5.1,北,南南西,8.3,0,0
2023,11,16,0.0,0.0,0.0,7.4,15.3,1.2,81,44,1.4,3.1,東北東,5.4,北東,南,8.4,0,0
2023,11,17,14.0,4.0,1.0,10.2,13.9,6.4,94,61,1.3,3.6,南東,7.4,南南東,南西,0.0,0,0
2023,11,18,21.5,4.5,2.0,6.0,9.0,3.9,94,76,1.6,4.8,南南西,8.8,南,南南西,0.6,0,0
2023,11,19,10.0,2.5,1.0,8.8,13.9,4.2,82,38,2.0,4.5,西,10.7,西北西,西南西,4.7,0,0
2023,11,20,3.0,2.5,0.5,6.3,8.3,4.9,81,56,2.3,5.8,西北西,11.9,西,西,0.4,0,0
2023,11,21,0.0,0.0,0.0,9.1,13.4,3.3,68,40,2.0,5.4,南西,8.9,南西,南南東,5.4,0,0
2023,11,22,0.0,0.0,0.0,12.6,17.3,7.8,78,53,1.7,4.2,南南西,8.2,南,南,2.8,0,0
2023,11,23,2.0,2.0,1.0,15.1,18.9,10.9,72,55,3.1,6.2,南南西,11.9,南南西,南,1.7,0,0
2023,11,24,10.0,3.0,1.0,5.7,12.0,0.2,82,54,2.5,5.8,西北西,12.1,北西,西北西,0.5,0,0
2023,11,25,12.0,1.5,1.0,-0.9,1.8,-2.5,88,64,2.9,6.1,西北西,12.2,西北西,西南西,1.3,11,10
2023,11,26,0.0,0.0,0.0,2.5,6.1,0.2,80,49,1.7,3.3,西,7.5,南南西,南西,1.7,0,8
2023,11,27,2.0,2.0,1.0,4.5,7.4,1.9,94,80,0.9,2.3,南東,3.2,南東,南西,0.3,0,0
2023,11,28,13.0,2.5,1.0,6.6,10.6,1.7,92,64,1.9,5.8,西,11.1,西,南南西,0.2,0,0
2023,11,29,2.0,0.5,0.5,1.2,3.6,-0.7,80,35,2.7,7.2,西北西,15.1,西北西,西,0.3,1,1
2023,11,30,11.0,3.0,1.5,-1.4,0.4,-3.0,95,66,1.9,4.6,西,9.7,西北西,西南西,0.1,12,11
2023,12,1,2.0,1.0,0.5,-0.4,2.2,-3.0,90,63,1.6,3.6,西,7.7,西南西,南西,1.4,3,12
2023,12,2,0.0,0.0,0.0,1.1,3.9,-1.1,91,68,1.1,2.5,南南西,4.1,西南西,南南西,0.5,0,5
2023,12,3,0.5,0.5,0.5,1.9,3.9,0.1,95,82,1.3,2.6,西南西,4.1,西南西,南西,0.0,0,0
2023,12,4,0.0,0.0,0.0,3.5,8.9,-0.9,89,59,1.2,2.4,南西,4.3,西南西,南南東,2.0,0,0
2023,12,5,1.5,1.0,0.5,5.1,12.1,0.8,95,70,1.4,3.4,西南西,5.1,南南西,南南西,1.9,0,0
2023,12,6,0.0,0.0,0.0,6.3,13.5,1.7,91,57,1.1,2.0,西南西,4.1,南南西,南南西,3.4,0,0
2023,12,7,6.0,1.5,1.0,6.6,14.2,2.4,79,39,3.0,9.8,西,17.0,西,西,1.3 ),0,0
2023,12,8,0.0,0.0,0.0,6.5,11.7,2.9,62,34,2.7,7.2,西,14.9,西北西,西,7.8,0,0
2023,12,9,3.5,2.0,0.5,10.0,14.1,5.3,88,62,2.0,6.1,南南西,11.1,南,南南西,0.2,0,0
2023,12,10,0.0,0.0,0.0,5.0,8.3,-0.1,72,45,2.0,4.7,北,9.0,西,北北西,0.3,0,0
2023,12,11,0.0,0.0,0.0,2.1,5.9,-0.4,69,45,1.8,4.9,北北西,9.4,北北西,北北西,6.2,0,0
2023,12,12,13.5,3.5,1.0,1.1,3.1,-0.4,95,76,1.4,4.1,西北西,7.6,西北西,西南西,0.0,8,8
2023,12,13,0.5,0.5,0.5,1.7,2.8,0.5,75,54,2.1,4.5,西,9.5,西,西南西,0.4,0,1
2023,12,14,0.0,0.0,0.0,1.8,4.4,0.0,58,45,2.5,5.4,西,9.7,西,西,7.6,0,0
2023,12,15,13.0,3.0,0.5,0.0,1.1,-1.4,94,63,1.0,2.2,北北東,4.0,北,西,0.0,7,6
2023,12,16,9.0,3.5,1.5,3.1,10.3,0.7,95,50,1.6,8.5,南西,15.2,南,南西,0.0,0,5
2023,12,17,9.0,2.0,0.5,-0.7,5.4,-4.7,75,40,4.7,9.3,西,17.1,西,西,1.0,3,3
2023,12,18,9.5,2.5,1.0,-4.1,-2.7,-5.0,90,68,2.4,4.8,西,10.0,西,西南西,0.0,13,16
2023,12,19,1.0,0.5,0.5,-1.1,1.9,-3.8,77,46,1.5,3.3,西,6.4,西,南西,2.1,1,15
2023,12,20,8.0,1.5,0.5,-2.4,-1.0,-3.2,94,79,0.9,3.1,南西,5.2,南西,南南西,0.0,11,21
2023,12,21,0.0,0.0,0.0,-2.5,1.4,-4.6,77,37,1.5,3.7,南南西,6.7,南西,南南西,1.8,0,18
2023,12,22,3.0,1.5,0.5,-3.1,-0.8,-5.6,88,65,1.2,3.0,西南西,6.5,北北西,南南西,0.0,6,18
2023,12,23,10.0,2.0,1.0,-4.1,-3.0,-5.0,93,78,1.9,4.7,西北西,9.5,西,西,0.0,14,30
2023,12,24,0.5,0.5,0.5,-1.4,2.5,-5.1,89,63,1.1,3.0,南南東,4.4,南南東,南南西,1.7,0,28
2023,12,25,0.0,0.0,0.0,-0.4,5.1,-5.5,88,48,0.9,2.0,南南西,3.4,南南西,南西,5.5,0,20
2023,12,26,5.0,1.5,0.5,1.5,5.1,-4.1,86,53,2.1,7.8,西,14.1,西,南東,0.0,0,17
2023,12,27,3.0,1.0,0.5,-0.3,1.6,-1.6,80,59,2.5,5.5,西,10.4,西北西,西,0.0,6,17
2023,12,28,0.0,0.0,0.0,1.7,6.4,-1.9,76,44,1.5,4.4,西,7.8,西,南南西,2.7,0,14
2023,12,29,0.5,0.5,0.5,2.0,4.8,0.1,86,61,1.1,3.7,西北西,8.5,西北西,南西,0.4,1,10
2023,12,30,0.0,0.0,0.0,3.1,5.8,1.1,86,68,1.5,3.3,南西,6.0,南西,南西,0.0,0,7
2023,12,31,3.0,1.0,0.5,2.9,6.6,1.1,97,87,1.3,5.3,北,9.9,北,北,0.0,0,5
2024,1,1,2.0,1.0,0.5,0.5,1.9,-0.9,76,52,1.4,4.1,北,6.7,北,西,1.3,2,3
2024,1,2,6.5,3.0,1.0,2.5,5.3,-0.8,94,82,1.1,3.4,南南東,5.4,南南東,南南東,0.4,0,2
2024,1,3,0.5,0.5,0.5,3.0,5.6,1.5,86,60,1.1,2.7,東南東,4.8,南東,南西,0.2,0,0
2024,1,4,0.0,0.0,0.0,2.3,6.5,-0.9,85,53,1.2,2.3,南南西,3.7,南南西,西南西,8.0,0,0
2024,1,5,6.5,3.5,1.0,3.7,7.6,-0.7,89,68,1.6,5.5,南南西,11.0,南南西,南,0.1,0,0
2024,1,6,0.5,0.5,0.5,2.7,6.3,0.9,90,51,1.4,4.1,南西,7.0,南西,南南西,2.1,0,0
2024,1,7,4.0,2.0,1.0,-0.5,1.1,-2.6,85,57,2.3,5.5,西,9.6,西南西,西南西,2.1,4,4
2024,1,8,3.5,1.5,0.5,-2.3,0.7,-4.0,87,58,2.3,6.0,西北西,11.2,西北西,西南西,3.4,6,7
2024,1,9,6.0,2.5,1.0,0.2,3.8,-4.0,94,73,1.3,3.9,南東,6.5,西,南,1.1,1,6
2024,1,10,3.0,1.5,1.0,-2.1,0.7,-3.9,85,66,1.9,4.8,西,8.7,西南西,西南西,0.4,9 ),10
2024,1,11,0.0,0.0,0.0,-1.2,3.9,-5.5,76,52,1.7,3.4,南東,6.7,東南東,南,8.3,1,7
2024,1,12,7.5,1.5,0.5,1.0,3.7,-1.7,89,51,2.0,5.0,西,10.9,西,南南西,2.3,6,7
2024,1,13,1.0,1.0,0.5,-0.7,2.4,-3.0,82,44,1.9,4.7,西北西,8.9,西南西,西南西,5.8,3,7
2024,1,14,9.5,3.5,1.0,1.2,4.3,-3.8,86,63,1.6,4.4,西,8.7,西南西,東南東,0.0,0,7
2024,1,15,9.5,2.5,1.0,-4.1,2.7,-6.4,88,70,3.2,6.0,西,12.3,西北西,西,0.0,13,15
2024,1,16,13.0,2.0,0.5,-3.6,-0.2,-5.8,88,62,2.8,6.0,北西,13.0,北西,西北西,0.1,8,23
2024,1,17,2.0,1.5,0.5,3.7,9.0,-1.1,79,52,1.4,4.1,西,6.3,東,南西,2.5,0,20
2024,1,18,1.0,0.5,0.5,3.7,9.0,1.5,80,60,1.8,5.7,北北西,8.9,北北西,北北西,3.7,0,9
2024,1,19,6.0,2.5,0.5,0.8,2.6,-0.9,81,50,1.1,2.4,西,4.2,西北西,北西,0.0,11,16
2024,1,20,0.0,0.5,0.0,-1.7,1.4,-5.9,84,51,0.9,2.2,南西,3.9,南西,南西,0.2,0,16
2024,1,21,3.0,1.5,0.5,0.3,2.3,-4.9,92,85,1.6,3.0,西北西,5.1,西北西,北北東,0.0,0,11
2024,1,22,6.5,2.0,0.5,3.9,7.8,0.9,87,63,1.6,4.5,南南東,8.6,南東,南西,0.0,0,8
2024,1,23,4.5,1.5,0.5,1.9,4.3,-1.5,82,46,2.2,6.1,西南西,11.8,南西,西南西,1.8,2,4
2024,1,24,11.5,2.0,0.5,-0.2,2.5,-2.4,81,54,3.6,8.3,北北西,14.9,西北西,北北西,0.6,7,11
2024,1,25,6.5,1.0,0.5,-1.0,1.2,-3.1,82,59,3.5,6.7,西北西,14.4,北西,西,0.0,6,17
2024,1,26,5.0,1.5,0.5,1.1,3.5,-0.2,83,65,2.7,5.1,北西,10.0,西北西,西,0.0,2,19
2024,1,27,1.5,1.5,1.0,1.7,4.6,0.1,82,53,2.4,4.6,西南西,9.6,南西,西南西,1.6,2,16
2024,1,28,2.0,1.0,0.5,1.6,4.6,-0.8,88,56,1.0,3.0,北,4.4,西,南,6.1,0,13
2024,1,29,1.5,1.0,0.5,2.1,5.5,-0.7,86,57,1.0,2.6,西南西,4.1,南西,南,2.5,1,11
2024,1,30,0.0,0.0,0.0,2.3,6.4,-1.4,75,45,1.5,3.9,西,7.3,西南西,南西,0.8,0,9
2024,1,31,3.0,1.5,0.5,3.5,9.6,-0.2,87,52,1.3,5.3,南西,10.2,南西,西南西,1.1,1,7
2024,2,1,3.0,1.5,0.5,-2.4,3.8,-6.2,83,53,3.3,6.7,西北西,12.8,北西,西,1.1,6,8
2024,2,2,2.0,0.5,0.5,-2.1,0.6,-4.7,79,56,2.8,6.0,北西,11.6,北西,西,0.2,3,8
2024,2,3,2.5,1.0,0.5,-2.7,-0.7,-4.6,82,64,1.8,5.5,北西,10.6,西北西,西,0.0,7,14
2024,2,4,0.0,0.0,0.0,0.2,3.2,-2.5,74,49,2.3,4.5,西,7.7,西,西南西,0.2,2,10
2024,2,5,0.0,0.0,0.0,-1.5,1.1,-5.1,76,48,1.1,2.6,西,5.1,西南西,西南西,0.8,0,7
2024,2,6,0.0,0.0,0.0,-2.5,1.3,-6.1,72,47,1.3,3.2,北,5.9,北北東,南西,7.2,0,7
2024,2,7,3.0,1.0,0.5,-0.4,2.4,-2.4,86,71,1.4,3.5,北北西,6.7,北西,南西,0.6,5,11
2024,2,8,0.0,0.0,0.0,1.5,4.3,-0.7,69,42,2.0,5.0,西,10.4,西,西南西,0.0,1,6
2024,2,9,0.0,0.0,0.0,0.2,3.1,-2.9,70,47,1.6,4.0,北北西,7.2,北,南西,2.6,0,6
2024,2,10,2.0,1.5,0.5,-0.9,3.9,-5.2,81,47,1.5,3.4,北北東,5.4,北,南西,1.0,5,9
2024,2,11,5.5,2.0,1.0,-0.6,1.4,-2.9,91,64,1.7,5.6,北北西,9.9,北北西,南,0.8,9,16
2024,2,12,1.5,0.5,0.5,-0.1,4.4,-3.8,85,52,1.4,3.9,西南西,7.4,南西,南南西,1.6,4,18
2024,2,13,0.0,0.0,0.0,6.9,11.3,-2.6,71,49,2.7,6.4,南西,16.6,西南西,南西,3.8,0,9
2024,2,14,0.0,0.0,0.0,11.5,14.0,9.4,59,50,3.5,7.3,南西,13.3,西南西,南西,5.7,0,0
2024,2,15,28.5,5.0,1.0,4.9,10.8,0.2,94,68,1.8,4.5,北北西,7.7,北北西,北北西,0.0,11,11
2024,2,16,12.0,3.0,1.0,-0.9,0.9,-2.3,87,63,2.4,5.3,西北西,13.4,北西,北西,1.3,11,22
2024,2,17,0.0,0.0,0.0,0.1,4.3,-3.9,81,42,1.2,2.1,南南西,3.7,東,南南西,5.3,0,16
2024,2,18,0.0,0.0,0.0,1.5,9.0,-5.4,88,60,1.0,1.9,南西,3.6,南西,南南西,6.3,0,11
2024,2,19,2.0,1.5,0.5,9.5,17.8,1.7,80,38,1.9,5.5,南南西,10.9,南西,南南西,2.8,0,7
2024,2,20,1.0,0.5,0.5,2.5,9.6,-1.0,75,53,3.5,9.0,北,16.3,北北西,北西,2.4,0,0
2024,2,21,3.0,1.0,0.5,-1.9,0.0,-3.3,84,60,1.5,3.9,北北西,6.5,北北西,北北東,0.0,4,4
2024,2,22,0.5,0.5,0.5,-2.0,-0.4,-3.2,79,62,1.9,5.6,北北西,9.8,北北西,北西,0.0,2,5
2024,2,23,6.0,2.0,1.0,-2.4,-0.5,-3.7,87,58,1.4,4.5,北北西,8.5,北北西,西,0.0,16,16
2024,2,24,4.0,2.0,0.5,-1.9,0.5,-4.7,85,61,1.2,3.3,西南西,5.7,南西,西南西,1.0,10,24
2024,2,25,5.5,1.5,0.5,-0.2,2.5,-3.3,79,50,1.1,3.1,北東,5.3,北東,北北西,0.1,12,15
2024,2,26,6.5,2.0,0.5,0.7,2.3,-0.5,95,81,1.5,3.6,北北東,6.6,北,北北西,0.0,5,19
2024,2,27,7.5,2.0,0.5,0.7,1.8,-0.3,98,91,1.6,3.2,北,5.6,北,北北西,0.0,6,17
2024,2,28,0.0,0.0,0.0,1.5,4.0,-0.2,75,47,2.1,5.8,北西,11.2,北西,北北西,7.1,1,12
2024,2,29,1.5,0.5,0.5,1.4,4.3,-0.6,77,49,1.3,3.0,北北東,6.8,西北西,西南西,5.0,3,10
2024,3,1,8.0,1.5,1.0,0.4,3.6,-3.5,95,81,1.4,6.0,西,10.8,西,西南西,0.0,9,12
2024,3,2,4.0,2.0,0.5,-3.5,-2.1,-5.3,72,38,4.4,8.9,西,16.8,西,西,0.0,9,17
2024,3,3,3.0,1.0,0.5,-1.9,1.6,-4.4,87,51,1.7,4.8,西南西,9.4,南西,南南東,0.0,6,17
2024,3,4,11.0,3.0,1.5,-2.0,0.6,-4.1,93,71,2.0,5.2,西,9.2,西,南西,0.9,19,29
2024,3,5,1.5,1.0,0.5,0.1,3.0,-3.5,77,48,1.8,4.6,西南西,7.6,南西,西南西,0.5,2,31
2024,3,6,0.0,0.0,0.0,0.4,3.3,-2.2,81,66,1.5,3.4,北,6.1,北,北北東,3.2,0,20
2024,3,7,1.0,0.5,0.5,-0.7,2.6,-3.7,75,49,1.9,4.5,北北西,8.5,北西,北西,2.8,4,19
2024,3,8,0.0,0.0,0.0,-1.1,4.1,-6.3,70,33,1.5,3.0,北北東,5.4,北,南南西,9.7,0,14
2024,3,9,0.0,0.0,0.0,-0.4,2.9,-3.8,68,40,1.6,4.3,北北東,7.5,北,南南西,0.8,0,12
2024,3,10,2.0,1.0,0.5,0.0,2.9,-2.7,78,54,2.0,4.6,西,8.3,北西,南西,0.5,4,16
2024,3,11,8.5,3.0,1.0,3.4,8.5,-0.9,87,53,1.7,5.1,西南西,10.2,西南西,南南西,2.5,0,13
2024,3,12,6.5,4.5,1.5,3.6,7.4,1.7,95,68,1.7,4.5,南西,7.4,南西,北北西,1.4,0,7
2024,3,13,1.0,1.0,0.5,1.3,3.3,-1.1,76,42,2.8,7.2,北西,14.8,北西,北北西,1.5,2,5
2024,3,14,11.0,5.0,2.0,4.0,9.3,-1.5,80,52,2.1,6.4,西,11.1,西南西,南南西,4.9,0,5
2024,3,15,2.0,1.0,0.5,7.0,10.8,2.3,69,49,3.8,9.8,西北西,20.3,西北西,南西,0.5,0,0
2024,3,16,2.0,2.0,1.0,4.9,9.4,0.8,64,40,2.4,6.0,北西,11.0,北北西,西,5.9,0,0
2024,3,17,5.0,3.5,1.5,5.8,14.5,-0.2,73,26,2.8,6.7,南南西,13.6,西,南西,4.5,0,0
2024,3,18,5.5,1.0,0.5,0.6,3.0,-0.9,88,62,3.7,6.5,西,13.7,西北西,西,0.0,2,1
2024,3,19,0.0,0.0,0.0,2.6,7.2,-1.3,54,34,2.9,5.9,西,11.3,西,西北西,7.5,0,0
2024,3,20,1.0,0.5,0.5,-0.1,2.1,-1.5,77,49,2.5,5.4,北東,11.1,東北東,北東,0.0,1,1
2024,3,21,0.5,0.5,0.5,1.5,5.2,-1.4,75,50,2.3,5.7,北北西,10.5,北西,南西,0.0,0,0
2024,3,22,1.5,1.0,0.5,2.3,5.7,0.0,84,52,2.1,5.1,北北西,9.6,北北西,南西,1.2,0,0
2024,3,23,0.0,0.0,0.0,3.9,10.4,-0.6,65,27,1.6,3.2,北東,6.5,東南東,南西,3.1,0,0
2024,3,24,0.0,0.0,0.0,5.6,13.4,-1.7,70,38,1.5,4.9,北,7.5,北北東,南南西,11.1,0,0
2024,3,25,0.0 ),0.0 ),0.0 ),5.1,10.1 ),0.5 ),69,43 ),2.2,5.8,北,9.3,北北西,北,6.6,0,0
2024,3,26,0.0,0.0,0.0,3.0,8.0,-1.5,58,19,1.8,4.6,北北東,8.8,北,北北東,0.0,0,0
2024,3,27,0.0,0.0,0.0,3.6,10.2,-2.0,57,20,2.2,4.5,北西,8.5,北西,南南西,11.7,0,0
2024,3,28,0.0,0.0,0.0,7.0,15.7,-2.8,40,13,1.7,4.2,東南東,8.2,南南東,南南西,9.0,0,0
2024,3,29,10.0,2.5,1.0,10.5,17.8,5.3,81,52,2.5,8.8,西南西,15.3,南西,南西,3.8,0,0
2024,3,30,2.0,1.0,0.5,8.7,12.1,3.8,63,26,3.4,8.2,西,14.7,西,南西,6.1,0,0
2024,3,31,0.0,0.0,0.0,5.9,11.4,0.9,63,26,2.6,5.7,南西,9.9,西北西,南西,9.9,0,0
2024,4,1,0.0,0.0,0.0,6.1,12.3,0.4,56,25,2.9,7.4,西南西,14.1,西,西,7.0,0,0
2024,4,2,0.0,0.0,0.0,7.0,11.5,2.0,49,34,3.5,6.8,西南西,13.3,西,西南西,2.9,0,0
2024,4,3,0.0,0.0,0.0,7.6,14.6,-0.8,60,31,1.2,3.5,北,5.3,北,北,5.8,0,0
2024,4,4,0.0,0.0,0.0,7.3,14.3,3.0,68,36,2.2,6.4,北,14.8,北北西,南西,8.1,0,0
2024,4,5,0.0,0.0,0.0,7.4,14.1,2.1,50,21,2.6,6.0,北北西,10.0,北,南南西,11.9,0,0
2024,4,6,0.0,0.0,0.0,8.5,18.4,0.2,51,17,1.9,5.8,北,9.7,北,南西,11.8,0,0
2024,4,7,0.0,0.0,0.0,12.3,22.8,3.0,55,22,1.8,4.4,北北東,7.8,西北西,南西,11.1,0,0
2024,4,8,0.0,0.0,0.0,14.0,24.6,5.1,49,17,1.9,5.7,北,8.8,北,南西,10.3,0,0
2024,4,9,22.0,4.5,1.0,7.1,11.9,2.8,82,59,2.2,6.4,西北西,12.5,西,西北西,0.0,0,0
2024,4,10,0.0,0.0,0.0,6.6,12.5,0.3,58,34,3.0,7.0,西南西,12.3,南西,南西,12.3,0,0
2024,4,11,0.0,0.0,0.0,9.2,19.6,-0.3,54,15,1.8,4.9,北,9.0,南南西,南西,8.5,0,0
2024,4,12,0.0,0.0,0.0,12.6,19.8,7.1,63,32,1.5,5.5,北,8.3,北,南南西,3.9,0,0
2024,4,13,0.0,0.0,0.0,12.8,21.9,5.8,63,34,1.9,6.7,北,10.5,北,南西,12.2,0,0
2024,4,14,0.0,0.0,0.0,14.3,23.7,5.6,61,29,1.7,5.2,北,8.7,北,南西,9.4,0,0
2024,4,15,0.0,0.0,0.0,17.0,27.8,8.3,50,20,1.8,4.8,北,7.8,北,南南西,12.6,0,0
2024,4,16,0.0,0.0,0.0,16.0,24.9,8.3,59,29,1.7,4.6,南西,8.8,南南西,南南西,2.3,0,0
2024,4,17,2.0,1.0,0.5,13.5,18.7,8.8,88,55,1.3,4.1,西,7.2,西,西南西,2.9,0,0
2024,4,18,0.0,0.0,0.0,11.9,17.4,7.1,87,53,1.9,5.3,北,8.3,北,北,2.9,0,0
2024,4,19,0.0,0.0,0.0,10.7,13.9,8.8,86,70,2.1,5.1,北,10.1,西北西,北,0.6,0,0
2024,4,20,0.0,0.0,0.0,9.6,14.1,5.5,75,48,3.1,5.7,北北西,12.5,北北西,北北西,6.5,0,0
2024,4,21,0.0,0.0,0.0,9.6,16.2,4.0,70,40,2.0,6.7,北,11.2,北北西,北北東,7.6,0,0
2024,4,22,0.0,0.0,0.0,11.3,19.4,3.3,60,27,2.1,5.2,北,10.0,北,北,12.4,0,0
2024,4,23,0.0,0.0,0.0,12.1,20.5,4.6,71,43,2.4,5.5,北,8.9,北東,北東,11.8,0,0
2024,4,24,3.5,2.5,1.0,14.4,21.6,6.3,70,38,2.7,5.7,南東,11.4,南東,南東,3.2,0,0
2024,4,25,0.5,2.5,0.5,13.6,17.3,10.4,79,54,2.6,6.9,西南西,13.4,南西,西南西,0.3,0,0
2024,4,26,0.0,0.0,0.0,17.2,25.2,9.2,55,29,2.4,5.6,西南西,9.2,南西,南西,10.0,0,0
2024,4,27,0.0,0.0,0.0,16.2,24.6,8.6,57,26,2.1,6.0,北,10.4,北,北,11.4,0,0
2024,4,28,0.0,0.0,0.0,15.1,26.3,8.4,66,28,2.1,6.6,北北東,11.3,北,南西,12.6,0,0
2024,4,29,0.0,0.0,0.0,14.8,22.3,7.5,51,20,1.7,4.1,東北東,7.2,東北東,北北東,12.3,0,0
2024,4,30,1.5,0.5,0.5,12.6,15.3,10.5,88,52,1.0,3.6,北北西,8.1,北北西,北北東,0.0,0,0
2024,5,1,0.0,0.0,0.0,10.7,15.9,6.0,67,38,3.0,5.4,北,9.4,北,北,11.8,0,0
2024,5,2,0.0,0.0,0.0,12.3,21.1,3.9,52,16,2.1,5.8,北北西,10.4,北北西,南南西,13.1,0,0
2024,5,3,0.0,0.0,0.0,13.3,19.2,4.5,54,21,3.4,7.9,西,15.3,西,西南西,13.1,0,0
2024,5,4,0.0,0.0,0.0,17.5,26.1,9.1,50,23,1.9,5.6,西南西,9.8,西南西,西南西,13.0,0,0
2024,5,5,0.0,0.0,0.0,20.2,30.2,9.9,42,16,1.8,4.9,西南西,10.3,西北西,西南西,10.7,0,0
2024,5,6,1.5,1.0,0.5,17.9,22.6,14.2,67,40,1.5,4.8,南南西,9.4,南南西,南西,0.0,0,0
2024,5,7,5.5,2.0,0.5,15.9,19.9,8.9,91,73,1.5,5.1,北北東,8.4,北北東,南南西,0.2,0,0
2024,5,8,0.0,0.0,0.0,9.3,12.6,7.7,77,63,2.7,5.9,西南西,10.2,西,西南西,0.6,0,0
2024,5,9,1.0,1.0,0.5,9.9,15.3,7.0,76,56,1.7,4.4,北,7.8,北東,南西,4.5 ),0,0
2024,5,10,0.0,0.0,0.0,15.0,20.0,9.1,59,46,4.0,8.3,西南西,16.0,西南西,西南西,9.7,0,0
2024,5,11,0.0,0.0,0.0,18.7,27.7,7.7,45,23,2.7,6.4,南西,12.1,南西,南南西,10.9,0,0
2024,5,12,0.0,0.0,0.0,18.9,25.6,11.9,59,35,2.4,5.9,南南西,11.2,南西,南西,1.3,0,0
2024,5,13,4.5,1.5,1.0,14.0,18.8,7.8,88,53,1.6,5.1,南西,9.3,南西,西南西,0.1,0,0
2024,5,14,0.0,0.0,0.0,14.1,23.7,5.6,70,25,2.1,6.0,北,9.6,北,北,13.4,0,0
2024,5,15,0.0,0.0,0.0,17.4,26.6,8.1,64,28,1.8,5.7,北,8.9,北,北東,12.8,0,0
2024,5,16,0.5,0.5,0.5,17.7,27.4,10.6,73,44,2.4,8.0,南西,15.8,西南西,東北東,4.0,0,0
2024,5,17,7.0,2.5,1.0,14.5,17.9,12.4,74,59,3.6,7.7,南西,17.7,西南西,南西,2.5,0,0
2024,5,18,0.0,0.0,0.0,18.4,25.1,11.1,51,28,3.2,6.5,西南西,11.4,南西,南西,13.8,0,0
2024,5,19,0.0,0.0,0.0,20.6,28.9,13.9,46,20,2.1,4.7,北,7.5,北,西南西,11.3,0,0
2024,5,20,0.0,0.0,0.0,17.6,22.0,12.9,60,30,1.9,4.6,北,7.5,北,北,1.9,0,0
2024,5,21,0.5,0.5,0.5,14.3,19.5,7.8,67,27,2.8,6.2,北西,13.2,北北西,西南西,7.1,0,0
2024,5,22,0.0,0.0,0.0,15.5,26.2,5.6,57,15,1.6,4.8,北,7.9,北北西,北,13.8,0,0
2024,5,23,0.0,0.0,0.0,21.1,27.4,12.9,55,28,2.8,6.4,南南西,14.4,南南西,南西,12.9,0,0
2024,5,24,0.5,0.5,0.5,15.5,19.8,9.4,83,68,1.8,5.2,北,9.6,北,北西,0.9,0,0
2024,5,25,0.5,0.5,0.5,12.7,18.0,8.8,64,33,3.3,6.6,北,10.8,北北西,北,10.9,0,0
2024,5,26,0.0,0.0,0.0,13.5,20.3,5.7,61,32,1.9,5.2,北,8.6,北,北,6.9,0,0
2024,5,27,0.0,0.0,0.0,18.1,24.8,11.6,74,47,1.9,6.3,南南西,11.4,南南西,西南西,0.9,0,0
2024,5,28,9.5,3.0,1.0,15.4,19.0,12.9,86,66,2.0,5.0,北,7.4,北,北,1.9,0,0
2024,5,29,3.0,2.0,0.5,13.7,18.1,10.5,79,47,2.2,5.2,西,9.6,西南西,北北西,6.2,0,0
2024,5,30,0.0,0.0,0.0,16.6,22.1,10.2,76,56,1.9,5.0,南西,8.9,西南西,西南西,1.3,0,0
2024,5,31,0.0,0.0,0.0,15.9,21.3,12.7,88,66,1.6,3.8,北北東,7.1,北東,北東,0.5,0,0
2024,6,1,0.0,0.0,0.0,15.6,22.8,12.1,81,56,1.8,4.2,北東,7.0,北東,北東,8.5,0,0
2024,6,2,6.5,2.0,1.5,15.0,20.7,10.8,86,63,1.4,4.5,北,7.0,北,北東,1.0,0,0
2024,6,3,6.5,1.5,1.0,13.9,15.8,12.7,95,86,1.7,3.7,北東,6.3,北東,北東,0.4,0,0
2024,6,4,0.0,0.0,0.0,15.6,20.9,11.3,79,54,1.9,4.1,北東,7.3,南東,北,6.1,0,0
2024,6,5,0.0,0.0,0.0,14.7,20.1,9.7,85,63,1.9,5.2,北,9.0,北北西,北,3.4,0,0
2024,6,6,0.0 ),0.0 ),0.0 ),14.6 ),19.5 ),10.1 ),82 ),57 ),2.0,5.3,北,8.9,北,北,6.2,0,0
2024,6,7,0.0,0.0,0.0,17.8,26.4,9.8,74,46,1.6,4.5,北,7.6,北北東,北,13.9,0,0
2024,6,8,0.0,0.0,0.0,20.5,28.5,12.7,76,44,1.8,5.1,北,8.4,北,北,11.5,0,0
2024,6,9,8.0,8.0,5.0,19.9,25.4,16.4,82,48,1.2,3.2,北北西,5.8,北北西,北,0.4,0,0
2024,6,10,2.0,1.5,1.5,20.3,25.0,16.5,87,66,1.5,4.3,北,6.3,北北西,東,4.0,0,0
2024,6,11,0.0,0.0,0.0,20.2,26.4,14.5,77,51,1.9,5.0,南西,9.8,南西,南西,8.9,0,0
2024,6,12,0.0,0.0,0.0,23.3,31.2,14.1,68,43,1.7,4.0,西南西,8.0,西南西,南西,14.3,0,0
2024,6,13,0.0,0.0,0.0,23.0,31.2,16.5,76,38,2.1,5.3,北,8.5,北北西,北,12.5,0,0
2024,6,14,0.0,0.0,0.0,20.4,24.6,18.6,87,72,2.0,4.5,北,6.8,北,北,7.2,0,0
2024,6,15,0.0,0.0,0.0,22.2,29.5,17.2,81,55,1.7,3.8,北東,6.6,北北東,北東,11.5,0,0
2024,6,16,0.0,0.0,0.0,22.6,29.7,18.1,79,45,1.6,4.6,西南西,9.9,西,西南西,4.3,0,0
2024,6,17,0.0,0.0,0.0,22.7,27.8,15.9,62,37,2.8,6.7,西南西,13.5,南西,西南西,13.2,0,0
2024,6,18,0.0,0.0,0.0,24.2,29.7,17.2,56,33,2.3,4.9,南南西,9.7,南,南南西,9.2,0,0
2024,6,19,0.0,0.0,0.0,20.8,26.4,15.4,71,36,2.5,5.6,北,9.6,北,北,11.2,0,0
2024,6,20,0.0,0.0,0.0,22.2,30.5,13.8,60,33,1.9,4.2,北,6.8,北北西,北,14.0,0,0
2024,6,21,0.0,0.0,0.0,23.3,30.4,15.5,59,35,1.5,3.5,北,6.3,北北西,北,5.6,0,0
2024,6,22,0.0,0.0,0.0,21.6,26.3,16.6,85,69,2.0,4.7,北,7.6,北,北,11.0,0,0
2024,6,23,0.0,0.0,0.0,23.4,30.3,19.0,81,46,1.8,4.2,北東,8.1,東北東,北東,3.3,0,0
2024,6,24,13.5,6.0,3.0,22.1,25.8,19.6,93,73,1.5,4.9,西南西,9.0,西南西,北東,3.3,0,0
2024,6,25,0.0,0.0,0.0,21.9,28.4,18.1,84,51,2.1,5.2,北,9.3,南西,北北東,8.0,0,0
2024,6,26,0.0,0.0,0.0,18.3,21.8,14.8,82,65,2.5,5.8,北北西,9.9,北北西,西南西,4.6,0,0
2024,6,27,0.0,0.0,0.0,21.4,27.7,13.4,63,39,2.1,4.3,南西,8.5,南西,西南西,10.3,0,0
2024,6,28,0.0,0.0,0.0,23.0,31.2,15.5,58,33,1.9,5.4,北,8.5,北,北,11.9,0,0
2024,6,29,0.0,0.0,0.0,23.0,30.2,16.3,67,42,2.2,5.4,北,8.7,北,北,11.5,0,0
2024,6,30,26.5,7.0,2.0,22.8,29.7,16.7,76,39,1.7,3.7,南東,7.3,南,南南西,5.1,0,0
2024,7,1,0.0,1.0,0.5,21.8,25.5,13.5,78,62,3.2,8.2,西,16.6,西,西南西,9.0,0,0
2024,7,2,0.0,0.0,0.0,20.9,27.7,11.9,57,34,2.5,6.0,西,11.8,西,西,13.8,0,0
2024,7,3,9.5,3.0,2.5,21.0,28.3,16.2,73,34,1.5,3.2,西南西,7.3,西北西,南南西,5.6,0,0
2024,7,4,0.0,0.0,0.0,24.1,29.7,19.1,79,50,2.1,6.7,南西,12.4,西南西,西南西,5.8,0,0
2024,7,5,0.0,0.0,0.0,25.1,29.6,19.5,77,56,2.2,5.3,南南西,9.7,南南西,南南西,1.9,0,0
2024,7,6,0.0,0.0,0.0,26.3,30.3,23.5,65,49,3.2,7.1,南西,12.3,西南西,南西,5.1,0,0
2024,7,7,9.0,4.5,4.5,24.7,28.8,21.7,88,69,1.7,5.2,南西,10.7,西南西,西南西,2.4,0,0
2024,7,8,0.0,0.0,0.0,24.4,28.4,22.4,82,62,2.1,4.0,西南西,9.0,南西,南西,4.2,0,0
2024,7,9,0.5,0.5,0.5,24.1,27.9,21.8,90,73,1.2,4.7,北,7.8,北,北北西,1.5,0,0
2024,7,10,21.5,8.0,3.0,22.2,24.8,20.9,95,82,1.3,3.6,北,5.8,北,東北東,0.0,0,0
2024,7,11,0.5,0.5,0.5,22.1,26.3,17.9,91,77,1.8,4.6,北,7.4,北北西,北,7.0,0,0
2024,7,12,0.0,0.0,0.0,22.8,29.4,17.0,76,44,1.7,4.3,北,7.1,北,西南西,11.6,0,0
2024,7,13,0.0,0.0,0.0,22.5,28.1,16.9,84,65,1.8,3.9,北,7.3,北,北北東,12.0,0,0
2024,7,14,0.0,0.0,0.0,23.4,29.6,18.2,84,64,1.3,3.4,北,5.7,北北東,北東,8.3,0,0
2024,7,15,0.0,0.0,0.0,24.3,29.9,20.1,86,67,1.5,4.0,北,6.7,北北西,北,8.4,0,0
2024,7,16,0.0,0.0,0.0,25.1,31.4,19.7,84,56,1.4,3.5,北東,6.4,東北東,北東,11.5,0,0
2024,7,17,0.0 ),0.0 ),0.0 ),25.4,32.2 ),20.5 ),87,56 ),1.5 ),5.1 ),北 ),8.3 ),北 ),北,4.1,0,0
2024,7,18,0.0,0.0,0.0,26.5,31.3,22.3,87,67,1.5,3.5,北北西,6.0,北西,南西,4.5,0,0
2024,7,19,5.5,5.0,3.5,25.4,29.3,22.7,92,64,1.1,4.5,南南西,7.7,南南西,南南西,0.0,0,0
2024,7,20,26.0,8.5,3.0,25.8,30.8,22.8,92,76,1.5,4.3,北,7.0,北北西,北東,4.6,0,0
2024,7,21,0.0,0.0,0.0,28.0,33.7,21.4,73,51,2.1,5.3,南南西,11.0,南南西,南南西,6.3,0,0
2024,7,22,0.0,0.0,0.0,28.1,32.2,23.8,70,51,2.5,5.7,南西,9.9,南西,西南西,10.4,0,0
2024,7,23,0.0,0.0,0.0,28.6,32.4,23.9,75,60,2.3,5.8,西南西,11.9,南西,南南西,2.3,0,0
2024,7,24,14.5,6.5,3.0,25.8,29.6,21.1,82,69,2.6,5.9,西南西,11.1,西,西南西,3.4,0,0
2024,7,25,43.0,17.5,6.5,23.4,30.0,19.8,92,72,1.2,5.5,北北西,10.2,北北西,西南西,2.1,0,0
2024,7,26,1.5,1.0,0.5,23.0,25.9,21.6,98,87,1.1,2.7,北東,4.6,東北東,北東,0.0,0,0
2024,7,27,39.0,10.0,3.0,22.4,22.9,21.9,100,100,0.9,2.4,北北東,4.1,北,北東,0.0,0,0
2024,7,28,1.0,0.5,0.5,25.8,30.2,22.3,96,78,1.3,3.5,南西,6.7,西南西,西南西,0.1,0,0
2024,7,29,2.0,1.0,0.5,26.5,30.2,23.9,91,77,2.0,5.3,西南西,10.8,南西,西南西,1.7,0,0
2024,7,30,0.0,0.0,0.0,26.2,30.5,23.6,90,78,2.1,5.2,北,8.9,北,北,6.2,0,0
2024,7,31,0.0,0.0,0.0,23.8,27.0,21.5,91,79,2.2,4.6,北,7.9,北,北,2.3,0,0
2024,8,1,0.0,0.0,0.0,24.2,28.4,21.4,90,70,1.3,3.8,北北西,6.3,北北西,北北西,2.8,0,0
2024,8,2,0.0,0.0,0.0,26.1,32.1,20.2,86,63,1.6,4.1,北北西,6.4,北北西,北,11.5,0,0
2024,8,3,0.0,0.0,0.0,27.8,33.8,22.3,81,57,1.6,3.8,北北西,6.4,北,南西,9.0,0,0
2024,8,4,0.0,0.0,0.0,26.7,32.0,23.7,88,70,1.9,5.1,北,7.7,北北西,北,3.5,0,0
2024,8,5,0.0,0.0,0.0,23.7,27.9,21.2,90,76,1.8,4.9,北北西,7.8,北西,北,0.0,0,0
2024,8,6,0.0,0.0,0.0,25.3,31.2,21.1,90,70,1.5,4.9,北,8.1,北,北北西,7.2,0,0
2024,8,7,0.0,0.0,0.0,26.6,31.9,23.9,87,70,1.7,5.0,北,8.2,北,北北西,8.1,0,0
2024,8,8,7.0,6.5,3.5,25.3,28.2,22.7,91,77,1.5,4.1,北,7.2,北,北東,1.7,0,0
2024,8,9,0.0,0.0,0.0,25.8,32.0,21.7,85,58,1.5,5.1,北北西,8.6,北,北北西,7.8,0,0
2024,8,10,0.0,0.0,0.0,26.0,31.5,22.3,85,63,2.0,5.1,北北東,8.5,北,北北東,6.3,0,0
2024,8,11,0.0,0.0,0.0,24.6,28.9,21.9,86,68,3.1,7.0,北北東,12.9,北,北北東,7.2,0,0
2024,8,12,7.5,3.5,1.0,25.7,28.5,23.4,91,78,3.2,6.0,北北東,12.4,北東,北北東,0.9,0,0
2024,8,13,10.0,3.5,1.5,26.6,30.2,24.2,96,80,1.1,2.9,北北西,4.4,東南東,北北西,0.0,0,0
2024,8,14,0.5,0.5,0.5,26.2,29.0,24.7,97,87,1.3,3.3,北,5.4,北北東,北,0.3,0,0
2024,8,15,0.0,0.0,0.0,25.5,28.4,23.9,92,80,1.9,4.4,北,6.8,北,北,4.1,0,0
2024,8,16,0.0,0.0,0.0,26.9,32.6,23.7,87,67,1.6,4.4,北,7.3,北北東,北東,9.4,0,0
2024,8,17,0.0,0.0,0.0,24.5,29.3,21.5,88,74,1.8,4.5,北,7.9,北東,北東,5.6,0,0
2024,8,18,0.0,0.0,0.0,24.0,28.4,21.4,87,72,1.9,5.3,北,8.7,北北西,北,6.3,0,0
2024,8,19,0.0,0.0,0.0,24.2,30.3,19.7,84,57,1.8,4.3,北,6.7,北,北,11.5,0,0
2024,8,20,0.0,0.0,0.0,24.3,28.8,20.6,87,68,1.7,3.9,北,6.0,北,南西,4.7,0,0
2024,8,21,0.0,0.0,0.0,24.9,30.8,20.7,83,57,1.5,4.1,北,7.1,北,北東,6.6,0,0
2024,8,22,0.5,0.5,0.5,25.3,31.3,18.9,86,63,1.1,4.3,南南西,7.0,南南西,南西,2.2,0,0
2024,8,23,0.0,0.0,0.0,29.3,33.4,24.3,79,62,1.7,6.0,南南西,10.5,南南西,南南西,2.9,0,0
2024,8,24,0.0,0.0,0.0,28.2,34.0,23.4,75,48,1.9,4.3,南西,8.6,西,西南西,12.2,0,0
2024,8,25,0.0,0.0,0.0,25.5,31.7,21.2,85,65,1.6,3.9,北,7.0,北,北北東,4.9,0,0
2024,8,26,21.0,20.0,12.0,26.0,32.1,22.2,91,67,1.3,4.2,北北西,7.1,北北西,東北東,5.5,0,0
2024,8,27,6.5,2.0,1.0,24.0,26.7,22.6,98,87,1.2,3.3,北,7.0,西北西,西南西,0.0,0,0
2024,8,28,1.0,0.5,0.5,24.2,28.6,21.6,89,62,1.3,4.0,北,6.8,北,北,0.6,0,0
2024,8,29,0.0,0.0,0.0,24.5,28.2,20.8,94,81,1.2,2.8,北,4.6,北,北東,1.1,0,0
2024,8,30,0.0,0.0,0.0,27.0,32.5,22.2,83,59,1.7,4.6,東南東,9.3,東南東,西南西,7.1,0,0
2024,8,31,56.5,35.0,16.5,23.8,26.9,19.3,96,77,1.1,3.1,北,5.5,北北東,南西,0.0,0,0
2024,9,1,0.0,0.0,0.0,23.7,29.8,17.4,77,50,1.6,3.9,北,6.3,北,北,11.6,0,0
2024,9,2,2.0,2.0,1.0,22.7,26.6,20.0,86,65,1.2,3.4,西南西,7.3,西南西,南南西,2.0,0,0
2024,9,3,0.5,0.5,0.5,23.1,29.4,19.0,82,52,1.6,4.7,北,7.4,北,北,11.5,0,0
2024,9,4,0.0,0.0,0.0,22.8,30.6,16.9,74,28,1.6,3.4,北北東,6.7,北北東,南南西,12.2,0,0
2024,9,5,0.0,0.0,0.0,24.4,31.5,17.6,77,50,1.5,3.8,南西,7.6,南西,西南西,10.3,0,0
2024,9,6,3.0,2.0,1.0,22.6,27.7,16.4,82,60,2.0,5.1,北,8.7,北北東,北,6.7,0,0
2024,9,7,0.0,0.0,0.0,21.4,28.8,14.4,76,53,1.9,4.8,北,7.3,北,南南西,11.9,0,0
2024,9,8,0.0,0.0,0.0,22.5,28.9,17.9,77,55,1.6,3.9,北,6.7,北,南西,9.4,0,0
2024,9,9,0.0,0.0,0.0,22.3,30.0,15.2,75,37,1.8,3.5,北,5.8,北北西,南西,11.5,0,0
2024,9,10,0.0,0.0,0.0,25.3,33.4,17.6,75,49,1.7,4.6,南南西,8.6,南南西,南南西,10.6,0,0
2024,9,11,0.0,0.0,0.0,25.5,31.6,21.5,83,61,1.7,4.6,北北東,7.8,北北西,北,8.1,0,0
2024,9,12,0.0,0.0,0.0,23.3,27.6,17.2,82,63,1.6,4.1,北北西,6.4,北北西,北,4.8,0,0
2024,9,13,0.0,0.0,0.0,22.8,30.9,16.1,66,34,1.7,4.3,西南西,7.4,西南西,西,7.1,0,0
2024,9,14,0.0,0.0,0.0,22.4,26.7,18.6,83,62,1.3,3.4,北北西,5.3,北北西,西南西,3.9,0,0
2024,9,15,3.0,1.5,0.5,21.7,26.1,17.1,89,77,1.8,5.4,北北西,9.9,北,北北西,0.0,0,0
2024,9,16,0.0,0.0,0.0,19.8,26.8,13.8,79,46,1.3,3.8,北,6.3,北東,西南西,10.4,0,0
2024,9,17,0.0,0.0,0.0,20.9,23.5,17.9,84,70,1.4,3.5,北北西,6.9,北北西,南南東,0.0,0,0
2024,9,18,0.0,0.0,0.0,21.9,25.2,19.5,83,70,1.1,3.1,北,5.3,北北西,北,0.0,0,0
2024,9,19,0.0,0.0,0.0,22.6,28.7,17.4,73,43,1.8,5.1,北北西,8.5,北,南南西,8.6,0,0
2024,9,20,3.0,2.0,1.0,21.3,28.5,15.5,84,56,2.2,5.9,北西,11.3,北西,北北西,2.2,0,0
2024,9,21,11.5,2.5,1.0,13.6,15.6,12.1,94,73,1.2,2.9,南南西,5.2,北北東,北北西,0.0,0,0
2024,9,22,16.5,3.5,1.0,15.3,18.4,13.2,95,86,2.0,4.3,北北東,8.9,北東,北北東,0.0,0,0
2024,9,23,1.0,0.5,0.5,16.9,22.7,12.0,83,44,1.5,3.4,北北東,6.3,北北東,南西,8.4,0,0
2024,9,24,0.0,0.0,0.0,16.5,23.9,9.6,71,37,2.3,4.6,南東,8.4,南東,東南東,11.3,0,0
2024,9,25,0.0,0.0,0.0,17.9,26.2,9.3,76,45,2.0,4.4,東南東,8.5,東南東,南南西,10.9,0,0
2024,9,26,0.0,0.0,0.0,20.7,28.6,14.3,85,53,1.5,3.8,北東,6.8,北東,南西,5.6,0,0
2024,9,27,0.0,0.0,0.0,20.7,26.6,16.3,85,59,2.0,5.3,北,8.6,北,北,10.3,0,0
2024,9,28,0.0,0.0,0.0,19.5,26.1,15.4,83,51,1.8,5.6,北北西,9.7,北北西,南西,8.8,0,0
2024,9,29,0.0,0.0,0.0,19.0,26.3,13.9,80,46,1.5,3.2,北北東,6.2,東北東,南南西,10.5,0,0
2024,9,30,0.0,0.0,0.0,19.5,27.4,14.0,79,44,1.4,3.4,北,5.4,東北東,南南西,8.0,0,0
2024,10,1,0.0,0.0,0.0,20.8,28.1,15.4,77,43,1.3,3.0,西南西,6.3,南南西,南南西,10.6,0,0
2024,10,2,5.0,3.5,1.0,18.4,24.6,15.6,92,74,1.5,3.4,西,8.4,西北西,南西,0.0,0,0
2024,10,3,5.5,2.5,0.5,15.4,17.5,13.7,84,65,1.2,2.5,北北西,4.2,南西,南西,0.0,0,0
2024,10,4,19.5,5.5,1.5,17.6,23.6,14.0,98,84,1.1,3.8,南南西,8.3,南,西南西,0.0,0,0
2024,10,5,0.0,0.0,0.0,17.9,22.6,14.3,81,53,1.6,3.8,北,6.8,北,北,6.7,0,0
2024,10,6,0.0,0.0,0.0,18.1,24.5,13.9,78,47,1.5,4.0,北北西,6.6,北北西,南西,6.9,0,0
2024,10,7,4.0,1.0,0.5,15.6,19.4,12.3,92,72,1.2,2.6,南南西,4.5,南,南南西,0.0,0,0
2024,10,8,0.0,0.0,0.0,15.9,21.3,12.1,87,58,1.5,4.9,北北西,8.0,北北西,北北西,2.6,0,0
2024,10,9,0.0,0.0,0.0,14.4,19.4,11.4,85,62,1.6,3.9,北北東,6.9,北,南南西,1.2,0,0
2024,10,10,0.0,0.0,0.0,14.7,19.4,12.1,75,47,1.6,4.7,東南東,9.9,南東,東,2.0,0,0
2024,10,11,0.0,0.0,0.0,14.6,21.1,10.6,80,51,1.4,3.6,北北東,7.5,北北東,西南西,5.5,0,0
2024,10,12,0.0,0.0,0.0,15.4,23.0,9.4,76,42,1.6,3.5,北北西,6.3,北北西,南南西,10.6,0,0
2024,10,13,0.0,0.0,0.0,15.0,21.1,9.2,69,32,2.3,5.9,北北西,10.2,北北西,北北西,9.3,0,0
2024,10,14,0.0,0.0,0.0,14.1,22.1,7.3,77,41,1.4,3.1,北北東,5.4,北,南南西,9.5,0,0
2024,10,15,0.0,0.0,0.0,17.8,23.4,11.9,80,50,1.1,3.3,南南西,6.9,南南西,南南西,0.0,0,0
2024,10,16,15.5,7.5,2.0,16.4,22.5,9.1,88,68,2.1,5.0,北,9.6,北北西,北,6.3,0,0
2024,10,17,0.0,0.0,0.0,13.6,21.2,7.2,78,44,1.6,3.8,西北西,7.3,北北西,南南西,10.3,0,0
2024,10,18,1.0,1.0,1.0,16.2,25.0,9.1,83,45,1.2,2.6,南東,4.9,南東,南南西,7.7,0,0
2024,10,19,14.5,12.0,6.0,16.0,24.3,9.0,84,49,3.5,7.5,北西,14.5,北西,北西,0.0,0,0
2024,10,20,0.0,0.0,0.0,8.8,12.3,5.6,66,45,2.6,5.2,北西,11.0,西北西,北西,1.6,0,0
2024,10,21,0.0,0.0,0.0,10.4,19.1,3.4,75,40,1.3,2.3,南西,4.6,北,南西,9.4,0,0
2024,10,22,0.5,0.5,0.5,15.7,23.3,9.1,74,38,1.2,3.0,北東,5.1,南西,南南西,2.9,0,0
2024,10,23,19.0,4.5,1.5,17.4,21.4,13.4,94,68,1.5,4.9,南西,11.3,西南西,南南西,0.0,0,0
2024,10,24,0.0,0.0,0.0,16.4,20.5,9.8,69,51,2.5,5.0,南西,10.5,南西,南西,9.6,0,0
2024,10,25,0.0,0.0,0.0,12.4,18.7,8.1,83,57,1.8,5.1,北,8.2,北,南西,9.2,0,0
2024,10,26,0.0,0.0,0.0,12.1,19.1,6.9,82,55,1.5,2.9,北,4.9,北,南南西,7.9,0,0
2024,10,27,0.0,0.0,0.0,12.9,18.6,7.6,87,59,1.3,3.2,北,5.1,北,南南西,5.7,0,0
2024,10,28,3.0,2.0,1.0,11.5,16.2,7.1,85,55,2.3,5.6,北北西,10.2,北西,北西,0.7,0,0
2024,10,29,0.0,0.0,0.0,9.3,15.8,5.4,75,41,1.2,2.4,北東,4.7,北東,南西,8.5,0,0
2024,10,30,0.0,0.0,0.0,11.2,17.6,5.6,76,59,1.8,4.7,北北西,8.3,北北西,南西,8.0,0,0
2024,10,31,0.0,0.0,0.0,13.2,19.0,8.2,73,41,2.0,4.2,北北西,10.7,北北西,北西,8.0,0 ),0
2024,11,1,0.0,0.0,0.0,13.0,18.4,8.5,80,48,1.1,2.2,北,3.8,南南西,南,1.0,0,0
2024,11,2,0.0,0.0,0.0,12.4,16.5,9.5,85,70,1.1,2.9,北北西,4.8,北北西,南西,0.0,0,0
2024,11,3,0.0,0.0,0.0,10.2,15.2,5.3,69,45,2.0,4.9,北北西,9.1,北北西,南南西,4.6,0,0
2024,11,4,11.5,4.5,1.5,11.5,20.6,3.4,82,35,1.8,4.6,南南西,9.8,西北西,南南西,6.7,0,0
2024,11,5,3.0,2.0,1.5,8.2,12.1,4.0,74,45,2.2,5.2,北西,9.4,北西,北西,1.6,0,0
2024,11,6,0.0,0.0,0.0,7.1,12.2,3.8,75,45,1.4,4.5,西北西,8.6,北西,南西,6.4,0,0
2024,11,7,14.0,5.0,2.0,4.3,7.4,2.4,85,56,2.5,5.2,北西,10.8,北西,西南西,0.6,0,0
2024,11,8,0.0,0.0,0.0,5.9,9.4,3.3,77,51,1.5,3.6,西,7.2,西北西,南西,1.7,0,0
2024,11,9,0.0,0.0,0.0,8.5,14.6,3.7,78,49,1.7,4.0,北,7.2,北北西,南南西,4.8,0,0
2024,11,10,0.0,0.0,0.0,9.2,17.6,3.1,80,44,1.4,3.1,東南東,6.2,南東,南,6.8,0,0
2024,11,11,0.0,0.0,0.0,9.0,15.7,4.0,83,60,1.9,5.1,北西,9.5,北北西,南,0.2 ],0,0
2024,11,12,2.0,1.5,0.5,9.0,15.8,2.2,81,51,1.6,4.5,南西,9.4,南西,南南西,2.1,0,0
2024,11,13,0.0,0.0,0.0,6.8,12.2,2.3,71,42,1.8,4.6,北北西,8.4,北西,北北西,5.7,0,0
2024,11,14,0.0,0.0,0.0,5.9,12.8,0.4,78,46,1.3,2.5,北北東,5.0,北北東,南南西,9.0,0,0
2024,11,15,0.0,0.0,0.0,9.6,16.1,4.5,80,46,1.1,3.0,南西,6.2,南西,南,2.3,0,0
2024,11,16,0.0,0.0,0.0,9.1,16.6,3.5,80,40,1.4,2.7,南南西,4.5,南南西,南南西,9.2,0,0
2024,11,17,12.0,5.5,2.0,12.2,18.6,5.5,85,54,2.6,6.5,北北西,12.5,北北西,南南東,0.0,0,0
2024,11,18,17.0,2.5,1.0,2.2,5.6,-0.7,87,61,2.9,4.9,北西,9.9,西北西,北西,0.9,8,8
2024,11,19,1.5,1.0,0.5,1.1,3.6,-1.0,84,65,1.9,4.8,北西,10.1,北西,南西,0.0,0,8
2024,11,20,0.0,0.0,0.0,3.6,9.1,-0.8,82,52,1.5,2.8,南東,4.7,南東,南南西,4.4,0,1
2024,11,21,0.0,0.0,0.0,6.2,11.7,2.0,90,70,1.3,4.0,北北西,6.1,北北西,南,3.2,0,0
2024,11,22,6.0,2.0,1.0,5.0,9.1,1.2,95,73,1.3,3.4,南南西,8.0,西北西,南西,2.4,0,0
2024,11,23,17.0,3.0,1.5,4.5,9.0,2.3,91,43,1.9,5.1,北西,9.5,北西,南西,4.1,0,0
2024,11,24,4.0,3.5,1.0,4.4,8.5,1.5,77,46,1.9,4.9,北西,9.6,北北西,南西,0.3,0,0
2024,11,25,0.0,0.0,0.0,4.6,10.0,0.6,81,50,1.5,3.2,北北西,6.5,北北西,南西,3.7,0,0
2024,11,26,2.0,1.0,0.5,6.8,14.1,-1.2,77,40,1.5,3.7,東南東,7.7,南東,南南西,6.0,0,0
2024,11,27,5.5,2.5,1.0,10.7,14.0,6.5,88,65,1.4,4.7,南西,9.6,南西,南,1.8,0,0
2024,11,28,8.5,2.5,1.0,5.5,8.9,3.2,90,58,1.4,3.5,南南東,6.1,南東,南,1.3,0,0
2024,11,29,7.0,3.0,1.0,2.5,4.5,1.4,95,79,1.8,4.9,北北西,9.9,南西,南南西,1.7,0,0
2024,11,30,12.5,3.0,1.0,2.1,4.5,0.8,93,67,2.1,6.5,西,15.7,西,南南西,0.6,0,0
2024,12,1,1.5,0.5,0.5,3.4,7.7,1.1,77,48,2.3,6.5,西,12.9,西,西南西,1.1,0,0
2024,12,2,1.0,1.0,1.0,5.3,12.4,-1.1,81,43,1.6,4.7,南南西,9.2,南南西,南,7.2,0,0
2024,12,3,7.5,3.0,1.0,5.8,10.6,1.0,90,73,1.7,5.4,北北西,10.8,北,北北西,0.0,0,0
2024,12,4,7.0,3.0,1.0,1.4,5.0,0.2,96,77,1.3,4.3,西北西,7.6,北西,南南西,0.7,2,2
2024,12,5,1.5,0.5,0.5,2.4,5.9,0.3,91,58,1.4,3.9,西南西,9.0,南西,南南西,3.1,0,0
2024,12,6,22.0,4.5,1.0,0.7,2.3,-0.9,95,75,2.1,5.9,西,11.8,西,西南西,0.0,16,14
2024,12,7,4.5,1.5,0.5,0.0,2.6,-2.4,79,55,2.9,7.5,北西,13.0,北西,南西,0.7,3,14
2024,12,8,6.5,2.0,0.5,0.0,1.5,-1.0,88,66,2.2,6.2,北西,10.9,北北西,西南西,0.1,7,19
2024,12,9,0.0,0.0,0.0,2.2,3.3,-0.6,73,55,2.8,4.7,西,10.1,西,西南西,0.0,0,18
2024,12,10,0.0,0.0,0.0,2.7,5.5,1.4,78,57,2.1,4.1,南西,6.9,南西,南西,0.0,0,11
2024,12,11,9.5,1.5,1.0,-0.1,2.6,-2.3,93,70,2.5,5.9,北西,10.9,北西,西南西,0.0,6,9
2024,12,12,1.0,0.5,0.5,-1.0,0.8,-2.1,83,60,2.4,5.9,西,12.8,西,西,1.2,0,9
2024,12,13,1.5,0.5,0.5,0.3,2.8,-2.7,83,58,1.8,4.8,西南西,10.1,西,南西,0.6,3,11
2024,12,14,1.0,0.5,0.5,-0.7,1.9,-3.5,83,60,2.1,4.2,西,8.4,北西,西,0.2,3,10
2024,12,15,7.5,3.0,1.0,-0.2,3.0,-3.0,92,68,2.4,9.0,西,15.2,西,西,0.4,6,13
2024,12,16,10.5,2.0,1.0,-1.4,0.4,-3.3,91,61,2.3,5.8,西,12.2,西北西,西,0.6,15,25
2024,12,17,6.5,3.5,1.0,-0.5,2.5,-1.7,91,70,1.2,2.9,南西,7.0,西南西,南西,2.5,8,33
2024,12,18,5.5,1.5,0.5,-1.7,0.7,-3.6,93,72,1.2,3.6,西北西,6.7,西北西,南,0.3,9,31
2024,12,19,2.0,1.0,1.0,-0.7,2.8,-4.6,91,70,1.4,4.4,西南西,7.8,西,南,2.7,2,30
2024,12,20,6.0,2.0,0.5,1.5,4.6,-0.2,85,44,1.8,4.7,西,9.0,西,西,2.2,4,26
2024,12,21,27.0,3.5,1.0,0.8,3.4,0.0,99,84,1.2,3.1,北北西,5.1,北北西,西南西,1.3,24,46
2024,12,22,26.5,3.0,1.5,-1.1,0.6,-2.8,97,74,2.2,5.3,西,11.1,北北西,南西,1.3,26,58
2024,12,23,26.0,5.5,1.5,-2.5,-1.7,-3.6,95,72,2.3,4.8,南西,8.0,南西,西南西,0.3,28,84
2024,12,24,1.5,1.0,0.5,-1.8,0.6,-3.9,88,68,1.6,4.2,南西,7.9,北西,南西,0.3,1,81
2024,12,25,0.0,0.5,0.0,1.4,4.7,-1.3,86,69,1.4,3.2,南南西,5.8,南南西,南,0.4,0,69
2024,12,26,4.5,1.5,0.5,1.8,4.5,-1.1,86,51,2.5,8.0,西,15.3,西,西南西,0.1,3,60
2024,12,27,17.0,3.5,1.0,-2.7,-1.0,-4.5,94,64,2.6,5.6,西,10.3,西,西,0.1,24,70
2024,12,28,7.0,1.5,0.5,-2.4,-0.9,-4.3,94,78,1.8,4.0,西南西,7.0,西,西南西,0.1,11,77
2024,12,29,12.5,3.0,1.0,-2.1,-0.4,-3.6,94,73,2.1,4.5,北西,9.1,北西,西南西,0.0,16,84
2024,12,30,1.0,0.5,0.5,0.2,4.5,-2.7,85,48,1.6,4.7,南西,8.9,西南西,南西,5.0,0,82
2024,12,31,17.5,4.5,1.5,0.6,2.0,-0.6,100,95,1.2,5.5,北北西,10.1,北西,北西,0.0,7,72
2025,1,1,17.0,3.0,1.0,-0.3,2.1,-1.4,95,76,1.6,4.4,西北西,7.5,西,南西,2.4,21,84
2025,1,2,18.0,3.5,1.0,-0.9,1.0,-2.3,96,66,1.4,4.4,西南西,8.5,西,南西,0.0,24,96
2025,1,3,15.5,3.5,1.0,-2.9,-1.2,-4.2,97,79,1.3,3.7,北北西,6.2,西北西,南南西,1.2,15,108
2025,1,4,12.5,2.5,0.5,-2.3,-0.7,-4.2,96,82,1.8,4.8,南西,8.6,南西,南西,0.6,17,114
2025,1,5,2.0,1.5,0.5,-1.7,2.0,-5.6,91,71,1.4,3.0,北北東,5.9,北北東,南南西,1.0,5,115
2025,1,6,3.5,1.0,0.5,1.2,5.5,-5.2,97,80,1.0,2.9,南東,5.4,南,南西,0.1,0,101
2025,1,7,3.5,2.0,1.0,2.3,6.3,0.8,95,68,1.9,6.4,北西,11.2,北西,南南西,2.8,0,83
2025,1,8,7.5,2.5,1.0,-0.2,1.4,-1.3,89,68,2.0,5.8,西,9.6,北西,南西,0.7,8,79
2025,1,9,2.0,1.0,0.5,-1.5,1.0,-4.8,80,45,2.4,5.7,西北西,12.3,西北西,南西,0.0,4,79
2025,1,10,7.0,2.0,1.0,-1.0,2.9,-6.0,88,67,1.6,3.5,東南東,5.6,南東,南東,3.0,2,77
2025,1,11,0.0,0.0,0.0,-0.3,3.3,-3.9,92,68,1.1,2.2,南南西,3.7,南西,南南西,6.6,0,74
2025,1,12,0.0,0.0,0.0,0.5,5.1,-3.8,90,61,1.3,3.4,南東,5.7,南東,南南西,4.4,0,73
2025,1,13,0.0,0.0,0.0,0.1,6.1,-4.0,85,47,1.3,3.2,西北西,5.3,西,南西,6.2,0,72
2025,1,14,2.0,1.5,0.5,1.1,4.7,-3.0,79,45,2.4,7.8,西,13.9,西北西,西南西,1.4,3,72
2025,1,15,13.0,3.0,1.0,-2.2,1.1,-5.5,89,47,2.2,6.6,西北西,12.1,西,西,0.0,20,91
2025,1,16,18.0,6.0,1.5,-3.0,-1.3,-6.2,93,76,1.9,4.0,西南西,6.5,西南西,南西,1.2,28,113
2025,1,17,19.0,5.0,1.5,-3.6,-2.1,-4.6,92,74,2.9,6.8,北西,13.2,北西,西,0.2,20,126
2025,1,18,1.0,0.5,0.5,-1.7,2.3,-5.3,85,54,1.4,4.4,北西,7.8,北西,南南西,1.2,1,124
2025,1,19,0.0,0.0,0.0,2.0,8.4,-6.0,80,46,1.4,3.4,南南西,6.2,南南西,南南西,5.5,0,113
2025,1,20,0.0,0.0,0.0,3.0,7.3,-0.1,91,71,1.1,2.5,南西,5.1,西南西,西南西,0.6,0,101
2025,1,21,0.0,0.0,0.0,1.9,5.0,0.2,93,75,0.9,2.4,南西,3.9,南西,南西,2.5,0,93
2025,1,22,0.0,0.0,0.0,2.1,6.0,-0.4,89,61,1.0,3.2,北,5.2,南西,南,4.0,0,88
2025,1,23,1.0,0.5,0.5,1.5,5.0,-1.7,89,68,1.2,3.5,南南東,6.2,南南東,南,2.7,0,84
2025,1,24,3.5,1.5,0.5,2.1,5.0,-1.3,88,59,1.6,4.6,南西,8.6,南西,南南西,2.8,1,81
2025,1,25,1.5,1.0,0.5,0.9,5.8,-3.4,82,41,1.3,2.5,北北西,3.7,北,南南東,8.4,3,81
2025,1,26,0.5,1.0,0.5,0.9,4.0,-3.0,94,75,1.2,2.5,北北西,4.8,北北東,北北西,4.8,0,81
2025,1,27,0.0,0.0,0.0,0.6,6.3,-4.0,81,51,1.4,2.9,南西,5.1,南西,南南西,5.0,0,79
2025,1,28,0.5,0.5,0.5,2.1,6.9,-1.7,88,63,1.3,4.6,南西,9.0,南西,南南東,2.2,0,77
2025,1,29,5.0,1.5,1.0,1.5,5.6,-1.4,89,44,2.2,5.6,北西,10.2,西北西,西,1.8,5,79
2025,1,30,7.5,1.5,1.0,-0.6,1.9,-2.7,92,61,2.3,5.3,西,9.2,西北西,西,2.4,15,90
2025,1,31,4.0,1.0,0.5,-1.5,1.1,-3.2,92,74,1.8,5.0,南西,9.0,南西,西南西,0.6,6,95
2025,2,1,0.5,0.5,0.5,-1.1,1.7,-3.8,84,56,2.6,4.3,西南西,7.9,西南西,西南西,1.9,3,91
2025,2,2,0.0,0.0,0.0,-0.3,4.3,-3.3,72,44,1.5,3.7,南西,5.8,南西,南南西,1.3,0,84
2025,2,3,4.0,2.0,1.0,-0.6,4.6,-5.5,82,51,1.4,4.1,東南東,7.4,南東,南南西,1.1,2,82
2025,2,4,1.5,0.5,0.5,0.4,4.5,-3.9,70,40,4.2,7.7,西南西,14.3,西,西南西,1.0,5,85
2025,2,5,4.5,1.5,0.5,-3.3,-1.0,-4.8,73,43,4.3,7.8,西南西,13.9,西南西,西南西,1.0,7,88
2025,2,6,11.5,3.0,1.0,-3.1,-0.6,-4.8,92,59,2.3,5.9,西南西,10.1,南西,南西,1.5,21,106
2025,2,7,3.5,1.5,0.5,-4.0,-2.0,-6.5,80,42,2.5,6.3,西,12.3,西,西南西,0.1,4,106
2025,2,8,1.5,0.5,0.5,-1.4,3.6,-8.6,77,44,1.7,3.9,北,8.1,北北西,南,5.4,0,102
2025,2,9,9.5,3.0,1.5,-0.6,2.1,-3.2,83,53,2.8,6.9,西,13.8,西北西,西北西,0.3,7,102
2025,2,10,4.5,1.0,0.5,-2.3,0.2,-4.3,89,63,2.5,6.9,西,13.3,西北西,西,0.4,14,108
2025,2,11,6.5,1.5,0.5,-2.3,-0.4,-4.0,87,64,2.7,5.3,西北西,11.5,西北西,西,0.1,13,118
2025,2,12,2.5,1.5,0.5,1.3,5.0,-2.5,83,59,1.5,3.6,東南東,6.2,南東,南東,0.0,0,112
2025,2,13,23.0,4.5,1.0,-1.2,1.1,-2.7,93,70,2.6,7.2,北北西,14.7,北西,南西,0.0,12,109
2025,2,14,2.5,1.0,0.5,1.0,3.9,-2.5,66,41,4.6,8.1,西,17.3,西北西,西,2.1,3,111
2025,2,15,0.0,0.0,0.0,3.0,6.9,-1.7,56,29,2.9,7.6,北西,14.6,北西,西南西,8.3,1,103
2025,2,16,0.5,0.5,0.5,3.0,9.9,-1.7,79,45,1.5,5.0,西北西,9.6,西南西,南南西,4.6,0,98
2025,2,17,7.0,3.0,1.0,-0.3,5.7,-3.5,93,52,2.0,7.2,西北西,12.9,西北西,西,3.0,10,103
2025,2,18,8.5,2.5,1.0,-3.6,-1.0,-6.2,87,63,3.1,6.8,西,11.3,西北西,西南西,2.0,12,111
2025,2,19,9.0,3.5,1.0,-1.9,1.7,-5.2,90,61,2.4,4.8,北西,10.8,北西,南西,2.1,15,119
2025,2,20,15.0,3.5,1.0,-1.5 ),1.6 ),-4.5 ),97 ),73 ),1.8,5.1,北,9.1,北,南西,1.3,21,134
2025,2,21,13.5,4.0,1.5,-2.5,-0.3,-6.3,99,90,0.9,2.6,北北西,4.9,北西,北西,0.0,23,145
2025,2,22,11.5,5.0,1.5,-2.4,0.7,-6.7,96,80,1.7,3.9,西,6.9,西北西,南西,0.8,14,150
2025,2,23,11.0,7.5,2.0,-2.3,1.1,-7.1,92,69,1.8,4.5,西南西,7.7,西南西,南西,4.5,14,160
2025,2,24,0.0,0.0,0.0,-2.0,1.9,-8.0,83,63,1.1,2.4,北,4.3,南南西,南,0.4,0,149
2025,2,25,2.5,1.5,1.0,2.1,5.9,-5.6,74,42,2.4,6.0,南西,11.4,南西,南南東,6.6,0,142
2025,2,26,4.5,3.0,1.0,1.8,4.9,-0.9,75,37,3.3,10.1,西,19.4,西北西,西,1.6,2,129
2025,2,27,0.5,0.5,0.5,1.7,5.1,-1.6,68,36,2.7,6.6,西,10.6,西南西,西南西,4.7,2,123
2025,2,28,0.0,0.0,0.0,5.8,10.8,-2.7,64,38,2.1,5.5,南西,10.7,南西,南西,7.8,0,113
2025,3,1,0.0,0.0,0.0,6.9,10.5,0.8,65,50,2.7,5.8,南西,8.8,西南西,西南西,6.1,0,106
2025,3,2,0.0,0.0,0.0,3.7,9.9,-0.2,71,55,3.0,6.2,北北西,11.4,北北西,北西,2.1,0,99
2025,3,3,0.0,0.0,0.0,-1.3,0.2,-2.9,68,56,3.3,5.7,北北西,10.4,北西,北西,0.0,1,97
2025,3,4,0.0,0.0,0.0,-0.6,1.8,-3.1,70,52,1.3,2.7,北東,4.6,東北東,北北東,0.0,1,98
2025,3,5,10.5,2.0,0.5,0.7,2.5,-1.4,96,65,1.0,2.4,北西,4.0,北西,北西,0.0,3,98
2025,3,6,8.0,2.0,0.5,1.9,4.7,0.5,95,76,1.3,5.5,北西,9.3,西北西,北北西,0.3,2,95
2025,3,7,6.5,2.5,1.0,-0.7,1.2,-2.7,84,50,2.7,6.2,北西,11.5,西北西,西,1.0,11,102
2025,3,8,0.0,0.0,0.0,0.4,3.8,-2.9,71,48,2.0,4.6,西南西,7.7,南西,西南西,3.7,0,100
2025,3,9,0.0,0.0,0.0,2.0,7.0,-2.5,71,43,1.7,3.2,南南西,5.5,西南西,南南西,9.0,0,95
2025,3,10,1.0,0.5,0.5,2.3,6.2,-1.9,72,43,1.3,2.8,北,4.9,北,南西,10.4,0,92
2025,3,11,0.0,0.0,0.0,3.9,12.1,-5.0,69,33,1.2,3.7,西南西,6.5,西南西,南南西,8.2,0,90
2025,3,12,0.0,0.0,0.0,6.3,14.6,-0.5,71,33,1.5,3.6,東南東,5.6,東南東,東南東,6.0,0,87
2025,3,13,0.0,0.0,0.0,6.1,10.0,2.6,60,30,3.4,7.2,西,14.8,西南西,西南西,8.9,0,83
2025,3,14,1.0,0.5,0.5,2.6,5.1,0.5,77,49,3.4,6.1,西,12.7,西,西,0.7,2,78
2025,3,15,0.5,0.5,0.5,2.6,6.2,-0.5,69,43,2.7,5.1,西,8.6,西南西,西,1.8,1,78
2025,3,16,25.5,3.0,1.0,-0.1,1.9,-2.3,94,68,1.3,2.5,北北西,4.1,北北西,北西,0.0,12,81
2025,3,17,11.5,2.5,0.5,1.9,4.0,0.1,91,63,2.3,6.9,北西,11.4,北西,北西,0.0,3,83
2025,3,18,0.0,0.0,0.0,1.1,4.8,-2.4,80,41,1.3,3.3,北,5.9,西南西,南西,3.5,2,78
2025,3,19,0.0,0.0,0.0,0.1,5.7,-5.1,79,46,2.0,4.8,北北西,9.0,北北西,北西,5.2,0,78
2025,3,20,0.5,0.5,0.5,2.8,7.3,-1.0,73,35,2.0,5.7,南西,10.6,西南西,西南西,5.8,1,76
2025,3,21,10.5,3.0,1.0,6.4,10.6,0.6,82,61,2.2,5.0,南西,9.7,西南西,南,0.0,0,71
2025,3,22,1.5,1.0,0.5,8.3,11.6,3.3,71,43,3.5,7.0,南西,13.6,西南西,南西,0.0,0,63
2025,3,23,0.5,0.5,0.5,4.2,7.2,-0.3,68,47,2.5,5.8,北北西,9.6,北北西,北北西,11.0,0,52
2025,3,24,0.0,0.0,0.0,6.1,14.1,-2.6,62,25,1.4,4.8,南西,12.0,西,南南西,6.0,0,46
2025,3,25,0.0,0.0,0.0,11.4,15.5,5.0,75,55,2.1,4.8,南南西,8.2,西南西,南南西,5.5,0,41
2025,3,26,5.0,2.5,1.5,5.9,11.8,0.7,84,62,2.6,7.1,西,12.1,西,西,0.0,0,28
2025,3,27,23.5,7.0,1.5,4.2,8.1,0.1,94,62,1.2,3.3,北西,6.1,北西,南西,0.0,0,23
2025,3,28,4.5,1.5,0.5,5.8,8.4,3.5,94,65,1.5,4.1,西,7.1,西,西,0.0,0,20
2025,3,29,0.0,0.0,0.0,3.4,7.1,-1.6,56,29,3.1,6.8,西,11.5,西,西,8.8,0,16
2025,3,30,3.0,1.5,1.0,0.8,6.3,-3.2,70,30,2.7,6.7,西,11.9,南西,西,3.9,3,14
2025,3,31,0.0,0.0,0.0,1.9,6.9,-1.9,51,23,2.4,5.9,西,10.3,西南西,西,10.6,0,13
2025,4,1,0.0,0.0,0.0,4.2,11.9,-3.5,59,32,1.5,3.8,北,6.0,北,南南西,8.1,0,8
2025,4,2,17.5,3.0,1.0,4.6,6.9,2.7,93,72,1.8,5.4,南東,11.8,南東,西,0.0,0,0
2025,4,3,2.0,1.0,0.5,5.0,9.0,2.4,87,54,1.8,4.8,南東,8.8,南東,西南西,0.1,0,0
2025,4,4,3.0,1.0,1.0,4.7,7.1,3.0,90,78,1.8,5.1,西北西,9.1,西北西,西南西,0.0,0,0
2025,4,5,0.0,0.0,0.0,6.0,11.6,1.6,70,41,2.1,4.6,西南西,7.9,西南西,西南西,10.0,0,0
2025,4,6,0.5,0.5,0.5,7.6,16.2,2.3,81,46,1.4,3.0,南,7.5,南西,南南西,3.3,0,0
2025,4,7,1.0,0.5,0.5,7.5,11.7,4.0,83,53,2.1,4.7,西南西,9.7,西南西,西南西,0.5,0,0
2025,4,8,14.5,4.0,1.5,7.9,14.9,4.9,81,35,2.1,4.8,西南西,8.4,西南西,西南西,4.3,0,0
2025,4,9,1.0,1.0,0.5,8.5,15.2,3.8,76,44,2.4,6.4,西南西,12.0,西南西,南南西,9.6,0,0
2025,4,10,0.0,0.0,0.0,10.1,17.1,5.1,68,35,1.4,2.9,南西,5.2,南西,南,1.7,0,0
2025,4,11,0.5,0.5,0.5,9.8,18.2,5.8,89,49,1.6,4.9,北,8.6,北,南西,3.1,0,0
2025,4,12,0.0,0.0,0.0,11.2,18.8,6.2,78,40,1.9,3.9,北北東,7.2,北東,西南西,9.6,0,0
2025,4,13,0.0,0.0,0.0,12.6,18.6,5.6,66,46,3.2,6.8,南南東,13.3,南東,南東,2.3,0,0
2025,4,14,11.0,5.0,2.0,9.4,13.5,4.1,94,75,1.7,4.8,東北東,8.6,東南東,東,0.0,0,0
2025,4,15,2.5,0.5,0.5,6.8,9.9,2.8,95,79,1.2,2.3,北東,5.5,北西,南西,0.1,0,0
2025,4,16,2.0,0.5,0.5,8.3,12.6,4.7,72,47,3.4,6.5,南西,12.9,西南西,西南西,6.9,0,0
2025,4,17,0.0,0.0,0.0,12.5,18.7,5.4,56,21,3.1,6.2,西南西,11.3,西南西,西南西,8.8,0,0
2025,4,18,13.0,4.5,3.0,14.2,20.7,7.7,86,53,1.7,5.4,南南西,9.4,南東,南,0.7,0,0
2025,4,19,0.0,0.0,0.0,12.6,17.9,8.6,64,36,2.7,6.1,西南西,10.4,西南西,西南西,10.3,0,0
2025,4,20,8.5,4.0,1.5,12.1,19.7,7.6,81,47,2.4,6.9,西,13.0,西南西,西,4.7,0,0
2025,4,21,0.0,0.0,0.0,10.6,17.1,5.1,70,40,2.1,5.2,西,8.8,北西,西,6.7 ),0,0
2025,4,22,0.0,0.0,0.0,10.8,18.0,4.2,70,38,1.8,3.8,北東,6.8,北東,北東,10.7,0,0
2025,4,23,6.5,3.0,1.0,10.7,15.0,8.0,95,82,1.5,3.1,東北東,4.9,東北東,北東,0.1,0,0
2025,4,24,0.0,0.0,0.0,12.8,18.6,9.5,83,63,1.9,4.6,北東,8.0,東北東,北東,5.1,0,0
2025,4,25,1.5,1.5,1.0,11.0,16.6,6.0,81,63,1.9,6.9,西,11.0,西北西,西南西,1.2,0,0
2025,4,26,4.5,4.5,1.5,9.4,14.8,3.3,58,31,3.0,8.7,西北西,16.8,西北西,西南西,8.9,0,0
2025,4,27,3.5,1.0,0.5,12.7,18.5,8.7,65,28,2.7,8.2,南西,14.0,西,南西,2.5,0,0
2025,4,28,1.0,0.5,0.5,11.3,16.9,8.1,87,63,1.6,3.6,北東,6.5,北東,北北東,3.0,0,0
2025,4,29,13.0,2.5,1.0,8.0,9.6,7.1,94,80,1.6,3.0,西,5.7,西,西南西,0.0,0,0
2025,4,30,0.5,0.5,0.5,9.1,12.4,5.4,82,67,2.5,5.3,西,10.7,西北西,西,1.3,0,0
2025,5,1,0.0,0.0,0.0,10.8,19.7,3.4,78,52,1.8,4.3,北東,7.7,北東,北東,13.1,0,0
2025,5,2,0.5,0.5,0.5,15.4,25.6,5.3,68,24,2.7,6.6,南,12.0,南南東,南南東,8.2,0,0
2025,5,3,0.5,0.5,0.5,13.5,18.0,10.3,59,34,2.8,6.3,西南西,11.4,西南西,西南西,5.9,0,0
2025,5,4,4.5,2.5,1.0,11.6,15.4,8.7,74,48,2.1,5.4,西南西,10.7,南西,西南西,2.5,0,0
2025,5,5,2.0,1.0,0.5,12.2,17.5,8.0,67,42,3.0,7.2,西南西,12.3,西南西,西南西,8.1,0,0
2025,5,6,0.0,0.0,0.0,11.3,15.7,8.2,72,46,1.1,3.8,北東,6.5,北東,西南西,0.1,0,0
2025,5,7,7.5,2.5,1.0,10.3,13.9,6.4,92,69,1.6,3.8,北,6.0,北,西南西,1.8,0,0
2025,5,8,0.0,0.0,0.0,13.3,20.8,5.5,57,24,2.4,5.0,西南西,8.7,西南西,西南西,13.4,0,0
2025,5,9,0.0,0.0,0.0,15.4,23.4,6.0,51,23,1.6,3.6,北,6.1,北,北北西,11.7,0,0
2025,5,10,0.5,0.5,0.5,16.9,22.8,11.6,77,56,2.2,5.1,南南西,9.8,南南西,南南西,0.2,0,0
2025,5,11,0.0,0.0,0.0,14.5,18.6,10.4,71,55,2.5,5.9,南西,11.3,南南西,西南西,0.0,0,0
2025,5,12,1.5,1.0,0.5,12.5,15.5,8.9,86,68,1.3,3.2,西南西,5.4,西北西,南,0.0,0,0
2025,5,13,0.0,0.0,0.0,16.4,22.9,8.8,63,32,2.1,5.4,南西,9.8,西南西,南西,13.5,0,0
2025,5,14,0.0,0.0,0.0,18.6,26.9,10.2,48,22,1.8,4.3,北,7.3,北北東,南,10.6,0,0
2025,5,15,0.0,0.0,0.0,18.4,29.0,9.0,52,15,1.5,4.4,北,7.6,北,南西,7.8,0,0
2025,5,16,0.0,0.0,0.0,21.1,27.4,13.5,62,41,1.9,5.3,南南西,9.3,南西,南西,11.2,0,0
2025,5,17,2.0,1.5,0.5,19.0,25.7,15.3,83,45,1.4,4.1,南東,7.5,南東,南西,0.1,0,0
2025,5,18,0.0,0.0,0.0,17.0,21.5,8.0,71,46,2.7,6.6,南南西,12.0,南南西,南南西,3.0,0,0
2025,5,19,0.0,0.0,0.0,14.2,20.8,5.1,55,29,1.8,4.8,北,7.7,北北西,北,11.0,0,0
2025,5,20,4.0,2.0,0.5,16.7,22.2,12.2,56,21,2.7,6.8,西,12.1,西,南南西,9.0,0,0
2025,5,21,20.5,7.0,1.5,13.1,17.1,10.2,95,60,1.4,4.4,北北東,8.7,北,北,0.2,0,0
2025,5,22,2.5,1.5,0.5,13.6,18.5,8.5,89,62,1.8,5.5,北,9.2,北,北,6.0,0,0
2025,5,23,0.0 ),0.0 ),0.0 ),11.7 ),16.6 ),6.5 ),83 ),63 ),2.0,5.2,北,8.9,北北西,北,10.0,0,0
2025,5,24,0.5,0.5,0.5,14.1,20.4,8.8,81,42,1.2,3.0,東,5.7,南東,北東,0.3,0,0
2025,5,25,12.5,2.5,1.0,12.2,15.0,10.4,92,71,1.8,5.4,東南東,9.8,東南東,北東,0.0,0,0
2025,5,26,1.5,1.0,1.0,13.8,19.1,9.9,75,47,2.7,6.1,西,12.4,西南西,西南西,8.8,0,0
2025,5,27,0.0,0.0,0.0,14.4,20.5,7.9,76,48,2.0,5.1,北,8.1,北,北,13.0,0,0
2025,5,28,0.0,0.0,0.0,16.2,24.1,9.6,67,28,1.9,5.4,北北西,8.8,北西,北,11.3,0,0
2025,5,29,0.0,0.0,0.0,17.0,24.7,9.5,56,27,2.1,5.3,北北東,9.0,北,北北東,13.6,0,0
2025,5,30,0.0,0.0,0.0,18.4,25.8,11.2,56,26,1.4,3.7,北東,6.1,北東,北東,4.4,0,0
2025,5,31,1.5,1.0,0.5,13.9,16.9,9.5,84,69,2.5,5.5,北東,10.1,東北東,北東,0.4,0,0
2025,6,1,0.5,0.5,0.5,13.8,21.4,9.0,74,42,2.2,5.7,北,10.0,北北東,北北東,10.3,0,0
2025,6,2,0.0,0.0,0.0,16.5,23.4,11.2,73,42,1.9,4.7,西,8.9,西,西南西,12.4,0,0
2025,6,3,0.0,0.0,0.0,16.1,22.8,12.6,83,59,1.6,3.7,北東,6.9,東北東,北東,3.8,0,0
2025,6,4,0.0,0.0,0.0,17.6,23.0,12.6,74,45,2.6,7.9,南西,15.6,西南西,南西,6.7,0,0
2025,6,5,1.5,1.5,0.5,17.1,20.8,13.7,73,51,3.0,6.5,西南西,12.8,南西,西南西,5.1,0,0
2025,6,6,0.0,0.0,0.0,21.4,27.8,15.0,48,23,2.7,5.2,南南西,9.4,南南西,南南西,10.3,0,0
2025,6,7,0.0,0.0,0.0,22.3,29.0,13.6,55,32,2.9,7.6,南西,16.2,南西,南西,13.4,0,0
2025,6,8,0.0,0.0,0.0,19.6,26.1,14.5,75,42,1.9,4.6,東北東,8.5,北,北東,9.4,0,0
2025,6,9,0.0,0.0,0.0,20.9,30.3,12.0,60,28,1.9,5.4,北,7.8,北北西,北,14.1,0,0
2025,6,10,0.0,0.0,0.0,23.6,31.2,14.9,63,41,1.7,4.2,北北東,7.7,北,北東,9.3,0,0
2025,6,11,0.0,0.0,0.0,21.9,27.3,17.7,77,59,1.8,4.6,西南西,8.5,南西,西南西,0.7,0,0
2025,6,12,0.0,0.0,0.0,17.5,21.1,13.9,75,65,2.9,5.4,北,9.8,西,北,4.3,0,0
2025,6,13,0.0,0.0,0.0,18.0,24.2,12.1,79,55,2.0,4.9,北,7.5,北,北,14.3,0,0
2025,6,14,0.5,0.5,0.5,21.0,28.1,13.3,74,43,1.9,5.0,南南西,8.5,南南西,南南西,6.0,0,0
2025,6,15,0.0,0.5,0.0,21.7,26.3,17.8,90,72,1.5,3.4,北,5.7,北北西,北,2.2,0,0
2025,6,16,0.5,0.5,0.5,22.2,26.8,19.0,89,65,1.6,3.5,北,5.7,北,北,5.5,0,0
2025,6,17,1.5,1.5,0.5,24.7,29.2,20.3,75,54,2.7,5.0,西南西,10.0,西南西,南西,9.8,0,0
2025,6,18,0.0,0.0,0.0,24.2,30.3,18.6,74,47,1.7,3.7,西北西,7.8,西北西,西南西,10.9,0,0
2025,6,19,0.0,0.0,0.0,24.0,29.1,18.7,85,66,1.8,5.0,北北西,7.2,北北西,北,10.2,0,0
2025,6,20,0.0,0.0,0.0,24.5,30.4,19.3,82,60,1.9,4.7,北,7.9,北,北,10.3,0,0
2025,6,21,0.0,0.0,0.0,26.6,33.4,19.6,68,44,2.2,5.0,南南西,9.0,南南西,南西,6.2,0,0
2025,6,22,14.5,4.5,2.5,22.1,25.9,19.7,97,73,1.2,3.2,南西,8.3,南西,南西,0.0,0,0
2025,6,23,0.0,0.0,0.0,21.9,26.1,17.6,87,71,1.4,3.3,北北東,5.4,北東,南南西,1.5,0,0
2025,6,24,0.0,0.0,0.0,21.9,29.5,15.4,82,46,1.9,5.2,北,8.5,北北西,北,11.2,0,0
2025,6,25,0.0,0.0,0.0,25.4,32.5,18.6,78,57,1.3,3.4,北北東,5.5,北北東,北北西,7.9,0,0
2025,6,26,17.0,9.5,4.0,23.9,27.0,20.8,94,81,1.2,3.5,西南西,7.8,西南西,北北東,0.9,0,0
2025,6,27,8.0,3.5,1.5,22.5,27.1,18.4,88,69,2.1,5.5,西南西,9.4,南西,西南西,2.5,0,0
2025,6,28,0.0,0.0,0.0,22.2,27.7,17.4,83,53,1.6,4.1,北,6.4,北北西,北東,11.6,0,0
2025,6,29,0.0,0.0,0.0,22.8,29.1,17.3,84,64,1.8,4.2,北北西,7.2,北,北北東,11.8,0,0
2025,6,30,0.0,0.0,0.0,25.3,31.0,21.0,77,50,1.4,3.5,西南西,6.7,西南西,西南西,1.0,0,0
2025,7,1,0.0,0.0,0.0,26.4,30.7,24.1,78,57,1.3,3.4,西南西,5.9,南西,西南西,1.0,0,0
2025,7,2,0.0,0.0,0.0,27.4,32.0,23.4,77,56,1.2,3.4,西北西,7.2,西北西,西南西,2.2,0,0
2025,7,3,0.0,0.0,0.0,28.6,34.9,22.7,72,48,1.6,3.8,南西,8.6,南南西,西南西,10.9,0,0
2025,7,4,8.0,3.0,1.5,26.2,29.4,22.7,85,70,1.5,4.0,南南西,7.0,南南西,南南西,0.0,0,0
2025,7,5,2.0,1.0,0.5,25.7,30.8,22.5,85,61,1.9,5.3,南西,8.8,西南西,西南西,5.6,0,0
2025,7,6,0.0,0.0,0.0,26.5,30.8,21.3,81,60,1.7,4.4,西南西,7.8,南西,西南西,2.4,0,0
2025,7,7,0.0,0.0,0.0,26.9,32.4,24.4,87,65,1.7,4.6,北,7.3,北北西,北北西,1.5,0,0
2025,7,8,0.0,0.0,0.0,25.9,31.6,20.3,78,36,1.9,4.4,北,7.5,北北東,北,13.4,0,0
2025,7,9,0.0,0.0,0.0,24.8,31.9,17.9,72,48,1.8,4.1,北東,6.8,北東,北東,13.9,0,0
2025,7,10,0.0,0.0,0.0,23.3,29.8,18.2,71,44,2.3,4.6,東南東,9.0,東南東,東北東,13.4,0,0
2025,7,11,0.0,0.0,0.0,20.8,26.8,15.4,72,48,2.5,4.9,東,9.5,南東,東南東,14.0,0,0
2025,7,12,0.0,0.0,0.0,20.2,28.2,14.3,77,44,1.8,4.1,北東,7.9,東北東,北東,12.5,0,0
2025,7,13,0.0,0.0,0.0,22.1,28.7,14.7,77,48,1.9,4.8,北北西,8.2,北北西,北,13.8,0,0
2025,7,14,0.0,0.0,0.0,25.8,36.4,16.9,77,39,2.0,5.1,北東,9.2,北東,北東,10.3,0,0
2025,7,15,2.0,2.0,2.0,27.0,32.4,22.1,89,62,1.1 ),2.7 ),北東 ),4.8 ),北東 ),西,0.0,0,0
2025,7,16,7.0,4.5,1.5,28.2,34.8,24.9,81,42,1.4,3.6,西南西,6.4,西南西,西南西,5.7,0,0
2025,7,17,0.0,0.0,0.0,29.5,35.9,23.7,69,46,2.0,5.1,南,8.6,南,南西,6.9,0,0
2025,7,18,0.0,0.0,0.0,28.5,34.8,24.8,70,44,1.6,4.6,南西,10.3,南西,南西,1.8,0,0
2025,7,19,0.0,0.0,0.0,27.9,33.4,22.6,70,52,1.7,4.0,北,6.7,北北東,南西,4.2,0,0
2025,7,20,0.0,0.0,0.0,28.4,34.7,21.5,67,43,2.1,4.8,西南西,9.5,西南西,西南西,12.4,0,0
2025,7,21,0.0,0.0,0.0,28.9,33.3,24.3,69,51,1.5,4.1,西南西,8.2,西南西,西南西,2.9,0,0
2025,7,22,0.0,0.0,0.0,29.3,33.5,23.7,68,51,2.7,5.0,西南西,10.4,南西,西南西,10.3,0,0
2025,7,23,0.0,0.0,0.0,29.4,34.5,24.4,68,48,2.3,4.8,南西,9.6,南西,西南西,9.3,0,0
2025,7,24,0.0,0.0,0.0,28.7,35.0,23.1,69,45,1.9,4.2,西,9.3,西,西南西,11.4,0,0
2025,7,25,0.0,0.0,0.0,26.8,33.6,21.0,72,42,2.1,5.9,北,9.9,北,南西,12.7,0,0
2025,7,26,0.0,0.0,0.0,26.9,33.0,21.3,68,48,1.4,3.3,西南西,6.1,南西,南西,2.4,0,0
2025,7,27,0.0,0.0,0.0,28.4,34.4,24.1,70,50,1.8,4.9,西南西,9.3,南西,南西,0.3,0,0
2025,7,28,0.0,0.0,0.0,29.1,35.8,24.1,66,39,2.1,4.7,西南西,9.1,西南西,西南西,8.6,0,0
2025,7,29,0.0,0.0,0.0,28.0,35.2,22.3,78,48,2.0,5.6,北,9.8,北,南西,11.2,0,0
2025,7,30,0.0,0.0,0.0,27.2,33.7,22.7,83,60,1.8,4.3,東北東,7.2,北東,北東,13.3,0,0
2025,7,31,0.0,0.0,0.0,27.5,34.0,23.6,82,61,1.6,3.6,北東,6.5,北東,北東,8.9,0,0
2025,8,1,0.0,0.0,0.0,26.9,34.4,22.0,81,50,1.8,4.8,北北東,7.8,北東,北北東,10.8,0,0
2025,8,2,0.0,0.0,0.0,28.4,34.9,22.8,81,54,1.9,5.1,北,8.8,北,北北西,12.0,0,0
2025,8,3,0.0,0.0,0.0,28.1,33.6,24.0,77,52,2.0,5.0,北,8.8,北,北北東,12.1,0,0
2025,8,4,0.0,0.0,0.0,27.8,34.6,22.0,78,52,1.7,5.2,北,9.0,北,南西,5.6,0,0
2025,8,5,43.0,23.0,7.0,25.2,29.5,21.4,90,70,1.4,5.2,北,11.2,北北西,南,1.5,0,0
2025,8,6,8.5,4.0,2.5,25.1,29.0,22.4,89,66,1.2,3.8,北,6.2,北,北,0.5,0,0
2025,8,7,13.5,9.0,3.0,23.9,27.5,21.9,96,77,1.3,4.0,北北西,7.5,北北西,北北東,1.5,0,0
2025,8,8,2.5,1.0,0.5,23.2,29.1,20.0,87,62,1.7,5.7,南西,10.2,南西,南西,4.3,0,0
2025,8,9,0.0,0.0,0.0,24.4,30.6,18.9,79,54,1.6,4.5,北北西,7.5,北,北,8.5,0,0
2025,8,10,0.0,0.0,0.0,25.0,30.3,20.3,82,56,1.3,4.1,北北西,7.5,北北西,南西,5.7,0,0
2025,8,11,3.0,3.0,2.5,26.1,32.4,22.4,86,61,1.5,4.9,北北西,8.1,北北西,北,4.9,0,0
2025,8,12,0.0,0.0,0.0,26.4,31.8,21.8,75,42,1.6,4.2,南西,7.5,南西,南西,5.6,0,0
2025,8,13,0.0,0.0,0.0,24.8,30.3,19.5,74,41,2.2,4.7,北,7.5,北,北,13.0,0,0
2025,8,14,0.5,0.5,0.5,25.6,30.7,19.7,74,47,1.5,3.1,北北西,5.4,北北西,南南西,5.6,0,0
2025,8,15,4.5,5.0,1.5,25.1,29.8,19.4,77,36,2.1,5.5,北北西,9.2,北北西,北北西,11.1,0,0
2025,8,16,0.0,0.0,0.0,24.5,32.2,16.9,66,31,1.8,5.0,北,7.9,北北東,南南西,11.4,0,0
2025,8,17,17.5,15.5,6.0,25.2,33.4,19.3,78,39,2.2,6.0,南西,11.8,南南西,南南西,6.3,0,0
2025,8,18,0.0,0.0,0.0,24.6,29.8,19.8,80,49,1.9,4.4,北,8.0,北,南西,11.4,0,0
2025,8,19,0.0,0.0,0.0,26.1,31.7,20.0,80,62,1.9,5.2,南西,8.7,南西,南西,5.6,0,0
2025,8,20,35.0,11.0,8.0,24.7,30.8,21.1,94,67,1.4,4.4,西南西,8.2,西南西,南南東,0.3,0,0
2025,8,21,0.0,1.0,0.0,25.0,30.9,19.3,78,50,1.8,4.4,西北西,8.9,西北西,西南西,12.0,0,0
2025,8,22,0.0,0.0,0.0,24.1,30.5,17.7,77,53,1.3,2.6,北,4.7,北北東,南西,6.7,0,0
2025,8,23,20.5,17.0,5.5,27.9,33.3,22.3,78,55,2.2,6.3,南西,10.4,南西,西南西,6.6,0,0
2025,8,24,0.0,0.0,0.0,26.3,31.7,21.6,81,45,1.4,4.0,北,6.5,北北西,北北西,11.5,0,0
2025,8,25,0.0,0.0,0.0,25.9,32.4,20.1,83,63,1.5,3.9,北北東,6.3,北北東,南西,10.3,0,0
2025,8,26,1.0,1.0,1.0,27.8,34.8,22.6,82,52,1.8,4.8,南南西,8.5,南西,南南西,6.7,0,0
2025,8,27,18.0,10.0,7.0,25.5,30.7,21.6,83,52,1.9,5.3,南西,11.0,西,西南西,6.9,0,0
2025,8,28,0.0,0.0,0.0,23.5,28.7,19.2,79,53,1.6,3.8,北北西,6.4,北北西,南西,9.0,0,0
2025,8,29,6.0,4.5,2.5,22.1,25.2,20.1,89,72,1.1,2.2,南南西,4.3,南,南西,0.0,0,0
2025,8,30,7.5,6.5,5.0,25.0,31.4,21.0,85,60,2.1,5.4,北北西,10.1,西北西,北北西,10.8,0,0
2025,8,31,0.0,0.0,0.0,24.6,30.0,20.1,81,59,1.6,4.1,北,6.2,北,南南西,9.6,0,0
2025,9,1,7.0,2.5,1.0,25.9,32.0,21.0,88,60,1.3,3.8,西南西,7.4,西南西,西南西,0.6,0,0
2025,9,2,40.5,13.5,11.0,24.2,26.5,22.3,99,85,1.2,3.2,北,5.9,南,南南西,0.0,0,0
2025,9,3,0.0,0.0,0.0,24.3,28.8,18.9,79,56,2.1,5.0,北,8.8,西,北北西,10.5,0,0
2025,9,4,0.0,0.0,0.0,23.1,29.7,16.8,77,45,1.5,3.3,北北東,5.9,北東,西南西,8.0,0,0
2025,9,5,1.5,1.5,0.5,23.7,30.4,20.7,91,64,1.4,4.5,北北東,6.7,北北東,南西,4.1,0,0
2025,9,6,0.0,0.0,0.0,23.7,29.2,19.3,84,60,1.7,4.0,北,6.7,北,北,10.5,0,0
2025,9,7,1.0,0.5,0.5,23.8,28.5,19.2,89,71,1.8,4.9,南南西,10.1,南南西,南,0.0,0,0
2025,9,8,0.0,0.0,0.0,23.6,28.6,19.6,83,58,1.4,3.5,北,5.4,北,北北西,10.4,0,0
2025,9,9,0.0,0.0,0.0,23.2,28.5,18.7,81,59,1.3,2.7,南西,4.4,南西,南南西,0.7,0,0
2025,9,10,1.5,1.5,0.5,22.8,26.6,19.5,85,65,1.1,2.5,北,4.3,北北東,南西,1.2,0,0
2025,9,11,6.5,4.0,2.0,22.4,27.3,18.9,89,63,1.3,3.2,北北西,5.4,北北西,北北東,7.0,0,0
2025,9,12,0.0,0.0,0.0,22.4,29.5,16.5,80,44,1.7,3.9,北,6.1,北,北,11.9,0,0
2025,9,13,12.0,3.0,2.0,22.1,27.7,18.3,92,73,2.2,8.5,南南西,18.6,南南西,南南西,0.1,0,0
2025,9,14,3.5,3.5,1.5,22.7,26.8,17.9,79,55,2.6,5.4,南南西,11.2,北,西南西,7.3,0,0
2025,9,15,0.0,0.0,0.0,22.8,29.6,16.0,77,44,1.4,3.6,南西,7.0,南西,南南西,10.9,0,0
2025,9,16,0.0,0.0,0.0,24.2,30.4,19.0,73,38,1.5,3.7,西,7.3,西,西南西,11.1,0,0
2025,9,17,9.0,5.5,1.5,23.3,28.9,19.5,86,64,1.6,4.4,北,8.8,南西,西南西,1.4,0,0
2025,9,18,10.0,3.5,1.0,18.6,23.7,14.7,83,57,1.7,5.3,北北西,9.8,北西,南南西,2.9,0,0
2025,9,19,0.0,0.0,0.0,17.7,23.9,13.4,72,30,1.6,3.2,北,5.1,北,南南西,11.3,0,0
2025,9,20,35.0,8.5,2.5,17.6,24.7,13.7,90,71,1.9,8.8,南南西,18.2,南南西,南南西,0.2,0,0
2025,9,21,1.5,1.0,1.0,18.8,23.2,14.6,79,56,2.6,6.2,北西,12.9,北西,北西,3.2,0,0
2025,9,22,0.0 ),0.0 ),0.0 ),17.6,24.0,12.9,73,37,1.7,3.9 ),北北西 ),7.2,北,南南西,11.0,0,0
2025,9,23,0.0,0.0,0.0,18.0,26.0,12.6,74,35,1.6,3.6,北東,6.5,北東,南西,10.3,0,0
2025,9,24,0.0,0.0,0.0,19.4,27.2,12.4,71,33,1.7,3.4,南,6.6,南東,南南西,9.7,0,0
2025,9,25,11.5,3.5,2.0,20.1,25.2,16.1,91,75,1.4,3.8,南東,6.8,東南東,南,0.0,0,0
2025,9,26,0.0,0.0,0.0,20.0,26.5,15.1,75,41,2.3,5.6,西,11.7,西北西,西南西,11.0,0,0
2025,9,27,0.0,0.0,0.0,19.1,24.9,14.7,76,51,2.2,4.9,北北西,9.2,北北西,南南西,8.4,0,0
2025,9,28,0.0,0.0,0.0,19.3,26.1,13.1,75,42,1.6,3.2,西南西,6.9,西,南南西,8.6,0,0
2025,9,29,19.5,8.0,2.0,17.5,21.7,14.9,90,71,1.3,2.7,南西,6.6,西北西,南西,1.5,0,0
2025,9,30,0.0,0.0,0.0,19.2,25.6,13.9,83,55,1.6,4.1,北,7.1,北,南南西,9.4,0,0
2025,10,1,0.0,0.0,0.0,18.9,23.8,14.8,86,62,1.1,2.1,北西,4.2,南西,南西,0.0,0,0
2025,10,2,0.5,0.5,0.5,19.8,25.9,15.8,81,43,1.6,3.6,西,8.3,南西,南西,8.7,0,0
2025,10,3,0.0,0.0,0.0,19.6,26.4,14.9,78,45,1.7,3.7,北北東,6.1,北北東,南南西,11.0,0,0
2025,10,4,0.0,0.0,0.0,20.0,28.7,12.8,69,27,1.7,4.0,南南東,7.4,南東,南南西,11.0,0,0
2025,10,5,16.5,9.0,4.5,20.4,25.7,17.8,90,68,1.3,4.5,北,7.5,北北西,南南西,0.0,0,0
2025,10,6,0.5,0.5,0.5,17.7,21.4,14.1,80,47,1.6,3.8,北北東,7.7,西北西,西,2.9,0,0
2025,10,7,0.0,0.0,0.0,18.0,24.2,12.3,71,39,1.4,4.3,南,8.3,南,南南西,9.2,0,0
2025,10,8,0.0,0.0,0.0,18.7,24.2,14.8,72,45,1.9,4.6,西,9.9,南西,西,6.6,0,0
2025,10,9,0.0,0.0,0.0,14.2,19.2,9.9,67,35,1.6,3.7,北北西,6.5,北北西,北北西,7.3,0,0
2025,10,10,0.0,0.0,0.0,12.6,16.9,7.9,76,42,1.2,2.7,北北西,4.6,北北西,南西,1.0,0,0
2025,10,11,0.0,0.0,0.0,12.1,15.8,8.4,72,39,1.5,3.2,東南東,6.0,南東,南南西,0.0,0,0
2025,10,12,0.5,0.5,0.5,14.3,16.6,11.8,93,75,1.1,2.3,南南東,5.2,南南東,南西,///,0,0
2025,10,13,0.0,0.0,0.0,15.8,20.9,10.6,84,46,1.2,3.2,北,5.8,北北東,南西,3.4,0,0
2025,10,14,0.0,0.0,0.0,14.2,20.6,9.5,82,47,1.4,2.9,南東,5.4,南南東,南西,6.0,0,0
2025,10,15,0.0,0.0,0.0,14.2,20.8,9.3,84,54,1.7,5.6,北,8.8,北北西,北,10.1,0,0
2025,10,16,1.0,1.0,0.5,13.3,16.8,10.3,93,68,1.2,2.9,南南東,5.9,南南東,南西,0.0,0,0
2025,10,17,0.0,0.0,0.0,15.3,20.3,11.0,87,62,1.5,3.8,北,7.5,西北西,南南西,7.5,0,0
2025,10,18,26.5,6.0,2.0,14.2,20.1,10.4,95,64,1.5,5.0,北北西,9.6,北北西,南南西,0.1,0,0
2025,10,19,0.0,0.5,0.0,10.9,15.0,6.8,68,43,2.0,4.2,北北西,8.1,西,西北西,4.5,0,0
2025,10,20,4.0,2.0,1.0,8.4,11.2,6.9,84,52,1.6,4.2,北北西,7.9,西北西,南西,0.0,0,0
2025,10,21,4.0,1.5,1.0,8.0,10.5,5.7,85,58,1.4,3.3,北西,7.6,北西,南南西,1.5,0,0
2025,10,22,2.0,0.5,0.5,7.8,10.8,5.3,91,71,1.1,2.3,南西,4.6,南西,南南西,0.7,0,0
2025,10,23,0.0,0.0,0.0,8.1,13.7,4.8,79,46,1.5,3.0,北北西,5.1,北北西,南西,5.5,0,0
2025,10,24,0.0,0.0,0.0,8.3,13.0,3.9,74,39,1.4,4.9,北,8.4,北北西,南西,6.9,0,0
2025,10,25,0.0,0.0,0.0,8.4,16.3,2.1,71,30,1.5,3.1,北北東,5.3,北東,南南西,8.0,0,0
2025,10,26,1.5,1.0,0.5,11.7,17.3,5.3,91,71,1.1,2.8,南南西,5.3,南南西,南南西,1.7,0,0
2025,10,27,2.5,0.5,0.5,12.1,18.2,6.1,73,38,2.5,5.8,南西,12.3,南南西,西,4.3,0,0
2025,10,28,11.0,1.5,1.0,6.2,9.9,3.1,82,45,3.0,7.5,西南西,16.3,西南西,西,0.7,0 ),0
2025,10,29,0.0,1.5,0.0,6.8,12.6,2.6,74,38,2.3,4.2,北西,8.5,西北西,南西,5.4,0,0
2025,10,30,0.0,0.0,0.0,7.3,15.8,0.9,75,31,1.3,2.2,東南東,5.0,東南東,南南西,9.9,0,0
2025,10,31,2.5,1.5,1.0,9.4,15.2,2.9,85,57,1.2,2.5,南南西,4.5,南南西,南南西,0.7,0,0
2025,11,1,57.5,11.0,2.5,11.6,13.7,9.7,95,72,2.8,6.7,北西,13.6,北西,西,0.0,0,0
2025,11,2,13.0,6.0,3.0,10.8,15.7,7.1,82,45,2.0,4.5,南西,9.3,西北西,南西,3.9,0,0
2025,11,3,8.0,4.0,1.5,8.2,13.1,4.2,87,48,1.8,4.5,北北西,8.2,北北西,北北西,2.5,0,0
2025,11,4,0.0,0.0,0.0,7.1,14.5,1.4,81,42,1.5,2.9,西南西,5.7,西,南南西,9.0,0,0
2025,11,5,0.0,0.0,0.0,11.7,18.7,3.9,74,43,1.7,4.3,南西,8.3,南西,南西,7.3,0,0
2025,11,6,0.0,0.0,0.0,11.9,18.0,6.5,78,43,1.6,3.8,南西,7.4,西北西,西南西,6.9 ),0,0
2025,11,7,5.0,2.5,1.5,8.3,12.2,3.3,67,43,3.4,8.2,北西,14.3,北西,北西,0.4,0,0
2025,11,8,2.0,1.5,0.5,4.9,8.8,2.8,83,50,1.2,3.8,北,6.8,北,南西,1.8,0,0
2025,11,9,0.5,0.5,0.5,7.4,11.3,3.0,91,67,0.9,1.8,南南西,3.2,南西,南,0.2,0,0
2025,11,10,10.0,3.0,1.5,5.9,9.6,3.2,88,70,2.3,5.2,北西,13.4,西北西,西南西,0.8,0,0
2025,11,11,6.0,1.5,0.5,4.7,6.8,3.2,84,55,2.2,5.0,西,10.2,西,南西,0.0,0,0
2025,11,12,0.0,0.0,0.0,6.3,12.0,2.2,70,37,1.9,4.2,西,7.7,西北西,南西,7.7,0,0
2025,11,13,2.5,1.5,1.0,8.8,14.7,1.5,75,49,2.1,5.3,西,10.5,西,南,3.5,0,0
2025,11,14,0.0,0.0,0.0,7.0,10.2,4.0,64,44,2.0,4.3,北西,9.0,北西,南西,0.5,0,0
2025,11,15,0.0,0.0,0.0,5.0,10.8,0.2,70,39,1.7,4.2,西,7.1,南西,西南西,3.4,0,0
2025,11,16,0.0,0.0,0.0,5.9,14.3,-0.1,75,37,1.4,3.0,北,7.1,南東,南南西,9.3,0,0
2025,11,17,18.5,7.5,4.5,7.3,14.2,1.3,72,44,4.0 ),8.1 ),西 ),17.2 ),西 ),西,0.0,0,0
2025,11,18,14.0,2.5,1.0,0.2,2.9,-1.1,97,71,2.0,5.6,西北西,10.0,西,西南西,0.0,12,12
2025,11,19,0.5,0.5,0.5,2.5,4.6,-0.1,86,62,1.5,3.6,西南西,7.6,西北西,南南西,0.7,0,10
2025,11,20,3.0,3.0,1.0,6.8,12.7,2.0,88,55,1.6,4.4,南南西,8.5,南南東,南南西,4.4,0,0
2025,11,21,5.5,2.0,0.5,6.4,9.6,2.3,72,43,2.6,6.3,西,11.4,西北西,西,1.9,0,0
2025,11,22,1.0,0.5,0.5,4.7,9.4,1.6,72,37,2.2,5.6,西,10.7,西北西,南西,5.1,0,0
2025,11,23,8.5,3.5,1.5,9.0,15.2,2.4,89,58,1.5,4.1,南南西,6.8,南南西,南南西,3.4,0,0
2025,11,24,2.0,1.0,0.5,9.5,15.5,6.2,92,49,1.2,3.8,北,6.8,北北西,南南西,2.2,0,0
2025,11,25,2.5,1.0,0.5,8.8,13.3,3.8,93,70,1.1,2.7,北東,4.2,北東,南西,4.1,0,0
2025,11,26,15.0,3.5,1.0,8.0,11.3,5.6,87,65,1.6,4.7,北東,8.4,北東,西北西,5.6,0,0
2025,11,27,0.0,0.0,0.0,7.7,13.6,2.2,73,38,1.6,5.0,南東,9.1,南東,南東,6.7,0,0
2025,11,28,16.5,4.0,2.0,7.4,11.8,3.1,85,54,2.3,4.7,西,10.7,西,西,1.0,0,0
2025,11,29,0.0,0.0,0.0,3.7,8.3,0.5,63,41,2.3,4.8,西,10.2,南西,西南西,5.5,0,0
2025,11,30,5.0,2.5,1.0,6.8,11.3,-0.2,93,74,1.3,4.5,南南西,7.9,南西,南西,0.5,0,0
2025,12,1,11.5,4.5,2.0,7.7,16.1,1.3,84,58,2.2,5.8,西,12.1,南西,西南西,1.1,0,0
2025,12,2,3.0,1.5,1.0,5.6,10.9,-0.1,80,33,1.5,4.5,西,8.0,西,南西,3.7,0,0
2025,12,3,11.0,3.0,1.0,1.7,4.5,-2.2,92,74,2.2,6.4,北北西,11.9,北西,北北西,0.0,8,8
2025,12,4,5.0,1.5,0.5,-2.1,0.4,-4.7,86,62,2.6,5.9,西北西,12.6,西北西,西南西,0.3,7,10
2025,12,5,0.5,0.5,0.5,1.4,4.0,-1.0,64,46,2.4,5.5,西,11.1,西南西,西南西,2.8,0,8
2025,12,6,10.5,6.0,1.5,3.6,5.3,0.3,86,50,1.6,4.2,東南東,9.0,西北西,南東,0.2,0,3
2025,12,7,8.5,2.0,1.0,5.0,8.9,1.6,98,82,1.2,3.4,北西,6.6,北西,南西,2.5,0,0
2025,12,8,8.5,1.5,1.0,2.8,8.1,0.1,93,62,2.0,6.6,西,13.5,西,南南西,0.6,0,0
2025,12,9,0.0,0.0,0.0,1.7,5.0,-0.5,69,42,2.5,5.4,西北西,11.1,北西,南西,1.9,0,0
2025,12,10,0.0,0.0,0.0,1.0,4.4,-3.2,66,34,1.9,5.0,西,9.1,西,西,6.6,0,0
2025,12,11,30.5,6.5,1.5,1.1,4.8,-3.2,96,77,2.2,5.5,北西,10.9,北北西,北西,0.0,6,6
2025,12,12,5.5,1.0,0.5,-3.6,-1.7,-4.9,79,50,3.2,5.9,西北西,12.7,北西,西,0.8,4,8
2025,12,13,0.0,0.5,0.0,-0.6,2.5,-3.3,73,48,2.1,5.7,西,10.1,西,西南西,0.0,0,7
2025,12,14,23.0,3.5,1.0,0.5,2.5,-2.0,98,90,1.1,2.7,東北東,5.9,東北東,南西,0.0,6,9
2025,12,15,18.5,4.5,1.0,2.7,5.0,-0.7,78,54,3.9,7.2,北西,15.1,北,北西,0.1,0,5
2025,12,16,2.5,1.5,1.0,2.8,7.4,-0.5,73,44,1.7,4.6,北西,9.4,西,西北西,2.8,1,1
2025,12,17,0.5,0.5,0.5,0.9,6.0,-2.4,82,41,1.4,3.5,西南西,6.9,西南西,東北東,4.6,0,0
2025,12,18,0.5,0.5,0.5,-0.1,2.3,-2.6,81,62,1.6,3.3,西,6.7,西,南西,0.2,1,1
2025,12,19,0.0,0.0,0.0,2.6,7.8,-0.9,90,68,1.3,3.5,西南西,5.6,南南東,南西,1.2,0,0
2025,12,20,0.0,0.0,0.0,10.1,16.0,-0.4,73,50,2.5,4.5,南,8.8,南,南,4.9,0,0
2025,12,21,9.0,4.5,1.5,9.4,16.1,3.2,81,59,2.7,6.6,北北西,11.3,北,北西,0.1,0,0
2025,12,22,2.0,1.5,1.0,0.8,3.5,-0.3,67,48,2.5,6.3,北西,12.5,北北西,北西,0.0,2,2
2025,12,23,0.0,0.0,0.0,1.4,5.0,-0.3,68,41,1.1,2.9,東南東,5.5,東南東,南南西,0.0,0,0
2025,12,24,1.5,1.0,0.5,6.2,11.3,0.3,86,69,1.3,2.9,南,5.3,北北西,南,0.1,0,0
2025,12,25,6.0,1.5,0.5,2.9,6.6,0.9,97,86,2.0,4.0,北北西,7.1,北,北,0.0,0,0
2025,12,26,30.0,6.0,1.5,-1.8,1.7,-6.0,94,68,2.9,6.3,北西,13.4,北西,北西,0.0,25,24
2025,12,27,14.0,2.5,1.0,-3.9,-2.3,-6.4,94,68,1.5,5.0,西,10.4,西,南東,0.0,21,37
2025,12,28,3.0,2.0,0.5,-0.5,2.5,-3.2,95,81,1.8 ),3.9 ),南南西 ),6.9 ),南南西 ),南南西,1.3,2,37
2025,12,29,7.5,4.0,1.5,2.3,5.0,-3.7,89,69,2.0,4.3,南東,8.0,南東,南南東,1.3,0,27
2025,12,30,14.5,4.5,1.5,1.6,6.0,-1.8,97,78,1.8,5.4,西,10.4,西,西南西,1.5,4,14
2025,12,31,8.5,1.5,0.5,-2.8,-1.4,-4.6,92,69,1.6,5.0,西北西,8.2,西,南西,0.0 ),14,25
2026,1,1,16.5,2.5,1.0,-4.5,-3.6,-5.4,91,61,2.4,6.4,西,11.4,西,西,0.0,21,43
2026,1,2,6.0,3.5,1.0,-2.4,2.9,-6.8,92,58,1.4,3.4,北北西,6.1,北北西,南西,3.3,7,41
2026,1,3,1.5,0.5,0.5,-0.8,0.8,-3.3,90,74,1.2,2.8,北西,5.5,北北西,南,0.0,3,39
2026,1,4,8.0,1.5,0.5,-0.4,1.3,-1.2,95,77,1.7,4.3,西,8.5,西,西南西,0.0,15,45
2026,1,5,8.0,1.0,0.5,-2.7,-1.0,-4.6,97,83,1.5,4.1,南西,7.0,西南西,北,0.0,8,51
2026,1,6,7.5,1.5,0.5,-4.3,-2.5,-6.4,92,76,1.1,2.7,北北西,5.3,北北西,南南西,0.0,11,62
2026,1,7,12.5,4.0,2.0,-0.7,4.4,-7.0,89,59,1.7,4.7,東南東,8.2,南南西,南南東,2.1,0,54
2026,1,8,18.0,6.0,1.5,-2.1,0.6,-6.3,92,69,2.1,5.7,北西,10.7,北西,西,0.3,23,58
2026,1,9,1.0,0.5,0.5,-2.2,0.7,-4.8,88,71,2.1,4.5,西南西,7.9,西南西,南西,0.8,3,54
2026,1,10,17.5,6.5,1.5,2.5,7.4,-2.0,89,52,1.9,4.8,南西,9.8,西南西,南東,0.0,0,47
2026,1,11,6.5,2.0,1.0,2.2,6.5,-2.0,77,45,3.0,6.1,南西,14.3,南西,南西,0.3,6,35
2026,1,12,13.0,4.0,1.0,-2.9,-0.2,-4.3,91,52,2.7,7.2,西,15.7,西北西,西,0.4,19,52
2026,1,13,9.0,3.0,1.0,-0.9,4.6,-4.6,89,48,3.0,9.1,西,17.3,西北西,西,0.1,6,50
2026,1,14,17.0,2.0,1.0,-4.6,-2.9,-5.8,92,72,2.7,7.4,西,14.3,西北西,西,0.0,21,63
2026,1,15,2.5,0.5,0.5,-0.4,1.9,-3.0,95,80,1.4,4.6,西,9.8,西,南東,0.0,3,62
2026,1,16,3.5,1.5,0.5,0.6,3.0,-1.0,91,72,1.6,4.6,西,9.4,西南西,西南西,0.8,1,54
2026,1,17,5.5,1.5,1.0,-0.2,1.4,-2.4,93,76,1.4,4.3,南西,8.0,西南西,西南西,0.0,9,53
2026,1,18,1.0,1.5,0.5,-2.2,-0.4,-4.5,82,62,2.0,6.6,西,13.2,西,西南西,3.2,2,54
2026,1,19,3.5,1.0,0.5,-2.4,-0.3,-6.2,95,87,1.0,2.5,西南西,4.5,西,南南西,0.0,8,55
2026,1,20,10.0,2.0,1.0,-4.4,-0.5,-6.2,85,57,4.1,8.8,西,15.0,西,西,0.0,20,71
2026,1,21,13.5,2.5,1.0,-4.9,-3.5,-7.2,94,72,1.8,4.5,西,8.7,西南西,南西,0.0,11,79
2026,1,22,7.0,1.5,1.0,-4.6,-2.1,-6.8,91,72,2.1,4.9,西南西,9.6,南西,南南西,0.6,7,83
2026,1,23,4.5,1.0,0.5,-4.5,-2.5,-6.5,89,71,2.1,5.0,西,9.2,西北西,南西,0.9,10,85
2026,1,24,2.0,0.5,0.5,-4.2,-2.4,-5.9,91,73,1.7,4.2,西,7.9,西,西南西,1.0,2,83
2026,1,25,10.5,1.5,1.0,-5.1,-2.6,-6.9,91,71,2.5,5.6,南西,10.9,西北西,西,0.3,15,92
2026,1,26,7.0,3.5,1.0,-3.0,-0.7,-5.2,88,67,2.0,6.0,西北西,11.2,西北西,南南東,1.3,7,98
2026,1,27,9.0,2.0,1.0,-1.7,1.4,-5.2,95,76,1.2,3.4,西,6.2,西南西,西,0.9,22,106
2026,1,28,9.5,2.0,1.0,-2.4,0.4,-4.4,97,77,1.8,4.9,南西,10.1,西,南西,1.6,8,110
2026,1,29,5.5,1.0,0.5,-3.1,0.0,-5.9,90,53,1.7,4.0,南西,6.7,西,南西,4.6,8,111
2026,1,30,36.0,6.5,1.5,-3.4,-0.4,-9.5,97,86,1.5,4.2,西,9.6,西,南西,0.6,46,148
2026,1,31,0.5,0.5,0.5,-2.7,0.4,-7.5,86,61,1.7,4.2,南西,7.3,南西,西南西,6.5,0,144
2026,2,1,7.0,2.0,1.0,-2.4,0.6,-5.5,93,58,1.8,3.9,西南西,7.0,西,南南西,1.9,8,131
2026,2,2,7.5,1.5,0.5,-2.6,-0.4,-4.3,94,76,1.9,5.2,西南西,9.9,西南西,南西,1.6,11,138
2026,2,3,0.0,0.0,0.0,-1.0,1.5,-4.8,82,59,1.9,4.0,西南西,8.4,西南西,南西,0.0,0,133
2026,2,4,1.0,0.5,0.5,0.9,5.0,-2.7,95,79,1.2,2.5,南南東,4.1,東南東,南,0.8,0,122
2026,2,5,0.5,0.5,0.5,1.3,6.3,-4.5,89,57,1.1,2.6,北北西,4.6,北西,南南西,6.9,0,109
2026,2,6,5.5,1.5,0.5,-1.9,4.2,-6.8,81,51,4.5,8.4,西,15.3,西,西,0.1,7,105
2026,2,7,0.0,0.5,0.0,-5.9,-2.9,-8.5,77,45,2.4,6.3,西,11.0,西,西,5.0,0,104
2026,2,8,5.5,2.0,1.0,-5.5,-3.7,-9.2,89,66,2.0,4.8,北西,8.5,北西,南,3.7,7,102
2026,2,9,8.5,2.0,1.0,-3.0,0.9,-6.3,86,63,3.0,5.2,西,8.7,西,西南西,0.3,15,114
2026,2,10,0.0,0.0,0.0,3.2,7.8,-1.1,80,51,1.9,4.8,南南西,8.4,南南西,南南西,2.9,0,111
2026,2,11,5.5,3.5,1.0,2.3,5.3,-0.4,81,52,2.2,5.7,北西,10.8,北西,西北西,0.2,0,97
2026,2,12,6.0,1.5,1.0,-0.9,1.6,-2.2,87,50,2.5,7.5,西,14.8,西,西南西,0.3,10,98
2026,2,13,0.5,0.5,0.5,1.2,5.8,-5.2,73,42,2.3,5.1,西南西,10.2,西,南西,4.5,0,96
2026,2,14,0.0,0.0,0.0,3.1,10.0,-3.1,75,33,1.2,3.4,南西,5.8,南西,南,8.5,0,88
2026,2,15,0.5,0.5,0.5,4.6,11.0,-0.6,84,44,1.7,4.7,南西,10.0,西南西,南西,0.0,1,86
2026,2,16,0.0,0.0,0.0,0.3,4.6,-1.6,80,57,1.9,4.4,西,8.7,西北西,西南西,0.3,2,82
2026,2,17,0.0,0.0,0.0,0.7,5.0,-1.4,68,38,1.4,3.3,西,5.3,西南西,南南西,4.2,0,80
2026,2,18,9.5,4.5,1.5,1.4,7.0,-1.7,81,45,2.2,6.2,西北西,11.5,西北西,南,2.4,7,83
2026,2,19,1.5,3.0,0.5,-2.1,-0.6,-3.6,75,50,2.9,6.5,西北西,12.4,西北西,西,0.4,1,84
2026,2,20,0.0,0.0,0.0,2.4,6.8,-2.3,78,57,1.7,4.7,西南西,8.2,西南西,南,3.4,0,81
2026,2,21,0.0,0.0,0.0,4.1,9.3,-1.9,76,50,2.1,3.9,南,7.9,南,南南西,2.9,0,75
2026,2,22,0.0,0.0,0.0,5.8,15.8,-1.7,67,24,1.4,5.1,南東,10.5,南東,南南西,4.3,0,72
2026,2,23,1.5,1.5,0.5,5.4,14.3,2.5,61,42,3.4,8.8,西,15.6,西,西南西,0.9,1,67
2026,2,24,1.0,0.5,0.5,2.1,4.6,-0.3,76,48,1.4,3.6,北,5.6,北,北北東,1.6,1,63
2026,2,25,4.5,1.5,0.5,0.2,4.2,-4.2,85,56,1.1,2.1,北西,3.3,北北西,西南西,0.1,5,68
2026,2,26,0.0,0.0,0.0,0.9,8.6,-5.6,77,47,1.7,4.3,東南東,7.9,東南東,南西,8.8,0,65
2026,2,27,2.0,1.5,0.5,3.3,7.0,-0.3,91,74,1.3,2.7,北,4.8,北,南西,0.0,0,61
2026,2,28,2.0,1.5,0.5,3.9,7.8,1.8,90,66,2.2,5.2,北西,9.6,北西,北西,0.1,0,57
2026,3,1,0.0,0.0,0.0,2.4,4.4,-0.7,57,46,2.2,5.5,北西,11.0,北西,西,7.7,0,51
2026,3,2,0.0,0.0,0.0,2.0,5.4,-1.9,64,44,1.9,4.4,北,7.3,北,北,7.2,0,51
2026,3,3,0.0,0.0,0.0,1.0,4.2,-3.6,74,47,1.8,5.1,南東,11.7,南東,北東,0.3,0,49
2026,3,4,1.5,0.5,0.5,2.3,5.2,0.3,95,78,1.0,2.4,北東,4.4,北東,西北西,0.0,2,50
2026,3,5,0.0,0.5,0.5,3.4,7.8,0.8,86,54,1.5,4.3,北,7.0,北,北西,7.9,0,46
2026,3,6,0.0,0.0,0.0,3.8,6.8,-0.2,79,48,1.1,2.9,北北東,4.9,北北東,南南西,4.4,0,42
2026,3,7,7.5,1.5,0.5,3.8,8.4,1.7,88,45,3.1,7.7,南南西,15.8,南南西,西南西,2.6,0,40
2026,3,8,5.0,1.5,0.5,1.3,3.2,-0.4,84,66,3.1,6.9,北西,12.6,西北西,南西,0.1,6,38
2026,3,9,0.0,0.0,0.0,1.0,5.0,-2.0,65,36,2.1,5.2,南西,9.4,南西,南西,6.7,1,36
2026,3,10,0.0,0.0,0.0,-0.2,3.6,-3.7,81,57,1.6,4.7,北,8.0,北,南南西,4.5,1,35
2026,3,11,0.5,0.5,0.5,1.0,4.5,-2.7,85,48,1.3,4.1,北,6.4,北西,南南西,1.1,1,34
2026,3,12,0.0,0.0,0.0,1.8,5.5,-3.1,73,45,1.8,6.0,北西,10.3,北西,北北西,8.7,0,32
2026,3,13,0.0,0.0,0.0,2.9,6.2,0.5,70,49,1.4,3.1,北,5.5,北北東,南西,3.4,0,29
2026,3,14,0.0,0.0,0.0,4.4,9.8,-1.9,79,54,1.5,4.2,北,7.1,北北西,南西,7.9,0,26
2026,3,15,0.0,0.0,0.0,5.0,8.2,3.1,73,44,1.9,4.7,西南西,7.9,西南西,西南西,1.7,0,22
2026,3,16,0.0,0.0,0.0,3.7,8.7,0.2,57,35,2.4,5.1,西,8.8,西北西,南西,8.5,0,18
2026,3,17,0.0,0.0,0.0,2.9,7.8,-1.7,59,37,2.4,6.4,北北西,10.3,北北西,南南西,8.4,0,14
2026,3,18,0.0,0.0,0.0,4.2,8.8,-1.4,58,34,1.6,3.4,南西,5.6,南西,西南西,7.9,0,11
2026,3,19,0.5,0.5,0.5,5.0,11.5,1.7,72,44,2.0,5.8,西,11.0,西,西,2.3,0,7
2026,3,20,7.0,3.5,1.5,4.9,11.4,-0.2,50,20,3.0,7.4,南西,15.1,南西,南西,9.9,3,3
2026,3,21,2.5,2.5,1.0,1.6,4.2,-1.0,69,49,3.9,8.8,西,16.2,西,西,0.1,2,5
2026,3,22,0.0,0.0,0.0,5.6,12.3,-1.1,66,33,1.9,3.7,西,6.8,南西,西南西,8.0,0,0
2026,3,23,0.0,0.0,0.0,7.2,14.6,-0.9,61,18,1.7,4.0,北,6.4,西南西,西南西,7.5,0,0
2026,3,24,0.0,0.0,0.0,6.7,13.1,1.0,55,22,2.2,6.2,北北西,9.9,北西,北西,10.7,0,0
2026,3,25,0.0,0.0,0.0,5.7,12.8,-0.4,59,26,1.8,3.7,北,7.2,北,北東,11.0,0,0
2026,3,26,0.0,0.0,0.0,6.3,14.1,-0.1,77,43,1.6,3.9,南東,7.3,南東,南西,5.7,0,0
2026,3,27,0.0,0.0,0.0,7.6,13.4,3.9,85,60,1.4,3.5,北東,6.7,北,西南西,4.0,0,0
2026,3,28,0.0,0.0,0.0,7.2,14.6,1.3,75,35,1.8,4.7,北北西,7.8,北,南南西,9.8,0,0
2026,3,29,0.0,0.0,0.0,6.4,12.8,1.1,79,58,2.0,4.5,北,7.6,北,南南西,11.5,0,0
2026,3,30,0.0,0.0,0.0,8.9,20.5,0.7,66,28,1.6,4.2,北北東,7.2,北,南南西,8.7,0,0
2026,3,31,11.5,2.5,0.5,6.7,8.9,3.4,96,84,1.6,3.2,北東,5.5,北北東,南西,0.0,0,0
2026,4,1,0.0,0.0,0.0,8.6,13.5,5.2,85,66,1.8,4.3,北,7.1,北北東,北,8.7,0,0
2026,4,2,8.5,2.0,0.5,4.2,7.0,2.0,97,83,1.6,4.1,北東,7.7,北東,西南西,0.0,0,0
2026,4,3,0.0,0.0,0.0,7.8,15.8,0.2,75,24,1.8,5.5,南西,9.3,南西,南西,11.2,0,0
2026,4,4,8.0,4.0,1.0,11.6,19.5,4.5,67,26,2.1,5.9,南南西,11.4,南南西,南南西,0.0,0,0
2026,4,5,4.0,1.0,0.5,10.5,15.7,7.6,96,74,1.6,4.3,北北東,7.2,北北東,北,1.7,0,0
2026,4,6,0.0,0.0,0.0,11.4,21.0,6.8,82,33,1.7,5.1,北,8.7,北,南西,5.3,0,0
2026,4,7,15.0,3.0,1.0,7.3,12.2,4.5,87,57,2.2,7.6,西南西,13.6,南西,南西,0.0,0,0
2026,4,8,2.0,1.5,0.5,7.5,12.6,2.4,55,26,3.5,5.5,西,10.7,西南西,西南西,10.7,0,0
2026,4,9,0.0,0.0,0.0,11.9,19.3,1.6,45,14,2.2,5.7,南南西,10.8,南西,南西,9.4,0,0
2026,4,10,12.0,4.0,1.0,10.6,15.2,8.5,86,58,1.1,3.1,東北東,7.2,西南西,南西,0.0,0,0
2026,4,11,5.5,3.0,2.0,9.9,14.5,5.7,72,46,4.9,8.2,南西,16.4,西北西,西南西,2.6,0,0
2026,4,12,0.5,0.5,0.5,8.4,11.2,6.5,52,40,4.2,6.6,西南西,14.1,西南西,西南西,4.4,0,0
2026,4,13,0.0,0.0,0.0,10.3,17.6,3.4,48,19,2.7,6.9,西南西,12.0,西南西,南西,12.5,0,0
2026,4,14,0.0,0.0,0.0,9.8,17.2,2.7,50,22,2.0,4.4,北,7.7,北北西,北,11.3,0,0
2026,4,15,0.0,0.0,0.0,10.1,18.3,3.7,68,40,2.1,4.8,北東,8.7,北東,北北東,10.3,0,0
2026,4,16,0.0,0.0,0.0,10.0,15.1,3.9,64,42,2.4,5.2,南東,8.9,南東,南東,8.0,0,0
2026,4,17,0.0,0.0,0.0,11.5,22.6,1.5,51,18,1.5,4.5,北,7.4,北,南南西,9.4,0,0
2026,4,18,9.5,4.5,1.0,13.2,17.3,8.2,79,47,2.4,7.1,西南西,11.8,西南西,西南西,3.0,0,0
2026,4,19,0.0,0.0,0.0,11.6,18.1,5.0,57,32,2.3,5.8,北,10.3,北,北,12.6,0,0
2026,4,20,0.0,0.0,0.0,13.1,23.3,4.6,54,28,1.6,3.9,北東,6.7,北北東,北東,12.2,0,0
2026,4,21,12.0,6.5,1.5,12.8,17.0,10.7,54,25,4.5,9.6,西南西,17.9,西南西,西南西,6.8,0,0
2026,4,22,0.0,0.0,0.0,13.7,18.0,7.2,50,38,5.7,10.5,西南西,20.6,南西,西南西,5.6,0,0
2026,4,23,0.0,0.0,0.0,9.6,16.0,3.5,58,19,2.4,6.0,北,10.4,北北西,北,10.8,0,0
2026,4,24,0.0,0.0,0.0,7.9,15.3,2.2,62,24,2.9,7.3,北北西,11.8,北北西,南西,12.8,0,0
2026,4,25,0.0,0.0,0.0,8.9,16.1,1.9,64,19,1.9,4.7,北,7.9,北北東,北,12.9,0,0
2026,4,26,0.0,0.0,0.0,14.9,24.8,3.3,46,13,1.8,4.4,南南西,7.7,南南西,南西,12.5,0,0
2026,4,27,0.0 ),0.0 ),0.0 ),13.2 ),19.8 ),8.4 ),65 ),37 ),1.6,5.3,北,9.0,北北西,南西,0.2,0 ),0 )
2026,4,28,0.0,0.0,0.0,9.4,11.1,6.3,83,65,1.8,4.5,北,7.4,北北西,北北西,0.0,0,0
2026,4,29,0.0,0.0,0.0,9.2,14.6,4.9,74,45,2.1,5.7,北,10.3,北,北,9.0,0,0
2026,4,30,0.0,0.0,0.0,11.8,20.8,3.2,52,19,2.1,5.2,北北東,8.9,北,北北東,12.9,0,0
2026,5,1,9.0,2.0,1.0,11.2,14.9,5.3,82,48,1.2,2.3,北東,4.8,北東,南西,1.7,0,0
2026,5,2,6.0,3.0,1.0,13.7,18.0,8.6,57,22,3.7,9.5,西北西,18.4,西,西,9.5,0,0
2026,5,3,3.5,1.5,0.5,15.0,23.3,8.6,65,30,2.0,5.0,北,9.6,北,西南西,3.8,0,0
2026,5,4,3.5,2.0,0.5,13.4,19.6,7.8,83,63,3.9,8.9,南西,17.2,南西,西南西,1.9,0,0
2026,5,5,0.5,0.5,0.5,13.3,19.2,6.3,50,28,3.9,7.9,西北西,13.9,西北西,南西,12.9,0,0
2026,5,6,0.0,0.0,0.0,16.0,24.2,4.9,48,23,2.7,7.4,南西,14.2,南西,西南西,13.4,0,0
2026,5,7,0.0,0.0,0.0,17.8,24.5,8.3,54,30,2.7,6.7,南西,13.9,南西,西南西,7.8,0,0
2026,5,8,0.5,0.5,0.5,16.9,22.5,12.1,72,46,2.0,4.6,南,9.1,南南西,南南西,0.0,0,0
2026,5,9,2.0,1.0,1.0,11.2,13.8,7.9,72,52,2.9,5.9,西,11.4,西北西,西南西,2.1,0,0
2026,5,10,0.0,0.0,0.0,15.1,21.4,6.7,40,18,4.1,8.1,南西,15.7,西南西,西南西,12.3,0,0
2026,5,11,0.0,0.0,0.0,17.1,24.0,9.1,37,14,2.1,5.7,南南西,10.1,南南西,南南西,6.2,0,0
2026,5,12,0.0,0.0,0.0,17.1,25.5,9.3,55,29,1.5,4.4,西南西,8.8,西南西,西南西,5.7,0,0
2026,5,13,0.0,0.0,0.0,16.6,23.9,9.0,67,38,2.3,6.6,北,11.4,北北西,北北東,13.7,0,0
2026,5,14,0.5,0.5,0.5,14.7,21.6,9.2,76,47,1.8,3.9,北東,6.5,北東,北東,8.3,0,0
2026,5,15,0.0,0.0,0.0,13.8,19.4,6.3,84,62,1.8,4.8,北,8.1,北北西,北,12.6,0,0
2026,5,16,0.0,0.0,0.0,16.2,24.5,9.1,74,47,1.8,4.0,北,6.3,北東,北北東,13.3,0,0
2026,5,17,0.0,0.0,0.0,15.2,20.3,10.7,81,51,2.2,5.0,北,8.1,北北西,北,13.1,0,0
2026,5,18,0.0,0.0,0.0,19.7,29.1,10.0,53,21,2.1,4.6,西南西,9.6,南西,西南西,13.4,0,0
2026,5,19,0.0,0.0,0.0,21.0,29.7,13.2,45,25,2.0,5.8,南西,10.3,西,西南西,9.9,0,0
2026,5,20,0.0,0.0,0.0,17.9,26.1,12.4,69,37,1.7,4.4,北,7.1,北北東,北,8.1,0,0
2026,5,21,0.0,0.0,0.0,14.1,17.4,11.4,87,63,1.6,3.0,北北東,8.0,南東,北東,0.0,0,0
2026,5,22,0.0,0.0,0.0,14.0,20.0,6.3,39,18,2.9,5.2,南東,10.9,東南東,南東,8.6,0,0
2026,5,23,0.0,0.0,0.0,13.2,23.1,3.9,53,9,2.4,5.7,東,10.8,東,南西,13.1,0,0
2026,5,24,1.0,0.5,0.5,14.6,19.7,8.7,81,62,1.4,3.0,南東,6.1,南東,南東,0.0,0,0
2026,5,25,0.0,0.0,0.0,15.7,21.7,10.9,90,68,2.0,5.8,北,9.1,北,北,8.5,0,0
2026,5,26,0.0,0.0,0.0,19.0,30.6,10.1,70,24,1.4,5.2,北,8.8,北,北北西,10.2,0,0
2026,5,27,0.0,0.0,0.0,21.2,28.5,15.3,71,45,1.5,4.3,北,6.6,北,北北東,3.7,0,0
2026,5,28,19.5,11.0,2.5,19.5,25.3,16.6,88,64,1.2,3.0,東北東,5.1,北東,北東,1.1,0,0
2026,5,29,2.5,2.0,0.5,16.8,18.6,13.6,71,47,2.7,6.2,西南西,12.1,西南西,南西,4.6,0,0
2026,5,30,6.5,3.5,1.0,17.0,22.1,12.7,64,46,3.2,6.9,南西,13.9,西南西,西南西,6.3,0,0
2026,5,31,0.0,0.0,0.0,19.9,28.0,10.7,40,18,2.4,4.6,南西,9.0,西南西,西南西,14.0,0,0
2026,6,1,0.0,0.0,0.0,23.1,32.6,11.3,45,17,1.7,5.0,北,8.0,北北東,南南西,12.3,0,0
2026,6,2,0.0,0.0,0.0,23.4,30.6,14.6,52,27,1.7,3.6,西北西,6.7,西北西,南西,12.1,0,0
2026,6,3,0.0,0.0,0.0,20.2,27.2,15.2,68,44,1.8,5.5,東,10.9,東北東,東,3.9,0,0
2026,6,4,0.0,0.0,0.0,19.4,24.7,14.3,62,44,2.9,6.0,北東,10.8,東北東,北東,8.0,0,0
2026,6,5,0.0,0.0,0.0,14.5,18.9,12.1,68,49,3.6,6.8,東南東,13.9,東南東,東南東,7.0,0,0
2026,6,6,0.0,0.0,0.0,14.4,20.5,11.2,78,59,2.7,5.5,南東,11.8,南東,東南東,4.0,0,0
2026,6,7,0.0,0.0,0.0,15.9,22.4,10.8,86,59,1.9,4.4,北東,7.4,北北東,北東,10.8,0,0
2026,6,8,25.5,8.0,2.0,15.4,17.5,13.2,100,99,0.7,2.3,北北西,4.6,北,北西,0.0,0,0
2026,6,9,0.0,1.0,0.0,15.7,19.3,13.6,80,63,2.3,4.7,西南西,10.8,西,西,3.8,0,0
2026,6,10,0.0,0.0,0.0,16.3,21.9,12.5,71,43,2.1,3.9,西,7.8,西北西,西南西,7.9,0,0
2026,6,11,0.0,0.0,0.0,17.6,24.4,10.6,71,38,1.7,3.5,東,6.7,南西,南西,6.3,0,0
2026,6,12,0.5,0.5,0.5,18.9,25.9,11.9,69,39,1.7,4.9,北,7.9,北北西,南西,9.0,0,0
2026,6,13,8.5,3.0,1.0,18.0,23.1,13.6,87,59,1.5,4.2,南南西,7.2,南南西,南南西,6.1,0,0
2026,6,14,0.0,0.0,0.0,20.9,27.6,12.8,70,45,2.0,4.8,北,8.0,北,北,12.4,0,0
2026,6,15,0.0,0.0,0.0,20.6,26.6,16.3,75,45,1.6,5.4,北,8.8,北北東,南南西,5.4,0,0
2026,6,16,0.0,0.0,0.0,19.4,25.0,13.9,82,62,1.9,5.1,北,8.3,北北西,北,11.8,0,0
2026,6,17,0.0,0.0,0.0,21.3,28.9,13.8,63,31,1.9,4.9,北,7.9,北北西,北北西,14.4,0,0
2026,6,18,0.0,0.0,0.0,22.1,29.3,15.4,73,48,1.7,3.6,東北東,6.5,東北東,北東,12.4,0,0
2026,6,19,0.0,0.0,0.0,21.5,27.0,17.4,84,52,1.6,5.3,北,9.3,北,北,4.4,0,0
2026,6,20,0.0,0.0,0.0,21.1,28.2,17.7,86,55,1.8,4.4,北東,8.1,北東,北東,5.3,0,0
2026,6,21,50.0,7.0,1.5,17.9,20.9,15.0,92,71,2.0,5.1,東,10.5,東南東,東,0.0,0,0
2026,6,22,18.5,4.0,1.0,15.4,16.9,14.2,99,94,2.0,3.6,北東,7.3,東北東,北東,0.0,0,0
2026,6,23,0.0,0.0,0.0,17.4,23.4,13.4,82,51,1.9,5.5,北,9.2,北,北,8.3,0,0
2026,6,24,0.0,0.0,0.0,17.9,23.2,12.6,79,53,2.0,4.7,北,8.2,北北東,北,13.8,0,0
2026,6,25,0.0,0.0,0.0,21.0,29.3,13.0,74,43,1.7,4.8,北,8.0,北北西,北北西,13.2,0,0
2026,6,26,12.0,4.5,2.0,19.4,22.4,17.0,97,79,1.1,3.7,南,7.9,南,北北東,0.0,0,0
2026,6,27,0.5,0.5,0.5,21.2,27.4,18.1,84,47,2.1,4.7,北,10.1,西,西,5.6,0,0
2026,6,28,0.0,0.0,0.0,20.3,24.8,17.4,81,64,2.3,5.6,北,9.5,北,北,13.0,0,0
2026,6,29,0.0,0.0,0.0,20.0,24.1,16.9,78,56,2.0,5.4,北,8.2,北北西,北,10.1,0,0
2026,6,30,0.0,0.0,0.0,20.2,25.1,16.7,79,55,1.7,4.3,北,7.7,北北東,北北東,8.5,0,0
2026,7,1,0.0,0.0,0.0,21.3,26.5,15.7,81,54,1.9 ),5.3 ),北 ),8.8 ),北北東 ),北,13.2,0,0
2026,7,2,0.0,0.0,0.0,21.1,27.3,17.2,84,63,1.8,4.6,北北東,8.4,北東,北東,7.1,0,0
2026,7,3,0.0,0.0,0.0,20.8,26.5,16.6,82,65,1.7,3.8,北東,6.7,北,北東,6.5,0,0
2026,7,4,0.0,0.0,0.0,21.4,27.8,16.0,83,57,1.7,4.2,北北西,8.3,北北東,北北東,10.6,0,0
2026,7,5,0.0,0.0,0.0,21.4,28.0,17.4,88,61,1.8,4.3,北東,7.8,東北東,北東,6.9,0,0
2026,7,6,0.0,0.0,0.0,23.2,29.9,19.2,83,57,1.9,4.1,北,7.5,北北東,北東,10.7,0,0
2026,7,7,0.0,0.0,0.0,22.9,29.5,19.1,83,58,1.9,3.7,北東,6.7,北北東,北東,6.9,0,0
2026,7,8,0.0,0.0,0.0,22.9,29.7,19.2,84,54,1.4,3.8,北東,6.0,北北東,北東,2.9,0,0
2026,7,9,0.0,0.0,0.0,24.8,31.1,19.9,86,62,1.1,3.6,北,5.9,北,北,1.9,0,0
2026,7,10,0.0,0.0,0.0,27.2,33.9,21.7,75,46,1.7,4.9,南西,9.0,南西,西南西,7.9,0,0
2026,7,11,23.5,20.5,7.0,24.1,28.2,21.5,92,65,1.1,2.7,南東,4.4,南東,南西,0.0,0,0
2026,7,12,17.5,4.5,1.5,23.2,24.3,22.2,100,100,1.0,1.9,南東,3.8,南東,南東,0.0,0,0
2026,7,13,1.0,0.5,0.5,24.5,29.2,21.9,93,74,1.4,3.8,北北東,6.9,北東,北東,2.3,0,0
2026,7,14,0.0,0.0,0.0,26.9,31.3,22.8,82,58,1.6,4.8,西南西,8.2,南西,西南西,1.9,0,0
2026,7,15,14.0,8.0,2.5,27.7,31.9,23.4,81,60,2.0,4.3,南,8.5,東南東,南東,3.8,0,0
2026,7,16,2.5,1.5,0.5,26.4,31.3,22.0,84,62,1.8,4.9,北,8.1,北,北東,9.9,0,0
2026,7,17,0.0,0.0,0.0,26.0,33.5,21.5,88,63,1.3,4.8,東,10.4,東,北東,5.1,0,0
2026,7,18,6.5,2.5,1.0,24.5,27.2,22.6,97,86,1.1,2.7,北東,4.3,東北東,北東,0.2,0,0
2026,7,19,2.5,1.5,1.5,27.1,31.5,23.5,88,70,1.9,6.0,南南西,11.9,南西,南南西,2.4,0,0
2026,7,20,0.0,0.0,0.0,25.0,28.8,23.3,93,78,1.7,4.2,北,7.1,北,北東,0.9,0,0
2026,7,21,0.0,0.0,0.0,24.8,28.1,23.0,96,83,1.3,3.8,北,6.1,北,北,0.0,0,0
2026,7,22,11.0,11.0,4.0,25.6,30.7,23.2,94,68,1.6,5.2,西南西,11.3,南西,東北東,0.8,0,0
2026,7,23,3.0,1.5,1.0,23.8,26.9,22.0,97,80,1.2,2.7,北,5.2,北北東,北東,0.1,0,0
2026,7,24,0.5,0.5,0.5,24.1,29.7,21.6,93,71,1.6,3.9,北,7.4,北,北東,2.3,0,0
2026,7,25,2.0,1.0,0.5,22.8,27.2,19.1,90,68,1.4,3.1,東北東,6.2,北東,北東,0.5,0,0
2026,7,26,0.5,0.5,0.5,22.3,28.0,19.0,87,62,1.6,4.1,東北東,7.4,東,北東,3.2,0,0
2026,7,27,3.5,2.5,1.5,22.8,28.9,19.4,89,62,1.1,3.5,北,5.9,北,西南西,3.8,0,0
2026,7,28,0.0,0.0,0.0,23.7,29.1,19.7,91,64,1.4,3.5,北東,6.2,北東,北東,4.5,0,0
2026,7,29,44.5,22.0,9.0,22.7,26.6,20.4,95,77,1.5,5.3,北北西,8.6,北北西,北北東,0.0,0,0
2026,7,30,3.0,12.5,2.5,24.0,28.7,20.7,92,74,1.3,4.2,北,6.9,北,北,2.8,0,0
2026,7,31,5.0,1.0,0.5,22.8,25.6,20.7,96,79,1.0 ),2.9 ),北 ),5.6 ),北 ),北北西 ),0.5,0,0
2026,8,1,19.0,4.5,1.5,21.2,23.9,20.0,99,85,1.2,2.7,東,5.4,北北東,北東,0.0,0,0
2026,8,2,0.5,0.5,0.5,22.5,27.4,18.2,78,57,2.3,4.9,東南東,9.2,東,東南東,6.7,0,0
2026,8,3,0.0,0.0,0.0,22.5,30.1,16.5,78,48,1.9,5.1,北,8.4,北北東,北北東,13.0,0,0
2026,8,4,0.0,0.0,0.0,22.6,29.8,16.3,80,49,1.7,3.5,北東,6.6,北東,北東,13.3,0,0
2026,8,5,0.0,0.0,0.0,23.7,29.9,20.1,84,54,1.5,3.4,北東,6.2,北,西南西,10.2,0,0
2026,8,6,0.0,0.0,0.0,25.6,31.9,19.0,84,59,1.6,3.9,北,6.2,北北東,北,12.4,0,0
2026,8,7,0.0,0.0,0.0,26.5,32.1,21.0,82,60,1.8,4.3,北,7.2,北,北北東,13.2,0,0
2026,8,8,0.0,0.0,0.0,26.7,32.6,22.7,83,59,2.1,6.4,北北西,11.0,北北西,北北東,10.2,0,0
2026,8,9,0.0,0.0,0.0,24.2,29.2,19.9,85,66,1.8,4.5,北北東,8.1,北北東,北北東,3.5,0,0
2026,8,10,0.0,0.0,0.0,22.7,28.6,17.7,79,55,2.0,4.6,北北東,8.5,北,北北東,6.7,0,0
2026,8,11,0.0,0.0,0.0,21.8,25.8,17.1,90,71,2.5,5.6,北北東,10.1,北東,北北東,0.7,0,0
2026,8,12,0.0,0.0,0.0,26.0,31.4,21.4,80,54,2.4,5.7,東,11.9,東,東,7.1,0,0
2026,8,13,0.0,0.0,0.0,26.6,33.6,21.3,79,50,2.0,5.0,東,9.4,南東,東南東,8.1,0,0
2026,8,14,2.5,2.5,2.0,25.9,33.7,20.8,85,50,1.6,3.9,北北東,7.0,北東,南西,7.5,0,0
2026,8,15,6.5,3.0,2.5,25.3,32.2,22.5,92,62,1.3,3.5,北東,6.0,東北東,北東,6.5,0,0
2026,8,16,0.0,0.0,0.0,25.4,31.5,21.4,84,54,1.4,3.7,北,6.1,北北東,北北東,9.7,0,0
2026,8,17,0.0,0.0,0.0,24.4,29.9,21.8,89,55,1.0,3.0,北東,5.4,北東,北東,1.1,0,0
2026,8,18,0.0,0.0,0.0,25.8,32.4,22.1,90,56,1.2,4.1,北北西,6.9,北北西,西南西,4.1,0,0
2026,8,19,0.0,0.0,0.0,27.5,33.3,22.5,78,49,1.4,3.7,西南西,8.5,西南西,西南西,4.9,0,0
2026,8,20,5.0,5.0,2.5,26.9,32.8,23.4,87,52,1.5,3.5,北,7.1,西北西,西,6.4,0,0
2026,8,21,0.0,0.0,0.0,25.4,31.3,21.4,79,46,1.9,5.0,北,8.3,北,北,11.7,0,0
2026,8,22,0.0,0.0,0.0,24.8,30.9,20.0,78,43,1.7,4.2,北,7.0,北北東,南西,12.1,0,0
2026,8,23,0.0,0.0,0.0,24.4,30.3,19.4,85,57,1.6,4.2,北,7.0,北,南西,6.0,0,0
2026,8,24,2.5,2.5,1.5,26.8,31.1,21.9,81,58,1.4,4.1,南南西,7.8,西南西,西南西,3.9,0,0
2026,8,25,29.5,15.5,6.5,26.2,33.0,22.4,91,52,1.7,5.6,西南西,13.2,西南西,南西,4.3,0,0
2026,8,26,0.5,0.5,0.5,23.8,28.2,20.6,88,66,1.5,5.6,北,9.3,北,北,4.0,0,0
2026,8,27,9.0,8.5,5.0,23.2,28.5,20.2,92,62,1.3,4.0,南東,7.4,東南東,南西,1.2,0,0
2026,8,28,3.0,3.0,3.0,22.5,27.3,19.3,80,48,2.3,5.7,北北西,11.3,北西,南西,7.0,0,0
2026,8,29,0.0,0.0,0.0,21.5,26.9,18.3,78,43,1.5,3.7,北東,7.0,北東,北北東,6.7,0,0
2026,8,30,1.0,0.5,0.5,20.7,25.2,18.0,84,63,1.7,3.8,東南東,7.7,南東,東南東,0.4,0,0
2026,8,31,0.0,0.0,0.0,22.4,28.3,18.0,82,57,1.4,3.8,北東,6.9,北東,北北東,5.0,0,0
